feature,split,n,episodes,edge,ep_edge,P_pos,wk_neg_frac,n_weeks,streak_hits,pnl
offset_pct,< -0.1109,312,220,-0.027740384615384618,-0.01258768762626263,0.32033333333333336,0.4444444444444444,9,2,-640.53
offset_pct,< -0.0878,465,280,-0.009731182795698921,0.0009296546626984083,0.514,0.5555555555555556,9,3,-454.75000000000006
tau_minutes,>= 13.47,156,96,-0.03673076923076925,-0.046218359375,0.12233333333333334,0.5555555555555556,9,0,-714.6599999999999
z_score,>= 0.1218,761,321,-0.013495400788436267,-0.012119794212666029,0.27466666666666667,0.42857142857142855,7,3,6.059999999999945
z_score,>= 0.1798,654,295,-0.019258409785932726,-0.01894329206573402,0.199,0.42857142857142855,7,3,-158.09999999999997
z_score,< 0.6851,978,349,-0.0065920245398772975,-0.015178036340962332,0.221,0.2857142857142857,7,3,413.5500000000002
body_5m,>= 0.5661,652,293,-0.017618098159509203,-0.007541495033136503,0.37033333333333335,0.5714285714285714,7,3,-378.27000000000015
body_5m,>= 0.7619,544,259,-0.017871323529411766,-0.0073638129812701285,0.37866666666666665,0.5714285714285714,7,3,-657.7400000000001
body_5m,>= 1,437,226,-0.026514874141876425,-0.024414251144823717,0.168,0.5714285714285714,7,3,-1014.0199999999998
body_5m,>= 1,437,226,-0.026514874141876425,-0.024771055007725817,0.17866666666666667,0.5714285714285714,7,3,-1014.0199999999998
body_5m,>= 1,437,226,-0.026514874141876425,-0.02414595696727069,0.177,0.5714285714285714,7,3,-1014.0199999999998
body_5m,>= 1,437,226,-0.026514874141876425,-0.02440742477524934,0.187,0.5714285714285714,7,3,-1014.0199999999998
body_15m,>= 0.5368,934,417,-0.009684154175588863,-0.011985756585208023,0.262,0.5555555555555556,9,3,-450.5999999999998
body_15m,>= 0.6489,779,384,-0.015288831835686776,-0.02002421041406751,0.16,0.5555555555555556,9,2,-447.5099999999998
body_15m,>= 0.7391,624,338,-0.01386939102564103,-0.019106372945430636,0.18366666666666667,0.6666666666666666,9,2,-481.1700000000001
bp_15m,< 0.1818,346,218,-0.011219653179190754,-0.023644410295616713,0.20033333333333334,0.5,8,1,-292.4199999999999
bp_15m,>= 0.65,463,255,-0.009557235421166307,-0.0009308828820417067,0.488,0.625,8,2,65.39999999999995
upper_wick_15m,< 0.2773,808,351,-0.011735148514851485,-0.011647692982257797,0.2793333333333333,0.5,8,3,130.06
upper_wick_15m,< 0.4081,924,366,-0.007361471861471862,-0.006394887092365235,0.36333333333333334,0.375,8,3,414.27000000000004
lower_wick_15m,>= 0.4,233,157,-0.0052360515021459275,-0.002739938075017694,0.4663333333333333,0.625,8,0,-2.229999999999876
lower_wick_15m,>= 0.5652,118,93,-0.031864406779661014,-0.031535958781362006,0.262,0.625,8,0,-132.7100000000001
atr_ratio_15m,>= 0.002975,808,308,-0.005352722772277228,-0.0007560043405217931,0.489,0.375,8,4,-262.65000000000015
atr_ratio_15m,>= 0.004844,347,144,-0.010806916426512974,-0.0007279850498841511,0.49233333333333335,0.5,8,0,-655.75
atr_ratio_15m,>= 0.005826,231,101,-0.014264069264069259,0.0033621195911257788,0.534,0.5714285714285714,7,0,-550.5300000000001
range_ratio_15m,< 0.3153,115,89,-0.015756521739130447,-0.01393397565543072,0.37966666666666665,0.5,8,1,-321.0300000000001
range_ratio_15m,>= 1.327,231,161,-0.01982683982683983,-0.017980929089026914,0.30266666666666664,0.625,8,0,-60.379999999999924
range_ratio_15m,>= 1.79,116,94,-0.081551724137931,-0.07628491430260048,0.050666666666666665,0.625,8,0,-495.01
consec_dir_15m,< -3,48,40,-0.11885416666666666,-0.12317981249999999,0.059,0.625,8,0,-285.21000000000004
consec_dir_15m,< -2,117,97,-0.05974358974358974,-0.08201920389461627,0.039,0.5,8,0,-310.58000000000004
consec_dir_15m,< -1,267,194,-0.020149812734082395,-0.03116345733104238,0.153,0.5,8,2,-283.1500000000001
consec_dir_15m,< -1,267,194,-0.020149812734082395,-0.03193015879152348,0.149,0.5,8,2,-283.1500000000001
stoch_k_5m,< 16.67,309,198,-0.026294498381877016,-0.03380676108305275,0.13166666666666665,0.4444444444444444,9,0,240.4300000000001
stoch_k_5m,< 27.25,467,264,-0.008040685224839396,-0.03319693016474267,0.09,0.4444444444444444,9,0,655.9499999999996
stoch_k_5m,< 38.36,623,319,-0.016228731942215083,-0.04463882923902406,0.019333333333333334,0.5555555555555556,9,0,220.14999999999975
stoch_k_5m,< 52.08,778,354,-0.008223007712082259,-0.028342303126774878,0.07966666666666666,0.3333333333333333,9,0,135.03999999999985
stoch_k_15m,< 10.93,156,106,-0.11041666666666668,-0.11647754716981133,0.0033333333333333335,0.6666666666666666,9,0,-395.0400000000001
stoch_k_15m,< 20.69,312,168,-0.0864423076923077,-0.09454624255093451,0.001,0.7777777777777778,9,0,-998.55
stoch_k_15m,< 30.18,467,217,-0.04190578158458244,-0.051008336361964134,0.024666666666666667,0.7777777777777778,9,1,-447.98000000000025
stoch_k_15m,< 40.81,623,266,-0.026809791332263244,-0.05007362044335279,0.019666666666666666,0.5555555555555556,9,1,-438.88
stoch_k_15m,< 51.75,777,311,-0.00914736164736165,-0.039175966193522135,0.027,0.4444444444444444,9,1,-141.34000000000026
chg_1m,< -0.07712,156,124,-0.03676282051282051,-0.00652139112903226,0.43233333333333335,0.4444444444444444,9,0,-230.18
chg_1m,< -0.01386,312,211,-0.02974519230769231,-0.022229053185887304,0.22233333333333333,0.4444444444444444,9,0,-599.2500000000001
chg_1m,< 0,337,226,-0.018755192878338278,-0.019400698869223205,0.239,0.5555555555555556,9,0,-283.1800000000001
chg_1m,< 0,337,226,-0.018755192878338278,-0.019539084193706983,0.23966666666666667,0.5555555555555556,9,0,-283.1800000000001
chg_1m,< 0,337,226,-0.018755192878338278,-0.01903864675516224,0.24033333333333334,0.5555555555555556,9,0,-283.1800000000001
chg_1m,< 0,337,226,-0.018755192878338278,-0.018174365781710913,0.26166666666666666,0.5555555555555556,9,0,-283.1800000000001
chg_1m,< 0,337,226,-0.018755192878338278,-0.018656532325467063,0.24866666666666667,0.5555555555555556,9,0,-283.1800000000001
chg_1m,< 0,337,226,-0.018755192878338278,-0.018257516838741394,0.254,0.5555555555555556,9,0,-283.1800000000001
chg_15m,< -0.3189,156,121,-0.08128205128205128,-0.04057401515151515,0.154,0.6666666666666666,9,0,-594.49
chg_15m,< -0.1898,312,219,-0.02759615384615384,-0.008857407914764076,0.39066666666666666,0.5555555555555556,9,1,-259.97
vwap_dist,< -0.4875,156,104,-0.07182692307692307,-0.09707698130341881,0.008333333333333333,0.6666666666666666,9,0,-368.2299999999999
vwap_dist,< -0.2925,312,184,-0.03491987179487179,-0.0613349862620773,0.016,0.5555555555555556,9,0,204.04999999999984
vwap_dist,< -0.1585,467,255,-0.025107066381156312,-0.0531791674291939,0.017666666666666667,0.4444444444444444,9,0,111.37999999999988
vwap_dist,< -0.07212,623,311,-0.015216693418940613,-0.048349776475311045,0.015,0.5555555555555556,9,1,515.1099999999997
vwap_dist,< 0.08786,934,389,-0.0051129550321199115,-0.019002586437424807,0.15733333333333333,0.3333333333333333,9,1,552.85
ema20_dist_1h,< -1.186,218,88,-0.010894495412844027,-0.03405564637445887,0.18133333333333335,0.7142857142857143,7,0,-165.92999999999992
ema20_dist_1h,< -0.8073,325,118,-0.03452307692307692,-0.053280038582964435,0.05633333333333333,0.5714285714285714,7,0,-982.19
ema20_dist_1h,< -0.4244,434,156,-0.012546082949308751,-0.02668286907845241,0.169,0.5714285714285714,7,0,-212.76999999999998
ema20_dist_1h,< -0.0076,543,193,-0.01535359116022099,-0.028068858867480628,0.131,0.42857142857142855,7,2,-358.66999999999985
ema20_dist_1h,< 0.3959,652,233,-0.008799079754601227,-0.025763553868183162,0.15233333333333332,0.42857142857142855,7,2,106.79000000000013
ema20_dist_1h,>= 1.177,219,86,-0.007009132420091331,0.01769291346885242,0.688,0.5,6,0,134.02999999999997
nearest_res_dist_pct,< 0.2072,116,81,-0.013879310344827579,-0.04259655692729767,0.18933333333333333,0.5,8,0,539.82
nearest_res_dist_pct,< 1.202,462,205,-0.006385281385281388,-0.039272669799622247,0.06533333333333333,0.625,8,1,398.72
nearest_res_dist_pct,< 999,575,238,-0.009513043478260874,-0.036857408701611964,0.06433333333333334,0.375,8,1,587.8799999999999
nearest_res_dist_pct,< 999,575,238,-0.009513043478260874,-0.03676470480085974,0.06633333333333333,0.375,8,1,587.8799999999999
nearest_res_dist_pct,< 999,575,238,-0.009513043478260874,-0.03658099231283423,0.06933333333333333,0.375,8,1,587.8799999999999
nearest_res_dist_pct,< 999,575,238,-0.009513043478260874,-0.036829652734831304,0.066,0.375,8,1,587.8799999999999
nearest_res_dist_pct,< 999,575,238,-0.009513043478260874,-0.03703804141580875,0.07033333333333333,0.375,8,1,587.8799999999999
composite_p_up,>= 0.5135,272,100,-0.008726102941176471,0.0053804074404761905,0.5596666666666666,0.8,5,0,12.25
composite_p_up,>= 0.5327,193,83,-0.016458549222797925,0.0005927650219927327,0.506,0.6,5,0,99.34999999999994
composite_p_up,>= 0.5851,101,58,-0.07213366336633661,-0.0717393596743295,0.086,0.8,5,0,-270.79
bp_1h,< 0.0435,149,72,-0.006812080536912754,0.014223307153880066,0.6283333333333333,0.6666666666666666,9,0,369.43000000000006
bp_1h,< 0.1806,299,156,-0.007070234113712377,0.0035093425925925904,0.551,0.6666666666666666,9,0,222.06999999999994
bp_1h,< 0.3236,449,215,-0.03740311804008908,-0.03296148546763314,0.099,0.7777777777777778,9,0,-546.22
bp_1h,< 0.4645,598,271,-0.030449832775919727,-0.03331499442919849,0.06866666666666667,0.5555555555555556,9,0,-624.62
bp_1h,< 0.5882,745,321,-0.01348859060402685,-0.020255295855985178,0.17066666666666666,0.4444444444444444,9,0,-274.44999999999993
bp_1h,< 0.7297,896,363,-0.008202008928571428,-0.008643556723156748,0.328,0.4444444444444444,9,0,100.78999999999985
bp_1h,< 0.8,1043,399,-0.007007670182166824,-0.008379785800577542,0.3233333333333333,0.3333333333333333,9,0,51.17999999999995
chg_1h,< -0.7724,150,82,-0.05446666666666669,-0.07657946677137227,0.025666666666666667,0.5555555555555556,9,0,-297.62000000000006
chg_1h,< -0.4111,298,146,-0.03491610738255033,-0.045444315340291364,0.06833333333333333,0.4444444444444444,9,0,-300.68999999999994
chg_1h,< -0.2284,446,205,-0.03663677130044842,-0.04670853529639499,0.035,0.6666666666666666,9,0,-483.0399999999996
chg_1h,< -0.07288,598,264,-0.03156354515050167,-0.03775922984391759,0.050666666666666665,0.6666666666666666,9,0,-668.47
chg_1h,< 0.2026,897,354,-0.0070635451505016746,-0.011668771288867084,0.2846666666666667,0.4444444444444444,9,0,159.0899999999998
chg_1h,>= 0.9647,152,64,-0.00796052631578947,0.002634091145833331,0.5186666666666667,0.4444444444444444,9,0,-714.9800000000001
consec_dir_1h,< 1,669,295,-0.026203288490284003,-0.0334146291609299,0.06066666666666667,0.6666666666666666,9,0,-375.74999999999994
consec_dir_1h,< 1,669,295,-0.026203288490284003,-0.033764804391982775,0.063,0.6666666666666666,9,0,-375.74999999999994
consec_dir_1h,< 1,669,295,-0.026203288490284003,-0.03360013064694804,0.067,0.6666666666666666,9,0,-375.74999999999994
stoch_k_1h,< 11.72,150,67,-0.012399999999999996,-0.0426139910839575,0.19433333333333333,0.5555555555555556,9,0,65.69
rsi_1h,< 50.21,577,203,-0.00916811091854419,-0.00804295060296846,0.38333333333333336,0.5,8,0,-372.5099999999999
rsi_1h,< 54.58,690,248,-0.006543478260869565,-0.01233109669103671,0.29533333333333334,0.5,8,2,-311.33
rsi_1h,< 59.96,808,293,-0.006147277227722771,-0.01581863603038347,0.21833333333333332,0.625,8,2,-308.96
macd_hist_1h,>= 0.04179,137,58,-0.006532846715328477,0.014820023467432948,0.63,0.3333333333333333,3,4,281.46000000000004
bb_pct_1h,< 0.1008,109,52,-0.04692660550458717,-0.09149288606532356,0.03233333333333333,0.7142857142857143,7,0,-618.06
bb_pct_1h,< 0.2737,326,121,-0.01056748466257669,-0.022183321226332587,0.237,0.2857142857142857,7,0,-25.939999999999884
bb_pct_1h,< 0.3774,435,151,-0.021816091954022985,-0.04699489257005564,0.052333333333333336,0.5714285714285714,7,0,-310.2599999999999
bb_pct_1h,< 0.4872,543,193,-0.010979742173112338,-0.0224360606979616,0.19766666666666666,0.42857142857142855,7,0,5.270000000000209
bb_pct_1h,< 0.6435,652,235,-0.015562883435582823,-0.03192578787111234,0.08333333333333333,0.5714285714285714,7,2,-401.00999999999993
bb_pct_1h,< 0.7651,761,272,-0.005607095926412618,-0.021578256695323334,0.16066666666666668,0.42857142857142855,7,2,22.47999999999996
bb_pct_1h,< 0.8475,869,310,-0.007499424626006904,-0.019603538994398675,0.17,0.42857142857142855,7,2,-169.02999999999986
mu6h,< -0.003463,109,54,-0.0960091743119266,-0.08068579063786009,0.056,0.5714285714285714,7,0,-1038.4299999999998
mu6h,< -0.002507,217,82,-0.0338479262672811,-0.05572379742547425,0.08033333333333334,0.5714285714285714,7,0,-761.4000000000001
mu6h,< -0.001587,325,116,-0.019953846153846162,-0.03401175260734635,0.153,0.42857142857142855,7,0,-501.04999999999995
mu6h,< 0.0001033,542,202,-0.005898523985239846,-0.01582245728888365,0.27166666666666667,0.42857142857142855,7,0,334.01
mu6h,< 0.0008301,652,237,-0.00655981595092025,-0.024895118759170973,0.14433333333333334,0.2857142857142857,7,2,235.01999999999998
mu6h,>= 0.001446,326,129,-0.005352760736196318,-0.020098425319082302,0.264,0.42857142857142855,7,0,-97.94999999999996
mu12h,< -0.002509,107,54,-0.020046728971962625,-0.06402074974279835,0.12133333333333333,0.5714285714285714,7,0,-144.34999999999997
mu12h,< -0.001347,325,118,-0.012461538461538458,-0.04314855591469892,0.09933333333333333,0.5714285714285714,7,0,-273.1500000000001
mu12h,>= 0.001579,219,78,-0.029109589041095885,-0.01444198416090083,0.3576666666666667,0.7142857142857143,7,0,23.41999999999993
mu24h,< -0.001533,217,78,-0.008986175115207374,-0.03865079534354535,0.15233333333333332,0.5,6,0,-125.83999999999992
mu24h,< -0.000461,435,152,-0.012172413793103447,-0.029858066757012476,0.13833333333333334,0.5714285714285714,7,2,-553.6300000000001
mu24h,< -0.0001504,542,186,-0.008016605166051663,-0.028205619943999647,0.14366666666666666,0.7142857142857143,7,4,-55.049999999999926
mu24h,< 0.0001485,651,224,-0.006182795698924735,-0.02470748883633314,0.15,0.7142857142857143,7,4,-246.18000000000023
mu24h,>= 0.001112,218,83,-0.030045871559633036,-0.0018700220086695998,0.491,0.5,6,0,-378.17
mu24h,>= 0.001947,109,43,-0.010504587155963306,-0.009674373169681314,0.43333333333333335,0.5,4,0,-26.250000000000025
regime_z,< -0.08454,435,154,-0.01418390804597701,-0.03242993136451091,0.12766666666666668,0.42857142857142855,7,0,38.70000000000003
regime_z,< 0.0062,543,198,-0.02041804788213628,-0.03841576965269579,0.06466666666666666,0.2857142857142857,7,2,-237.5300000000001
regime_z,< 0.0892,651,237,-0.011339477726574496,-0.02699858195248649,0.14033333333333334,0.2857142857142857,7,2,-26.330000000000155
regime_z,< 0.2709,869,307,-0.01442117376294591,-0.02654609758316843,0.094,0.42857142857142855,7,4,-342.7800000000001
regime_z,< 0.3648,978,340,-0.006275051124744378,-0.013443910783960051,0.25766666666666665,0.5714285714285714,7,4,299.23
chg_4h,< -0.9937,215,78,-0.024976744186046517,-0.05150685347985349,0.109,0.5714285714285714,7,0,-996.5699999999997
chg_4h,< -0.4333,434,158,-0.029970046082949304,-0.042470420886075944,0.07633333333333334,0.7142857142857143,7,4,-1312.21
chg_4h,< -0.1091,542,197,-0.009643911439114396,-0.02240153720459368,0.19833333333333333,0.5714285714285714,7,4,-714.2300000000001
bp_4h,< 0.2056,213,87,-0.022192488262910797,-0.031944494252873566,0.21733333333333332,0.5714285714285714,7,0,-635.7700000000001
bp_4h,< 0.2885,322,118,-0.02495962732919254,-0.049231116737390036,0.07733333333333334,0.5714285714285714,7,0,-686.3400000000001
bp_4h,< 0.3472,429,158,-0.028198135198135202,-0.03409095815067492,0.12633333333333333,0.5714285714285714,7,4,-1141.4
bp_4h,< 0.4842,538,193,-0.035858736059479555,-0.04214139007830588,0.055,0.5714285714285714,7,4,-1548.1499999999996
bp_4h,< 0.6235,649,235,-0.016551617873651767,-0.019180923758353546,0.20733333333333334,0.5714285714285714,7,4,-858.31
bp_4h,< 0.7344,757,267,-0.013364597093791284,-0.018289572920213368,0.20833333333333334,0.42857142857142855,7,4,-818.5300000000001
bp_4h,< 0.8327,869,305,-0.008690448791714617,-0.013600317621176639,0.254,0.5714285714285714,7,4,-443.89000000000004
liq_score,< -1,705,328,-0.005921985815602838,-0.004604147098892525,0.411,0.4444444444444444,9,1,750.6499999999996
liq_bias,< -0.9199,753,352,-0.006003984063745021,-0.0076056309743300155,0.3526666666666667,0.5555555555555556,9,1,168.45999999999998
oi_chg_pct,< -0.1276,301,193,-0.015196013289036553,-0.02932176295336788,0.15833333333333333,0.6666666666666666,9,1,-626.91
oi_chg_pct,< -0.06685,452,253,-0.028007743362831856,-0.03715169619382228,0.08666666666666667,0.7777777777777778,9,1,-1031.38
oi_chg_pct,< -0.028,601,311,-0.01369883527454243,-0.020060698877150004,0.20333333333333334,0.6666666666666666,9,1,-1027.9799999999998
oi_chg_pct,< 0.0011,751,359,-0.006356191744340881,-0.008022310772019687,0.3466666666666667,0.4444444444444444,9,2,-891.7499999999998
ls_long_pct,< 64.18,114,45,-0.018991228070175427,-0.035557447839506165,0.26366666666666666,1.0,2,0,-623.9699999999998
ls_long_pct,< 72.4,340,140,-0.014852941176470588,-0.035957296513605436,0.12233333333333334,0.75,4,4,-554.2000000000002
fear_greed,< 11,101,32,-0.05742574257425741,-0.05093061941964286,0.19766666666666666,0.5,2,0,9.88000000000001
fear_greed,< 12,200,62,-0.029474999999999998,0.007834698207109499,0.576,0.3333333333333333,3,0,-42.949999999999974
fear_greed,< 14,344,121,-0.0349563953488372,-0.007020421466236551,0.4076666666666667,0.75,4,0,-109.97999999999993
fear_greed,< 18,457,160,-0.013413566739606128,0.0015708354989628426,0.5286666666666666,0.4,5,0,-97.21000000000001
fear_greed,< 22,535,189,-0.009373831775700933,-0.004535839287623018,0.426,0.3333333333333333,6,4,-305.5099999999998
fear_greed,< 24,678,230,-0.007271386430678468,-0.00018854256906539508,0.49766666666666665,0.42857142857142855,7,4,-602.01
z_drift_6h,< 0.068,112,50,-0.064375,-0.05864127687830687,0.121,0.5,6,0,-331.73
z_drift_6h,< 0.2307,223,93,-0.05340807174887891,-0.04782138652073733,0.11133333333333334,0.5714285714285714,7,0,-742.7599999999999
z_drift_6h,< 0.3319,335,127,-0.03661194029850747,-0.027016833687455735,0.191,0.5714285714285714,7,1,-1129.36
z_drift_6h,< 0.4268,446,162,-0.040123318385650225,-0.04974474769743288,0.039,0.7142857142857143,7,3,-1833.1100000000001
z_drift_6h,< 0.5476,558,209,-0.04562724014336918,-0.06791321529834687,0.003,0.5714285714285714,7,4,-2480.8100000000004
z_drift_6h,< 0.6514,670,251,-0.03152985074626866,-0.04969678843620228,0.018,0.5714285714285714,7,4,-1952.9899999999998
z_drift_6h,< 0.7497,781,285,-0.015813060179257363,-0.02440808411495912,0.13,0.5714285714285714,7,4,-1109.5300000000002
p_gbdt,>= 0.2114,907,326,-0.006576626240352809,-0.010838404203995846,0.292,0.5,6,2,527.3799999999997
p_gbdt,>= 0.227,839,314,-0.014064362336114416,-0.017544082878706853,0.191,0.5,6,2,323.9799999999997
p_gbdt,>= 0.2753,695,287,-0.00934532374100719,-0.011979795421864236,0.291,0.5,6,1,604.0200000000002
p_gbdt,>= 0.3116,590,260,-0.009389830508474578,-0.018987379077439654,0.212,0.5,6,1,320.30999999999983
p_gbdt,>= 0.3225,522,243,-0.011858237547892713,-0.02150164719010603,0.19633333333333333,0.5,6,1,12.050000000000182
p_gbdt,>= 0.3225,522,243,-0.011858237547892713,-0.02196867977442463,0.19066666666666668,0.5,6,1,12.050000000000182
p_gbdt,>= 0.3407,313,168,-0.00921725239616613,-0.0094068536233938,0.39166666666666666,0.6666666666666666,6,1,-199.07999999999996
p_gbdt,>= 0.3462,276,161,-0.010561594202898547,-0.010380652864044167,0.374,0.5,6,1,-378.6199999999999
p_gbdt,>= 0.376,107,79,-0.010140186915887845,-0.009767027777777782,0.404,0.5,6,0,-282.97999999999996
autocorr1_15,< -0.2884,120,43,-0.011783333333333331,0.008175343530823189,0.5593333333333333,0.6,5,0,-41.52000000000004
autocorr1_15,< -0.2088,240,81,-0.04232916666666666,-0.02542264468242092,0.26666666666666666,0.7142857142857143,7,0,-499.1300000000001
autocorr1_15,< -0.1679,358,118,-0.018684357541899437,0.0015345727722136627,0.5126666666666667,0.42857142857142855,7,0,-257.8000000000001
autocorr1_15,< -0.1129,479,159,-0.01672442588726514,-0.005828811044330697,0.418,0.7142857142857143,7,0,-169.55999999999997
autocorr1_30,< -0.2503,120,40,-0.027,0.019269479545454552,0.651,0.6666666666666666,3,0,-24.399999999999963
autocorr1_30,< -0.1559,240,80,-0.029654166666666662,-0.008941853930675803,0.4096666666666667,0.5,6,0,-162.79000000000002
autocorr1_30,< -0.1185,359,117,-0.03084122562674095,-0.00432264944623278,0.44466666666666665,0.5,6,2,-320.16999999999996
autocorr1_30,< -0.08534,479,159,-0.0060062630480167,0.008569773513058104,0.6143333333333333,0.6666666666666666,6,2,135.6599999999999
ou_theta,< 1.515,239,79,-0.005648535564853547,0.041876694535773654,0.8636666666666667,0.2857142857142857,7,0,281.4
ou_halflife,>= 0.3845,359,112,-0.010924791086350976,0.00829047195541727,0.5996666666666667,0.5714285714285714,7,0,-355.4799999999999
ou_halflife,>= 0.4258,240,80,-0.0078125,0.020867167098063973,0.701,0.5,6,0,-52.24000000000001
ou_halflife,>= 0.5202,121,38,-0.024669421487603302,-0.008780877349624055,0.44333333333333336,0.4,5,0,-142.75000000000003
ou_mu_distance,< -0.6102,238,105,-0.01776050420168067,-0.05182213539193455,0.069,0.5714285714285714,7,0,-199.32999999999993
ou_mu_distance,< -0.3162,358,153,-0.016011173184357533,-0.04301625730488274,0.07333333333333333,0.7142857142857143,7,0,-707.83
ou_mu_distance,< -0.1326,478,194,-0.012891213389121338,-0.020057947619769555,0.227,0.75,8,0,-530.8999999999999
kalman_velocity,< -0.0022,115,61,-0.006408695652173926,-0.047110030965391625,0.17133333333333334,0.375,8,0,297.18
kalman_velocity,< -0.001414,240,104,-0.04227916666666667,-0.08127075442266067,0.007333333333333333,0.625,8,0,-280.26000000000005
kalman_velocity,< -0.000672,358,154,-0.02224022346368715,-0.03804810734704809,0.10666666666666667,0.625,8,0,-236.12
kalman_velocity,< -0.0002174,479,195,-0.012144050104384125,-0.02598716674297924,0.156,0.625,8,0,26.980000000000175
kalman_velocity,>= 0.002993,120,53,-0.0253625,-0.010212604559748432,0.42433333333333334,0.5,8,2,-754.53
kalman_residual,< -0.003238,119,71,-0.06972268907563026,-0.030490543427230052,0.26466666666666666,0.5,8,0,-369.7700000000001
kalman_residual,< -0.002062,239,120,-0.018146443514644343,-0.025052744675925918,0.22366666666666668,0.5,8,0,142.32999999999998
kalman_residual,< -0.000599,477,208,-0.016031446540880505,-0.021180896963713367,0.20266666666666666,0.625,8,0,-42.79000000000008
cvd_4h,>= 2.779e+04,155,62,-0.02332580645161292,-0.044632444092421904,0.15233333333333332,0.6666666666666666,9,0,-356.75000000000006
cg_futures_delta_4h,>= -1.334e+07,938,315,-0.008011727078891254,-0.0003159483355856359,0.48966666666666664,0.5555555555555556,9,4,471.1399999999997
cg_futures_delta_4h,>= -5.252e+06,780,273,-0.018570512820512818,-0.005733939612063419,0.39766666666666667,0.5555555555555556,9,4,-298.7299999999999
cg_futures_delta_4h,>= 9.306e+05,628,221,-0.021129777070063693,-0.01788470962370962,0.22966666666666666,0.6666666666666666,9,0,-569.74
cg_futures_delta_4h,>= 8.419e+06,469,164,-0.01688592750533048,-0.011633600784632032,0.3403333333333333,0.6666666666666666,9,0,-452.7800000000001
cg_futures_delta_4h,>= 2.019e+07,315,115,-0.04849047619047619,-0.06143300781370519,0.030666666666666665,0.7777777777777778,9,0,-1021.1199999999999
cg_futures_delta_4h,>= 4.112e+07,156,58,-0.07429487179487179,-0.0804049603617309,0.028666666666666667,0.8888888888888888,9,0,-616.1799999999998
cg_futures_ratio_4h,>= 0.951,936,326,-0.013862179487179485,-0.0026935895103901994,0.448,0.6666666666666666,9,4,-60.23000000000002
cg_futures_ratio_4h,>= 0.9786,782,276,-0.01688618925831202,-0.0075476513424444554,0.359,0.5555555555555556,9,4,-189.07000000000005
cg_futures_ratio_4h,>= 1.003,626,219,-0.021836261980830666,-0.016457357447326054,0.24566666666666667,0.6666666666666666,9,0,-597.4499999999998
cg_futures_ratio_4h,>= 1.043,467,167,-0.02926017130620985,-0.035407103339137026,0.101,0.6666666666666666,9,0,-746.1000000000001
cg_futures_ratio_4h,>= 1.084,315,103,-0.03263809523809524,-0.06462724324611183,0.018333333333333333,0.6666666666666666,9,0,-713.59
cg_futures_ratio_4h,>= 1.141,157,53,-0.02621656050955414,-0.05413253334038018,0.12,0.7777777777777778,9,0,-185.60999999999996
cg_futures_cvd_12h,>= 3.177e+07,312,101,-0.005157051282051274,0.013169972365093657,0.6416666666666667,0.5555555555555556,9,0,286.03000000000026
cg_futures_cvd_12h,>= 6.28e+07,159,51,-0.04323270440251572,-0.03605189074215545,0.229,0.625,8,0,-520.79
r_chg_5m,< -0.1819,155,128,-0.038032258064516135,-0.04407868706597222,0.135,0.7777777777777778,9,0,-132.29999999999995
r_chg_5m,< -0.1094,312,210,-0.013317307692307696,-0.027830140740740736,0.16833333333333333,0.6666666666666666,9,0,373.81
r_chg_5m,< -0.05804,467,284,-0.015663811563169164,-0.0244955653597511,0.169,0.5555555555555556,9,0,164.60000000000002
r_bb_pctb_5m,< 0.1156,156,114,-0.05727884615384616,-0.10019044590643277,0.006333333333333333,0.4444444444444444,9,0,-86.0200000000001
r_bb_pctb_5m,< 0.2173,312,176,-0.04006570512820513,-0.05946339666756853,0.023666666666666666,0.6666666666666666,9,0,57.86000000000007
r_bb_pctb_5m,< 0.3133,467,237,-0.017838329764453965,-0.0406749321553388,0.057,0.5555555555555556,9,0,537.6699999999995
r_bb_pctb_5m,< 0.4258,623,288,-0.01815008025682183,-0.04685732483878968,0.016666666666666666,0.5555555555555556,9,0,364.0300000000002
r_bb_pctb_5m,< 0.5363,778,335,-0.0077795629820051415,-0.029302644148306085,0.07233333333333333,0.4444444444444444,9,0,595.3999999999999
r_bb_width_5m,>= 0.008802,934,360,-0.0118110278372591,-0.011151131168914679,0.289,0.5555555555555556,9,4,-639.2299999999999
r_bb_width_5m,>= 0.01042,779,322,-0.016247111681643132,-0.004342282980462719,0.4076666666666667,0.4444444444444444,9,3,-1090.2200000000003
r_bb_width_5m,>= 0.01898,312,138,-0.01603365384615384,-0.020834980495953326,0.25566666666666665,0.6666666666666666,9,0,-930.7
r_bb_width_5m,>= 0.02519,156,79,-0.025705128205128203,-0.03191762432188065,0.24566666666666667,0.6666666666666666,9,0,-496.44000000000005
r_rsi_5m,< 29.93,156,109,-0.06144551282051282,-0.08258365290519878,0.018666666666666668,0.6666666666666666,9,0,-15.479999999999947
r_rsi_5m,< 36.37,312,180,-0.03625160256410257,-0.05771873129409172,0.023666666666666666,0.6666666666666666,9,0,-57.06000000000006
r_rsi_5m,< 41.09,467,236,-0.01452997858672377,-0.03652586682808717,0.07933333333333334,0.4444444444444444,9,0,487.56
r_rsi_5m,< 46,623,295,-0.013142054574638838,-0.03641003026634383,0.057,0.5555555555555556,9,0,408.28
r_stoch_5m,< 5.155,156,111,-0.010737179487179485,-0.03181359134134134,0.20866666666666667,0.5555555555555556,9,0,182.65999999999985
r_stoch_5m,< 17.18,312,194,-0.03373397435897436,-0.0458110891834397,0.058,0.6666666666666666,9,0,56.48000000000002
r_stoch_5m,< 29.12,467,252,-0.034497858672376876,-0.06347150884668683,0.009333333333333334,0.6666666666666666,9,0,-185.86999999999972
r_stoch_5m,< 41.44,623,304,-0.011766452648475121,-0.035283065385646885,0.058333333333333334,0.3333333333333333,9,0,319.6500000000002
r_stoch_5m,< 54.17,777,354,-0.005222007722007719,-0.02065854899224285,0.16166666666666665,0.3333333333333333,9,0,613.2399999999999
r_donch_5m,< 0.08858,156,106,-0.06282051282051282,-0.06174783071278824,0.056,0.8888888888888888,9,0,-298.0
r_donch_5m,< 0.1972,312,182,-0.05392628205128204,-0.07856504884004883,0.0036666666666666666,0.7777777777777778,9,0,-185.96999999999986
r_donch_5m,< 0.298,467,239,-0.05157494646680942,-0.0802765441353161,0.0013333333333333333,0.6666666666666666,9,0,-765.6800000000001
r_donch_5m,< 0.4149,623,287,-0.02482423756019261,-0.04371374670340306,0.028,0.5555555555555556,9,0,67.97000000000001
r_donch_5m,< 0.5455,778,332,-0.012477506426735218,-0.03806677093298071,0.03766666666666667,0.4444444444444444,9,0,332.54999999999984
r_kc_pctb_5m,< -0.07666,156,103,-0.008365384615384608,-0.04486007173678532,0.15266666666666667,0.5555555555555556,9,0,391.11
r_kc_pctb_5m,< 0.126,312,177,-0.022597756410256402,-0.05066263276836158,0.05466666666666667,0.5555555555555556,9,0,266.53000000000003
r_kc_pctb_5m,< 0.259,467,249,-0.02802034261241969,-0.05017625498501944,0.025666666666666667,0.4444444444444444,9,0,275.4900000000003
r_kc_pctb_5m,< 0.4061,623,306,-0.007376404494382022,-0.030079210882871667,0.08766666666666667,0.3333333333333333,9,0,698.1299999999999
r_kc_pctb_5m,< 0.5321,778,363,-0.010157455012853468,-0.03710909536563325,0.03,0.5555555555555556,9,0,32.02000000000015
r_kc_pctb_5m,>= 1.107,156,108,-0.015131410256410262,0.01666104886831276,0.6646666666666666,0.5555555555555556,9,2,-510.89
r_chg_15m,< -0.3559,156,127,-0.048881410256410254,-0.03391760126859142,0.179,0.6666666666666666,9,0,-509.56999999999994
r_chg_15m,< -0.2156,312,218,-0.03870192307692307,-0.026939394113149846,0.18033333333333335,0.5555555555555556,9,1,-344.2400000000001
r_chg_15m,< -0.1272,467,293,-0.03355460385438972,-0.03845087220326128,0.06066666666666667,0.7777777777777778,9,1,-674.8700000000001
r_chg_15m,< -0.0556,623,334,-0.010794542536115573,-0.024780353765556904,0.119,0.4444444444444444,9,1,53.40000000000009
r_bb_pctb_15m,< 0.09184,156,88,-0.04892628205128205,-0.07169402601911977,0.027333333333333334,0.5555555555555556,9,0,-284.47
r_bb_pctb_15m,< 0.206,312,143,-0.03115865384615385,-0.050880240564990575,0.03766666666666667,0.6666666666666666,9,0,-325.9
r_bb_pctb_15m,< 0.3078,467,200,-0.04219807280513919,-0.06498134590686275,0.006,0.6666666666666666,9,0,-736.4100000000002
r_bb_pctb_15m,< 0.4027,623,250,-0.02079293739967897,-0.05422903108127493,0.011,0.5555555555555556,9,1,-386.2900000000001
r_bb_pctb_15m,< 0.5004,778,302,-0.0056606683804627245,-0.02562882645455188,0.12166666666666667,0.3333333333333333,9,1,219.7199999999998
r_bb_width_15m,>= 0.03229,312,128,-0.009759615384615391,-0.018421409625685878,0.28833333333333333,0.6666666666666666,9,0,-551.91
r_rsi_15m,< 30.96,156,84,-0.07078525641025639,-0.10862421866096865,0.002,0.5555555555555556,9,0,-541.1199999999999
r_rsi_15m,< 37.15,312,142,-0.027748397435897427,-0.05480199554352257,0.03966666666666667,0.6666666666666666,9,0,-288.79000000000013
r_rsi_15m,< 42.25,467,204,-0.03788329764453961,-0.0639604138239892,0.004666666666666667,0.5555555555555556,9,0,-674.0000000000001
r_rsi_15m,< 46.11,623,261,-0.01574879614767255,-0.041733449331445106,0.044,0.4444444444444444,9,0,151.30999999999995
r_stoch_15m,< 11.11,156,100,-0.09185897435897435,-0.12665029722222224,0.0003333333333333333,0.6666666666666666,9,0,-584.86
r_stoch_15m,< 20.96,312,162,-0.06344711538461538,-0.0700019190560811,0.008666666666666666,0.7777777777777778,9,0,-777.6299999999999
r_stoch_15m,< 30.09,467,208,-0.04268843683083511,-0.06697111332529807,0.005666666666666667,0.7777777777777778,9,1,-727.2300000000001
r_stoch_15m,< 41.43,623,255,-0.028673354735152486,-0.05012587782415799,0.014666666666666666,0.5555555555555556,9,1,-805.5300000000002
r_stoch_15m,< 52.9,778,309,-0.005750000000000002,-0.028966235696848315,0.086,0.3333333333333333,9,1,6.7199999999998
r_donch_15m,< 0.1248,156,96,-0.04442307692307691,-0.04901944791666666,0.108,0.5555555555555556,9,0,-74.5500000000001
r_donch_15m,< 0.2165,312,155,-0.053511217948717944,-0.07808623489503329,0.007333333333333333,0.5555555555555556,9,0,-695.7600000000001
r_donch_15m,< 0.3033,467,202,-0.0397269807280514,-0.07505552009337839,0.0013333333333333333,0.5555555555555556,9,1,-937.4900000000001
r_donch_15m,< 0.4016,623,250,-0.022276886035313002,-0.047648534466230935,0.017333333333333333,0.4444444444444444,9,1,-853.58
r_kc_pctb_15m,< 0.06038,156,90,-0.07248397435897437,-0.10983940479582145,0.0016666666666666668,0.6666666666666666,9,0,-747.8
r_kc_pctb_15m,< 0.2048,312,159,-0.05770032051282051,-0.08725270432764301,0.001,0.7777777777777778,9,0,-804.9
r_kc_pctb_15m,< 0.3218,467,207,-0.03245503211991435,-0.059363139362132396,0.013,0.5555555555555556,9,0,-333.65999999999997
r_kc_pctb_15m,< 0.4203,623,271,-0.01261878009630818,-0.02471093534051587,0.138,0.4444444444444444,9,0,325.2500000000003
r_kc_pctb_15m,< 0.5177,778,316,-0.005422879177377894,-0.0231680079522667,0.136,0.4444444444444444,9,1,741.7099999999999
r_chg_1h,< -0.7621,156,84,-0.03869871794871796,-0.07170599924843675,0.042,0.5555555555555556,9,0,-113.22000000000003
r_chg_1h,< -0.4327,312,149,-0.018724358974358972,-0.04060772265304332,0.09333333333333334,0.5555555555555556,9,0,75.49999999999983
r_chg_1h,< -0.243,466,208,-0.03658154506437768,-0.050806859093316815,0.02266666666666667,0.7777777777777778,9,0,-583.8599999999999
r_chg_1h,< -0.08262,623,270,-0.020292134831460674,-0.02391641488570737,0.14266666666666666,0.6666666666666666,9,0,-309.65999999999985
r_chg_1h,< 0.07273,777,322,-0.00672715572715573,-0.016621872239837965,0.20566666666666666,0.3333333333333333,9,0,585.8900000000001
r_bb_pctb_1h,< 0.3549,623,209,-0.009076243980738358,-0.029552589531335223,0.116,0.5555555555555556,9,0,-176.28999999999996
r_bb_width_1h,>= 0.05138,467,167,-0.00522483940042827,-0.013289165968927947,0.30733333333333335,0.4444444444444444,9,0,-270.4200000000001
r_rsi_1h,< 35.63,312,119,-0.005977564102564095,-0.029269713923448164,0.198,0.4444444444444444,9,0,-179.6899999999997
r_stoch_1h,< 11.75,156,71,-0.011506410256410256,-0.039150966205351766,0.2,0.5555555555555556,9,0,47.550000000000125
r_donch_1h,< 0.2779,467,151,-0.010276231263383288,-0.024494453882087985,0.19666666666666666,0.5555555555555556,9,0,-381.15999999999985
r_donch_1h,< 0.3861,623,215,-0.010118780096308186,-0.024435579605299948,0.15166666666666667,0.4444444444444444,9,0,-359.80999999999995
r_kc_pctb_1h,< 0.2195,309,120,-0.009650485436893202,-0.022849919146825395,0.24633333333333332,0.4444444444444444,9,0,-328.57000000000005
r_chg_4h,< -0.6689,463,162,-0.011555075593952491,-0.03636646778039062,0.105,0.6666666666666666,9,4,-946.47
r_chg_4h,< -0.3326,620,218,-0.008116129032258071,-0.025317998828112934,0.157,0.6666666666666666,9,4,-695.26
r_bb_width_4h,< 0.04635,153,61,-0.009084967320261431,0.00540707604735884,0.549,0.5,4,0,-388.29
r_bb_width_4h,>= 0.13,315,116,-0.022222222222222233,-0.03002701098733642,0.19633333333333333,0.5,6,0,-601.0499999999997
r_bb_width_4h,>= 0.1621,158,54,-0.02651898734177215,-0.011020946315001865,0.41733333333333333,0.75,4,0,-259.57000000000005
r_donch_4h,< 0.1359,308,112,-0.008295454545454542,-0.02515729149112296,0.23766666666666666,0.625,8,4,-684.1600000000001
r_bb_pctb_1d,< 0.1706,301,95,-0.01101328903654485,0.007798065693273588,0.582,0.5,2,0,47.93000000000001
r_bb_width_1d,>= 0.2099,801,262,-0.005146067415730333,-0.00965327079432089,0.31866666666666665,0.25,8,4,253.7299999999999
r_bb_width_1d,>= 0.2119,624,203,-0.02637019230769231,-0.03151545036365295,0.09033333333333333,0.5,6,4,-437.87000000000035
r_bb_width_1d,>= 0.2516,474,161,-0.039314345991561174,-0.04724999284063648,0.041666666666666664,0.5,4,4,-1023.1599999999999
r_bb_width_1d,>= 0.3467,337,106,-0.0629080118694362,-0.08703540807672412,0.0033333333333333335,1.0,2,0,-1203.84
r_bb_width_1d,>= 0.4311,158,48,-0.04981012658227848,-0.06634340647045854,0.07633333333333334,0.5,2,0,-425.94
r_rsi_1d,< 13.47,129,42,-0.01531007751937985,0.0270661298300465,0.689,0.5,2,0,-97.67999999999995
r_rsi_1d,< 35.31,435,126,-0.008360919540229887,0.001930729287393971,0.53,0.75,4,0,46.790000000000134
r_kc_pctb_1d,< -0.1752,129,42,-0.01531007751937985,0.024377334826438998,0.6806666666666666,0.5,2,0,-97.67999999999995
r_kc_pctb_1d,< 0.1501,276,87,-0.022518115942028984,-0.0021629804310206633,0.47533333333333333,0.6666666666666666,3,0,-257.74999999999994
r_kc_pctb_1d,< 0.2168,425,134,-0.01218823529411765,0.0026957303211575614,0.5456666666666666,0.3333333333333333,3,0,-227.52999999999986
r_kc_pctb_1d,>= 0.8545,164,53,-0.012753048780487804,-0.08419058245732254,0.033,0.5,4,0,-327.42
dir_5m,== -1.0,413,244,-0.023087167070217917,-0.0309966029143898,0.123,0.42857142857142855,7,1,-150.70000000000016
dir_5m,== 0.0,235,144,-0.006255319148936173,-0.020868288249559084,0.2713333333333333,0.42857142857142855,7,1,502.01
dir_15m,== -1,765,374,-0.005832679738562091,-0.018444865583354553,0.17166666666666666,0.3333333333333333,9,2,-261.3600000000002
dir_1h,== -1.0,664,292,-0.024231927710843378,-0.03776388341535244,0.043333333333333335,0.5555555555555556,9,0,-341.2600000000002
stoch_cross_1h,== 0.0,694,333,-0.00954899135446687,-0.004623538423038422,0.41733333333333333,0.5555555555555556,9,2,121.7200000000002
engulfing_1h,== -1.0,183,98,-0.03871584699453552,-0.002323658770651118,0.474,0.5555555555555556,9,0,-598.54
markov_regime_1h,== Bear,425,147,-0.015776470588235295,-0.017970181531462997,0.26866666666666666,0.5714285714285714,7,0,-182.05000000000007
markov_sol_6h,== Bull,345,139,-0.022202898550724638,-0.027928478469605268,0.188,0.75,4,0,-412.42
markov_sol_4h,== Bull,440,152,-0.02145454545454545,-0.033237660166040094,0.12233333333333334,0.6666666666666666,6,0,-74.52999999999975
markov_sol_1h,== Bear,384,141,-0.016145833333333328,-0.023215733059821712,0.22466666666666665,0.5714285714285714,7,0,-442.45
kc_bo_1h,== 1.0,71,29,-0.006619718309859139,-0.03673986398467431,0.2976666666666667,0.5714285714285714,7,0,-231.30000000000007
