logged_at,decision_time,asset,contract_ticker,close_time,spot,floor_strike,offset_pct,tau_minutes,spread,p_market,p_model_15m,raw_edge,side,decision,z_score,bp_5m,body_5m,dir_5m,vol_ratio,vol_ratio_5m,body_15m,bp_15m,dir_15m,upper_wick_15m,lower_wick_15m,atr_ratio_15m,range_ratio_15m,consec_dir_15m,stoch_k_5m,stoch_k_15m,chg_1m,chg_5m,chg_15m,vwap_dist,ema_bias,ema_bias_1h,ema20_dist_1h,ema50_dist_1h,nearest_res_dist_pct,composite_p_up,realized_vol_annual,vol_ratio_1h,bp_1h,chg_1h,dir_1h,consec_dir_1h,stoch_k_1h,stoch_cross_1h,rsi_1h,macd_hist_1h,donchian_breakout_1h,engulfing_1h,bb_pct_1h,mu6h,mu12h,mu24h,regime_z,arima_forecast_1h,stoch_k_4h,rsi_4h,chg_4h,bp_4h,liq_score,liq_bias,oi_chg_pct,ls_long_pct,fear_greed,cg_composite,kelly_fraction,bet_fraction,bet_amount,bankroll,resolved_yes,would_win,would_pnl,spot_at_expiry,price_move_pct,miss_pct,markov_regime_1h,markov_regime_15m,markov_eth_daily,markov_sol_6h,markov_sol_4h,markov_sol_1h,p_up_v2_btc,z_drift_6h,p_gbdt,autocorr1_15,autocorr1_30,hurst_exponent,ou_theta,ou_halflife,ou_mu_distance,kalman_velocity,kalman_residual,kc_pct_1h,kc_bo_1h,cvd_4h,cg_futures_delta_4h,cg_futures_ratio_4h,cg_futures_cvd_12h,vwap_hmm_state,p_up_v3,v3_agree,pup_v3_hmm_state,logged_at_p,cg_ts,cg_state,won,be,tedge,week,kc_pct_5m_r,kc_bo_5m_r,donch_brk_5m_r,donch_pos_5m_r,scross_5m_r,kalman_vel_5m_r,kalman_res_5m_r,hurst_5m_r,ou_theta_5m_r,kc_pct_15m_r,kc_bo_15m_r,donch_brk_15m_r,donch_pos_15m_r,scross_15m_r,kalman_vel_15m_r,kalman_res_15m_r,hurst_15m_r,ou_theta_15m_r,arima_15m_r,arima_1h_r,stoch_k_4h_r,rsi_4h_r,garch_r,macro_bull_r,macro_sideways_r,macro_bear_r,ms_state_r,vd_state_r,vw_ts,vwap_state_r,p_up_v3_r
2026-05-27 11:06:00.633526+00:00,2026-05-27T11:06:00.620696+00:00,BTC,KXBTC15M-26MAY270715-15,2026-05-27 11:15:00+00:00,75843.8938,75816.74,0.0358,8.99,0.01,0.815,0.8852,0.0702,yes,trade,-0.4993,0.9822,0.9822,1.0,0.105,1.0,1.0,1.0,1,0.0,0.0,0.001256,0.6983,2.0,78.76,79.34,0.0363,0.0465,0.0914,0.1056,1,,0.1104,,999.0,,0.1734,,0.5149,0.0513,1,2.0,76.99,0.0,45.83,,,0,0.629,0.0007899,0.000235,8.59e-05,0.1143,,,,0.4021,1.0,-1.0,-1.0,0.0476,59.37,26.0,0.0,0.3793,0.03,30.15,1000.0,1.0,1.0,6.84,75987.0,0.1887,0.2246,Sideways,Sideways,Bear,Bear,Sideways,Sideways,,2.2848,,-0.0170350181315054,-0.1112002200749724,0.4779,2.183981,0.3174,0.177,-5.5e-05,-1e-06,0.5296,0.0,141413.11,-110294758.66680002,0.8890490819481244,-138520323.60829985,,,,,2026-05-27 11:06:00.633526+00:00,2026-05-27 11:00:00+00:00,3,True,0.815,0.185,2026-05-23/2026-05-29,0.9714002769154033,0,0,0.9411248659713317,0,0.00026080998395862983,-1.12121178849579e-06,0.5550036025200156,2.7395046438917534,0.7558028805971237,0,0,0.8127959994116783,1,0.0006208593592889533,9.28008026749032e-06,0.7972215236929096,2.210784394955676,-0.0002701880762935771,-0.00010660402652026061,5.450906880129514,35.16235999266344,0.5720626218326408,0.9999999956365428,4.363168239215904e-09,2.867856801059212e-13,7,0,2026-05-27 11:06:00+00:00,7.0,0.5131797581231202
2026-05-27 11:21:10.786511+00:00,2026-05-27T11:21:10.777929+00:00,BTC,KXBTC15M-26MAY270730-30,2026-05-27 11:30:00+00:00,75883.3463,75854.38,0.0382,8.82,0.01,0.825,0.8915,0.0665,yes,trade,-0.5254,0.0,1.0,-1.0,0.063,1.0,0.8263,0.8263,1,0.1737,0.0,0.001212,0.5512,-1.0,47.02,67.25,0.0,-0.0567,-0.0622,0.0466,-1,,0.1104,,999.0,,0.1774,,0.5149,0.0513,1,2.0,76.99,1.0,45.83,,,0,0.629,0.0007899,0.000235,8.59e-05,0.1143,,,,0.4021,1.0,1.0,1.0,0.0107,59.4,26.0,0.0,0.3798,0.03,29.7,1000.0,0.0,0.0,-29.7,75935.28,0.0684,0.1067,Sideways,Sideways,Bear,Bear,Sideways,Sideways,,2.3345,,-0.0170350181315054,-0.1112002200749724,0.4779,2.183981,0.3174,0.177,-5.5e-05,-1e-06,0.5296,0.0,141413.11,-110294758.66680002,0.8890490819481244,-138520323.60829985,,,,,2026-05-27 11:21:10.786511+00:00,2026-05-27 11:00:00+00:00,3,False,0.825,-0.825,2026-05-23/2026-05-29,0.6830455109632789,0,0,0.7398223252221415,1,0.00046642465935881625,2.320197713379774e-05,0.6080139964475809,2.5207703348340287,0.842256607977967,0,0,0.9404030004412562,0,2.906789134774141e-05,-4.570069841711372e-05,0.7782314175796606,2.326743214478141,-0.0003452819115610777,-0.00010660402652026061,5.450906880129514,35.16235999266344,0.5720626218326408,0.9999999956365428,4.363168239215904e-09,2.867856801059212e-13,7,0,2026-05-27 11:21:10+00:00,5.0,0.5131797581231202
2026-06-08 16:05:39.584559+00:00,2026-06-08T16:05:39.566294+00:00,BTC,KXBTC15M-26JUN081215-15,2026-06-08 16:15:00+00:00,63828.7912,63717.24,0.1751,9.34,0.01,0.775,0.852,0.077,yes,trade,-0.5295,0.9752,0.9752,1.0,0.261,1.0,0.0951,0.2142,-1,0.6907,0.2142,0.004696,0.943,1.0,37.58,61.25,0.0119,0.2938,0.0184,-0.0196,1,,0.6071,,999.0,,0.7835,,0.1337,-0.2166,-1,-1.0,77.9,-1.0,59.98,,,0,0.8162,0.0008555,0.0008889,0.0005059,0.1987,,50.0,50.0,0.518,0.7374,-1.0,-0.9917,0.0829,63.32,9.0,2.0,0.3422,0.0274,27.12,1000.0,1.0,1.0,7.87,63838.29,0.0149,0.19,Bull,Bull,Bear,Bear,Sideways,Bull,,0.6551,0.8568,-0.1665868330980384,-0.2500854383820116,0.5305,1.741663,0.398,-0.6066,-0.001414,-0.0014,0.6672,0.0,-176864.42,-193082762.65980005,0.8741600178539025,-182590207.3859,,,,,2026-06-08 16:05:39.584559+00:00,2026-06-08 16:00:00+00:00,3,True,0.775,0.2249999999999999,2026-06-06/2026-06-12,0.36313122971322687,0,0,0.28453376459451685,1,0.00012116970510848925,-8.576965366853865e-05,0.6530841862212489,2.380563971181719,0.4919531571539623,0,0,0.7572301888811586,0,0.0008034646635194101,0.00024062684457557492,0.4791213146762688,4.991894288619555,0.0001761256293767569,-0.000210423827963285,90.18916176559458,61.543943109432384,0.9736321857976931,1.6936969354690395e-09,0.9996785084757634,0.00032148983056514227,6,5,2026-06-08 15:55:30+00:00,2.0,0.5365729611444082
2026-06-08 16:20:49.627443+00:00,2026-06-08T16:20:49.612355+00:00,BTC,KXBTC15M-26JUN081230-30,2026-06-08 16:30:00+00:00,63900.0587,63790.09,0.1724,9.18,0.01,0.865,0.9108,0.0458,yes,trade,-0.8397,0.719,0.719,1.0,0.103,1.0,0.6789,0.6789,1,0.3211,0.0,0.004315,0.7688,2.0,50.66,69.37,0.0,0.1557,0.0974,0.0775,1,,0.6071,,999.0,,0.4908,,0.1337,-0.2166,-1,-1.0,77.9,-1.0,59.98,,,0,0.8162,0.0008555,0.0008889,0.0005059,0.1987,,50.0,50.0,0.518,0.7374,1.0,1.0,0.0868,63.48,9.0,2.0,0.3391,0.0271,26.82,1000.0,1.0,1.0,4.19,63859.8,-0.063,0.1093,Bull,Bull,Bear,Bear,Sideways,Bull,,0.7028,0.9201,-0.1665868330980384,-0.2500854383820116,0.5305,1.741663,0.398,-0.6066,-0.001414,-0.0014,0.6672,0.0,-176864.42,-193082762.65980005,0.8741600178539025,-182590207.3859,,,,,2026-06-08 16:20:49.627443+00:00,2026-06-08 16:00:00+00:00,3,True,0.865,0.135,2026-06-06/2026-06-12,0.6800027223816248,0,0,0.5741558851372714,0,0.00021874183611753572,-8.85021199279047e-05,0.5936625232401708,2.6699864326663842,0.5621178692820662,0,0,0.8006648295788968,1,0.0007989410737506808,-1.5929914526362655e-06,0.4483804825592491,6.375966787233018,0.0001796836360541812,-0.000210423827963285,90.18916176559458,61.543943109432384,0.9736321857976931,1.6936969354690395e-09,0.9996785084757634,0.00032148983056514227,6,5,2026-06-08 16:20:48+00:00,2.0,0.5365729611444082
2026-06-11 14:51:00.054083+00:00,2026-06-11T14:51:00.038989+00:00,BTC,KXBTC15M-26JUN111100-00,2026-06-11 15:00:00+00:00,62859.7812,62829.83,0.0477,9.0,0.01,0.655,0.7928,0.1378,yes,trade,-0.2283,0.8701,0.3028,1.0,0.048,1.0,0.9302,0.0,-1,0.0698,0.0,0.003585,0.7513,1.0,34.58,49.93,0.0,0.0161,-0.0168,-0.0087,-1,,0.9117,,999.0,,0.5044,,0.6656,0.0912,1,1.0,88.18,,82.36,,,0,0.7198,0.0009175,0.0011066,0.0017806,0.3166,,,,0.6488,0.7377,0.0,0.0,-0.0966,61.38,13.0,2.0,0.3994,0.032,32.09,1000.0,0.0,0.0,-32.09,62709.45,-0.2392,-0.1916,Bull,Sideways,Bear,Bull,Sideways,Bull,,1.0458,0.7611,,,,,,,,,0.4255,0.0,-20235.39,-28112758.4902997,0.9902441697783914,319332909.2579,,,,,2026-06-11 14:51:00.054083+00:00,2026-06-11 14:00:00+00:00,3,False,0.655,-0.655,2026-06-06/2026-06-12,0.6646241352497538,0,0,0.529348280183813,1,0.0005856059381710407,-3.3223387584819034e-05,0.38413518304037453,2.984273393900905,0.2617876602811216,0,0,0.2545329186715096,0,-0.0005402319681386675,0.00018103386383305667,0.6744669237041301,2.445000436833909,0.000619773882185969,-0.0007045781477681124,82.34469111134581,55.043601566968505,0.7086246451802536,0.0017607540349402703,0.0001388983198192134,0.9981003476452438,1,1,2026-06-11 14:51:00+00:00,3.0,0.5430549753888685
2026-06-12 05:18:29.919224+00:00,2026-06-12T05:18:29.903439+00:00,BTC,KXBTC15M-26JUN120130-30,2026-06-12 05:30:00+00:00,63431.6112,63368.16,0.1001,11.51,0.01,0.815,0.9086,0.0936,yes,trade,-0.7349,0.2297,0.7703,-1.0,0.778,1.0,0.8815,0.1185,-1,0.0,0.1185,0.002185,1.9823,1.0,24.51,30.66,0.0184,0.1297,-0.1887,-0.1864,-1,,0.5128,,0.0512,,0.2911,,0.6591,0.2789,1,1.0,86.57,0.0,67.63,,,1,0.7471,0.0003712,0.0014674,0.0006662,0.1581,,,,-0.1315,0.4243,-1.0,-1.0,-0.9451,60.71,13.0,1.0,0.5062,0.0405,20.38,1000.0,1.0,1.0,4.63,63487.23,0.0877,0.1879,Bull,Sideways,Bear,Bull,Sideways,Bull,,1.3368,0.8568,,,,,,,,,0.6874,0.0,-258984.37,-189987493.53100017,0.8833281413388968,-173327892.22920024,,,,,2026-06-12 05:18:29.919224+00:00,2026-06-12 05:00:00+00:00,3,True,0.815,0.185,2026-06-06/2026-06-12,0.13045217345956528,0,0,0.2450704225352184,1,0.001500794089005374,0.00010583272653578481,0.4901029651306041,1.2570420007129368,0.3152472838523456,0,0,0.3588152967432044,0,0.0009175463410239786,0.0007640999967255466,0.5093699504201933,5.703295679857071,0.0004233647991466531,-0.0008286769680435115,90.86839436225655,59.158746821536404,0.8078381348117836,0.0017956058325219316,8.444350842334613e-05,0.9981199506590561,6,1,2026-06-12 05:08:24+00:00,3.0,0.5168789883674779
2026-06-12 12:18:18.927813+00:00,2026-06-12T12:18:18.913165+00:00,BTC,KXBTC15M-26JUN120830-30,2026-06-12 12:30:00+00:00,63584.2688,63564.15,0.0317,11.69,0.01,0.615,0.7789,0.1639,yes,trade,-0.2331,0.2475,0.7525,-1.0,0.007,1.0,0.8611,0.0762,-1,0.0627,0.0762,0.004049,0.5334,-4.0,87.43,83.88,0.0241,-0.003,-0.1716,0.0586,-1,,0.3657,,999.0,,0.2879,,0.9423,0.121,1,1.0,90.98,0.0,55.7,,,1,0.8026,0.0010585,0.0002295,0.0001656,0.1873,,50.0,50.0,1.0085,0.9098,-1.0,-0.9605,0.0161,59.87,13.0,1.0,0.4257,0.0341,33.83,1000.0,0.0,0.0,-33.83,63487.29,-0.1525,-0.1209,Bull,Bull,Bear,Sideways,Sideways,Bull,,1.3333,0.7765,,,,,,,,,0.7246,0.0,-312425.54,43306657.8840003,1.018951395642585,-52764351.531699896,,,,,2026-06-12 12:18:18.927813+00:00,2026-06-12 12:00:00+00:00,3,False,0.615,-0.615,2026-06-06/2026-06-12,0.1777438665351085,0,0,0.13226247436774224,1,0.0005633707249443141,1.649040984608353e-05,0.643991770971202,2.8055216347883474,0.031422190997947595,0,0,0.4980311679653287,0,-0.0008162311756304294,2.959237302751442e-05,0.5083968074530545,2.4658679451264427,0.0006072949291060991,-0.0005710887944642131,88.11074562203227,57.07568637663001,0.809405319405896,0.0003804711978459151,8.516290990689039e-05,0.9995343658922498,7,1,2026-06-12 12:18:18+00:00,3.0,0.5140801227669983
2026-06-12 12:33:29.469643+00:00,2026-06-12T12:33:29.449799+00:00,BTC,KXBTC15M-26JUN120845-45,2026-06-12 12:45:00+00:00,63462.4413,63406.74,0.0878,11.51,0.01,0.715,0.8509,0.1359,yes,trade,-0.4959,0.0,1.0,-1.0,0.078,1.0,0.8065,0.0,-1,0.1935,0.0,0.004185,0.759,1.0,80.98,77.69,0.006,0.0261,-0.2157,-0.129,-1,,0.3657,,0.052,,0.3784,,0.9423,0.121,1,1.0,90.98,0.0,55.7,,,1,0.8026,0.0010585,0.0002295,0.0001656,0.1873,,50.0,50.0,1.0085,0.9098,-1.0,-0.9748,-0.1209,60.05,13.0,1.0,0.477,0.0382,19.3,1000.0,0.0,0.0,-19.3,63427.48,-0.0551,0.0327,Bull,Bull,Bear,Sideways,Sideways,Bull,,1.3051,0.8568,,,,,,,,,0.7246,0.0,-312425.54,43306657.8840003,1.018951395642585,-52764351.531699896,,,,,2026-06-12 12:33:29.469643+00:00,2026-06-12 12:00:00+00:00,3,False,0.715,-0.715,2026-06-06/2026-06-12,0.08039478403506445,0,0,0.15753160281772235,1,0.001409826200215358,0.00012308128509022935,0.8892062933299143,2.9820883978985875,0.11523917554200612,0,0,0.49970641894016976,0,0.0010102496083974526,0.00033489340676496606,0.5201319929958994,2.490355883426996,0.0004524807774187051,-0.0005710887944642131,88.11074562203227,57.07568637663001,0.809405319405896,0.0003804711978459151,8.516290990689039e-05,0.9995343658922498,7,1,2026-06-12 12:23:18+00:00,3.0,0.5140801227669983
2026-06-12 12:48:40.537615+00:00,2026-06-12T12:48:40.515504+00:00,BTC,KXBTC15M-26JUN120900-00,2026-06-12 13:00:00+00:00,63428.8463,63373.35,0.0876,11.33,0.01,0.705,0.8489,0.1439,yes,trade,-0.5186,0.874,0.828,1.0,0.012,1.0,0.0768,0.4242,-1,0.499,0.4242,0.004185,0.4294,2.0,79.31,76.09,0.0075,0.0065,-0.0853,-0.1756,-1,,0.4307,,0.1009,,0.3636,,0.9423,0.121,1,1.0,90.98,,55.7,,,1,0.8013,0.0010585,0.0002295,0.000391,0.2016,,,,1.0085,0.9098,-1.0,-0.9922,-0.1355,60.03,13.0,1.0,0.4877,0.039,19.74,1000.0,1.0,1.0,8.26,63469.63,0.0643,0.1519,Bull,Bull,Bear,Sideways,Sideways,Bull,,1.2795,0.8401,,,,,,,,,0.4243,0.0,-497223.33,43306657.8840003,1.018951395642585,-52764351.531699896,,,,,2026-06-12 12:48:40.537615+00:00,2026-06-12 12:00:00+00:00,3,True,0.705,0.295,2026-06-06/2026-06-12,0.21773155427514718,0,0,0.18984803244350754,1,0.0005268042952022495,3.1926365106591166e-05,0.7820484958129676,3.2332987289929465,0.1399123051029962,0,0,0.3821927073725614,1,0.00042350745431616536,-0.00010761775284149093,0.5704949591847887,2.522106014476802,0.00023248859911019476,-0.0005710887944642131,88.11074562203227,57.07568637663001,0.809405319405896,0.0003804711978459151,8.516290990689039e-05,0.9995343658922498,7,1,2026-06-12 12:38:30+00:00,0.0,0.5140801227669983
2026-06-12 18:33:23.105263+00:00,2026-06-12T18:33:23.098009+00:00,BTC,KXBTC15M-26JUN121445-45,2026-06-12 18:45:00+00:00,63755.3287,63737.95,0.0273,11.62,0.01,0.535,0.7272,0.1922,yes,trade,-0.1594,0.9842,0.9842,1.0,0.436,1.0,0.2718,0.6452,-1,0.0831,0.6452,0.003676,0.6837,1.0,51.75,34.67,0.1277,0.1171,0.1236,-0.0652,1,,0.3865,,999.0,,0.3638,,0.1959,-0.224,-1,-1.0,76.68,0.0,53.74,,,0,0.7397,0.0001325,0.0005955,0.0004096,0.0984,,,,-0.3117,0.3847,0.0,0.0,-0.0488,60.11,13.0,1.0,0.4132,0.0331,33.17,1000.0,1.0,1.0,28.83,63862.67,0.1684,0.1957,Sideways,Bull,Bear,Sideways,Sideways,Sideways,,0.5665,0.7611,,,,,,,,,0.615,0.0,-201114.3,79861606.96590018,1.0641817708564862,217084748.9652004,,,,,2026-06-12 18:33:23.105263+00:00,2026-06-12 18:00:00+00:00,3,True,0.535,0.4649999999999999,2026-06-06/2026-06-12,0.45844989174409295,0,0,0.2199547089383189,0,0.0003182832642692404,-7.201260378794682e-05,0.7975603513297003,1.9885645872922149,0.5514385685936641,0,0,0.584018735662501,1,0.001070273849640774,0.0005423387107608966,0.6294487544539863,1.4098103884934532,0.0003625335279088532,-0.0003299320016704874,96.48986960350075,60.8434642101841,0.9361120121055793,0.0016394302339510995,8.991145750491324e-05,0.9982706583085437,6,1,2026-06-12 18:23:18+00:00,3.0,0.5440967072469484
2026-06-12 19:03:38.473989+00:00,2026-06-12T19:03:38.458986+00:00,BTC,KXBTC15M-26JUN121515-15,2026-06-12 19:15:00+00:00,63732.5838,63663.59,0.1084,11.36,0.01,0.735,0.8821,0.1471,yes,trade,-0.8259,0.0,1.0,-1.0,5.199,1.0,0.897,0.0,-1,0.103,0.0,0.003303,0.7724,1.0,30.32,43.67,0.0344,0.0862,-0.1246,-0.0779,-1,,0.1054,,999.0,,0.2821,,0.0875,-0.2652,-1,-2.0,71.23,-1.0,49.99,,,0,0.6096,0.0006467,0.0009462,7.93e-05,0.0178,,,,-0.3117,0.3847,-1.0,-1.0,-0.0887,60.1,13.0,1.0,0.5551,0.0444,44.1,1000.0,1.0,1.0,15.9,63702.94,-0.0465,0.0618,Sideways,Bull,Bear,Sideways,Sideways,Sideways,,0.6213,0.8905,,,,,,,,,0.5178,0.0,26540.84,79861606.96590018,1.0641817708564862,217084748.9652004,,,,,2026-06-12 19:03:38.473989+00:00,2026-06-12 19:00:00+00:00,3,True,0.735,0.265,2026-06-06/2026-06-12,0.326994678167904,0,0,0.24072124845543935,0,0.0009166224172344345,0.0002558814832986237,0.5437482196512315,1.9151574889451959,0.31061623264282406,0,0,0.3326575905767557,0,0.00018327249726102094,0.00038738491255882945,0.7641197834914973,1.494485255653621,0.000508328714498807,-6.49107092711719e-05,92.12488329800918,59.51157226267982,0.9127432334167157,0.0013438421367349815,8.176057253580254e-05,0.9985743972907267,6,3,2026-06-12 19:03:36+00:00,5.0,0.5094091017645781
2026-06-13 03:03:40.073682+00:00,2026-06-13T03:03:40.062463+00:00,BTC,KXBTC15M-26JUN122315-15,2026-06-13 03:15:00+00:00,63647.9238,63622.5,0.04,11.34,0.01,0.735,0.8026,0.0676,yes,trade,-0.193,1.0,1.0,1.0,0.112,1.0,0.191,0.809,-1,0.0,0.809,0.001439,2.3513,-5.0,46.56,43.41,0.0,-0.0146,0.0483,-0.0451,1,,-0.0018,,999.0,,0.4458,,0.4918,-0.2821,-1,-1.0,45.24,0.0,53.56,,,0,0.5097,0.0004907,-0.000415,-4.88e-05,0.0046,,,,-0.0389,0.6302,0.0,0.2308,0.0318,61.23,14.0,1.0,0.2552,0.0204,20.58,1000.0,1.0,1.0,7.42,63654.81,0.0108,0.0508,Bull,Sideways,Bear,Sideways,Sideways,Sideways,,1.0965,0.7611,,,,,,,,,0.5157,0.0,-345590.5,-31269669.66200006,0.9532967923174408,60345713.80700004,,,,,2026-06-13 03:03:40.073682+00:00,2026-06-13 03:00:00+00:00,3,True,0.735,0.265,2026-06-13/2026-06-19,0.3965235131657829,0,0,0.4340938396358027,0,-0.0006339950967922917,-8.723317608871212e-05,0.6566752503121647,3.6140443810732577,0.5803771539323591,0,0,0.6495970886405004,1,0.0008046749608952035,0.00011221611535486503,0.5807607971280182,3.449494934695368,0.00028906590841787003,-7.845784109955224e-05,90.30499595138114,58.46027403576822,0.761280783972522,0.001997279247971457,9.591732304683986e-05,0.9979068034289789,2,3,2026-06-13 02:53:30+00:00,3.0,0.49848072674661165
2026-06-13 04:19:29.934384+00:00,2026-06-13T04:19:29.918337+00:00,BTC,KXBTC15M-26JUN130030-30,2026-06-13 04:30:00+00:00,63507.7637,63485.34,0.0353,10.5,0.01,0.715,0.8452,0.1302,yes,trade,-0.4409,0.5,0.0,0.0,0.0,1.0,1.0,0.0,-1,0.0,0.0,0.00148,0.6121,1.0,39.65,25.21,0.0,0.0807,0.013,0.0394,1,,-0.1549,,0.1312,,0.1792,,0.3942,-0.1305,-1,-2.0,30.11,0.0,56.22,,,0,0.4006,0.0001442,-2.1e-06,-0.0002151,-0.0657,,50.0,50.0,-0.027,0.2676,0.0,0.0,-0.0209,61.3,14.0,1.0,0.4568,0.0365,18.59,1000.0,1.0,1.0,7.41,63555.73,0.0755,0.1109,Sideways,Sideways,Bear,Sideways,Bull,Sideways,,1.0099,0.8224,,,,,,,,,0.4218,0.0,-346008.8,62776314.137600005,1.1870220506412612,43260420.97869986,,,,,2026-06-13 04:19:29.934384+00:00,2026-06-13 04:00:00+00:00,3,True,0.715,0.285,2026-06-13/2026-06-19,0.6586924154627972,0,0,0.3031968232321095,1,0.0005872970857932109,1.1433034834833298e-05,0.5478015118132833,5.177471811632101,0.39606338862939444,0,0,0.28496821608338085,1,0.0006399821587131989,9.117999595914723e-05,0.6643341661527082,1.1165445735460982,0.00022426729026608675,-2.123585490042764e-05,79.54266780235271,58.47219923413047,0.7411655118315633,0.001657385171380876,0.00011105318470104747,0.9982315616439178,2,3,2026-06-13 04:09:24+00:00,5.0,0.5252455750703101
2026-06-13 04:34:40.073012+00:00,2026-06-13T04:34:40.060029+00:00,BTC,KXBTC15M-26JUN130045-45,2026-06-13 04:45:00+00:00,63551.9587,63513.59,0.0604,10.34,0.01,0.825,0.9381,0.1131,yes,trade,-1.3106,1.0,1.0,1.0,0.004,1.0,0.7163,0.7163,1,0.2837,0.0,0.001489,0.5918,0.0,80.66,25.66,0.0,0.0,0.0029,0.0481,1,,-0.1549,,0.1283,,0.1039,,0.3942,-0.1305,-1,-2.0,30.11,0.0,56.22,,,0,0.4006,0.0001442,-2.1e-06,-0.0002151,-0.0657,,50.0,50.0,-0.027,0.2676,-1.0,-1.0,-0.0118,61.33,14.0,1.0,0.6462,0.0517,25.57,1000.0,1.0,1.0,5.42,63619.5,0.1063,0.1668,Sideways,Sideways,Bear,Sideways,Bull,Sideways,,0.966,0.9266,,,,,,,,,0.4218,0.0,-346008.8,62776314.137600005,1.1870220506412612,43260420.97869986,,,,,2026-06-13 04:34:40.073012+00:00,2026-06-13 04:00:00+00:00,3,True,0.825,0.175,2026-06-13/2026-06-19,0.7498727876624178,0,0,0.3699574295560489,0,0.00015391619148685625,1.645163053715223e-05,0.5496323970249829,4.593123075335776,0.5962133423197361,0,0,0.3577274282255649,0,0.00037505615541005654,-1.8784434624663504e-05,0.6556646208737404,1.1832052529065453,3.9946621560748414e-05,-2.123585490042764e-05,79.54266780235271,58.47219923413047,0.7411655118315633,0.001657385171380876,0.00011105318470104747,0.9982315616439178,2,3,2026-06-13 04:24:30+00:00,5.0,0.5252455750703101
2026-06-13 04:49:48.747461+00:00,2026-06-13T04:49:48.732034+00:00,BTC,KXBTC15M-26JUN130100-00,2026-06-13 05:00:00+00:00,63608.1063,63592.08,0.0252,10.19,0.02,0.69,0.8359,0.1459,yes,trade,-0.4473,0.4613,0.1555,-1.0,6.304,1.0,0.888,0.888,1,0.112,0.0,0.001479,0.7001,3.0,94.32,47.71,0.0,0.0491,0.1153,0.1458,1,,-0.0517,,999.0,,0.1279,,0.3942,-0.1305,-1,-2.0,30.11,,56.22,,,0,0.4134,0.0001442,-2.1e-06,0.0001122,-0.048,,,,-0.027,0.2676,-1.0,-0.8462,-0.0149,61.36,14.0,1.0,0.4706,0.0376,37.95,1000.0,0.0,0.0,-37.95,63560.77,-0.0744,-0.0492,Sideways,Sideways,Bear,Sideways,Bull,Sideways,,0.9928,0.8421,,,,,,,,,0.4325,0.0,-140347.49,62776314.137600005,1.1870220506412612,43260420.97869986,,,,,2026-06-13 04:49:48.747461+00:00,2026-06-13 04:00:00+00:00,3,False,0.69,-0.69,2026-06-13/2026-06-19,1.231096894386146,1,0,0.7182084079102645,0,5.10840381791176e-05,-9.851161438466827e-06,0.6517330680338213,3.5769245816921917,0.41128032641472273,0,0,0.2170206047209153,-1,-0.0008576396564517004,-8.574088177485859e-05,0.6765288054813626,1.1867712750858537,-8.445904075450905e-05,-2.123585490042764e-05,79.54266780235271,58.47219923413047,0.7411655118315633,0.001657385171380876,0.00011105318470104747,0.9982315616439178,2,3,2026-06-13 04:49:48+00:00,5.0,0.5252455750703101
2026-06-15 07:18:20.531276+00:00,2026-06-15T07:18:20.526160+00:00,BTC,KXBTC15M-26JUN150330-30,2026-06-15 07:30:00+00:00,65845.2413,65796.22,0.0745,11.66,0.01,0.765,0.8335,0.0685,yes,trade,-0.8359,0.5,0.0,0.0,0.0,1.0,0.5161,1.0,1,0.0,0.4839,0.001643,0.4232,1.0,46.42,65.08,0.0,0.0874,0.1459,-0.0007,1,,1.2461,,999.0,,0.1892,,0.3346,-0.0436,-1,-1.0,94.08,0.0,76.88,,,0,0.7586,0.0005505,0.0026255,0.0017986,0.2656,,,,0.218,0.867,-1.0,-0.981,-0.0646,57.0,50.0,0.0,0.2917,0.0233,22.95,1000.0,1.0,1.0,7.05,65962.02,0.1774,0.252,Bull,Sideways,Bear,Bull,Bull,Bull,,0.7286,0.8905,,,,,,,,,0.8383,0.0,37495.03,-85016680.46850002,0.907174976785055,893852129.9329003,,,,,2026-06-15 07:18:20.531276+00:00,2026-06-15 07:00:00+00:00,3,True,0.765,0.235,2026-06-13/2026-06-19,0.7606877057209176,0,0,0.5700064921012871,0,0.0004976142970541461,1.932700737405349e-05,0.4624844592854127,2.223980852782201,0.8246295686364332,0,0,0.9347521503946197,1,0.0012365216304148713,0.00045883914956451827,0.8118808958556614,2.681001230544858,0.00048084693450736304,0.000511170596495828,88.99483953030753,70.01820726635012,0.8877609492960647,3.5271945061159465e-05,0.00016751642484839034,0.9997972116300943,3,1,2026-06-15 07:18:18+00:00,1.0,0.5469432664696589
2026-06-15 08:34:17.950436+00:00,2026-06-15T08:34:17.946236+00:00,BTC,KXBTC15M-26JUN150445-45,2026-06-15 08:45:00+00:00,65670.9987,65634.2,0.0561,10.7,0.01,0.835,0.8772,0.0422,yes,trade,-0.6468,0.3022,0.6978,-1.0,0.569,1.0,0.7244,0.2756,-1,0.0,0.2756,0.001905,0.5309,1.0,27.96,27.96,0.0305,0.0792,0.0148,-0.1063,-1,,0.833,,999.0,,0.192,,0.0,-0.2014,-1,-2.0,84.69,-1.0,77.77,,,0,0.6791,0.000389,0.0023709,0.0015544,0.1305,,50.0,50.0,-0.3754,0.0237,-1.0,-1.0,-0.1361,57.12,50.0,0.0,0.256,0.0205,20.88,1000.0,1.0,1.0,4.13,65760.22,0.1359,0.192,Bull,Sideways,Bear,Bull,Bull,Bull,,0.6903,0.8946,,,,,,,,,0.6235,0.0,-20818.01,364629407.3722999,1.2551231657572324,307968440.00170004,,,,,2026-06-15 08:34:17.950436+00:00,2026-06-15 08:00:00+00:00,3,True,0.835,0.165,2026-06-13/2026-06-19,0.5237159115109287,0,0,0.2795637973385339,1,0.0006763887830465466,5.0357103684713815e-05,0.5593655584389952,4.09157520431168,0.514176317943685,0,0,0.37117715334577395,1,0.0007230235386914825,0.00025971802710536974,0.6172508996920625,2.8369650035969904,-0.00020132438092647806,0.00031067998623205285,89.59917300253424,70.46664076458558,0.8624737728936437,3.374747196433524e-05,0.00015784007405359317,0.9998084124539882,3,1,2026-06-15 08:24:12+00:00,3.0,0.525298752810363
2026-06-16 23:01:50.013267+00:00,2026-06-16T23:01:50.003988+00:00,BTC,KXBTC15M-26JUN161915-15,2026-06-16 23:15:00+00:00,65759.9287,65718.89,0.0624,13.17,0.01,0.695,0.8487,0.1537,yes,trade,-0.5747,0.5,0.0,0.0,0.0,1.0,0.5914,1.0,1,0.0,0.4086,0.001719,0.4186,2.0,81.22,72.65,0.085,0.1437,0.1864,0.1008,1,,-0.4879,,0.381,,0.217,,0.2713,-0.0466,-1,-2.0,21.93,-1.0,26.28,,,0,0.2612,-5.01e-05,-0.0009901,-0.000679,-0.1605,,,,-0.3219,0.1602,-1.0,-1.0,-0.0026,58.81,50.0,0.0,0.504,0.0403,20.15,1000.0,0.0,0.0,-20.15,65772.06,0.0184,0.0809,Sideways,Sideways,Bear,Bull,Bull,Sideways,,1.0816,0.8401,,,,,,,,,0.361,0.0,-66633.46,23616562.240800023,1.039302723990064,-65184554.1528002,,,,,2026-06-16 23:01:50.013267+00:00,2026-06-16 23:00:00+00:00,3,False,0.695,-0.695,2026-06-13/2026-06-19,0.8558113240960871,0,0,0.6830206830207022,0,0.0004781536002710821,2.37734859674651e-05,0.5386649847740106,2.2093597619787166,0.46530053714057173,0,0,0.3448553882046146,0,0.00013583059230744336,-6.226929415688851e-05,0.689404792206158,2.2247338397329046,7.550714114234493e-05,0.0004122186663462803,53.820700380140586,47.94048760585797,0.6470723062025976,0.00036042113529064846,6.38751530160655e-05,0.9995757037117017,7,3,2026-06-16 23:01:48+00:00,7.0,0.5375572136409049
2026-06-28 03:03:39.665264+00:00,2026-06-28T03:03:39.651562+00:00,BTC,KXBTC15M-26JUN272315-15,2026-06-28T03:15:00Z,60121.5062,60084.65,0.0613,11.34,0.01,0.765,0.884,0.119,yes,trade,-0.6491,0.0,0.2911,-1.0,0.683,1.0,0.3699,0.6007,1,0.3993,0.2309,0.001608,0.5726,3.0,44.73,54.03,0.0,-0.0045,0.0859,-0.0484,1,-1.0,-0.1838,0.2806,0.1519,,0.2034,1.0,0.3792,-0.1005,-1,-1.0,28.2,-1.0,42.79,-71.057517,0.0,0,0.2372,-0.0002566,-0.0006505,-0.0001031,-0.1019,,,,-0.2368,0.2686,-2.0,-1.0,0.0225,67.12,17.0,1.0,0.5062,0.0405,81.09,2000.0,1.0,1.0,24.91,60202.06,0.134,0.1954,Sideways,Sideways,Bear,Sideways,Bull,Bear,,1.3958,0.8568,-0.0812,-0.2276,0.8637,1.7243,0.402,-0.2624,-0.0002,-0.0007,0.3939,0.0,371383.69,34124098.62,1.036598,-37928711.44,,,,,2026-06-28 03:03:39.665264+00:00,2026-06-28 03:00:00+00:00,3,True,0.765,0.235,2026-06-27/2026-07-03,0.6332988700509157,0,0,0.47466775862712013,0,-3.075086089677332e-06,1.275238169319489e-05,0.6180911252453073,1.8325410967577227,0.7295002894244731,0,0,0.8508270004470299,0,0.0007200240170725574,2.4102353413809306e-05,0.6835084894532639,2.7190406377980976,-0.00012192708508607218,-0.00042070703303470874,54.68819195619783,46.30200839263257,0.7589998339237568,0.999981600334191,7.02231013114223e-07,1.7697434790176207e-05,2,0,2026-06-28 02:53:30+00:00,7.0,0.5180133820590868
2026-06-28 09:34:08.297066+00:00,2026-06-28T09:34:08.281989+00:00,BTC,KXBTC15M-26JUN280545-45,2026-06-28T09:45:00Z,60276.9863,60243.95,0.0548,10.87,0.01,0.785,0.8604,0.0754,yes,trade,-0.3914,0.0,0.5089,-1.0,0.641,1.0,1.0,0.0,-1,0.0,0.0,0.001639,0.8373,1.0,50.07,75.29,0.0493,0.0294,-0.1078,-0.0698,-1,1.0,0.3258,0.3397,999.0,,0.308,1.0,0.7446,0.3204,1,3.0,79.39,0.0,46.57,-7.172204,0.0,0,0.6131,0.0007379,0.0002406,-1.51e-05,0.2432,,,,0.0603,0.9296,0.0,0.9873,0.0284,66.97,17.0,1.0,0.3507,0.0281,55.73,2000.0,1.0,1.0,15.26,60394.92,0.1957,0.2506,Sideways,Sideways,Bear,Bull,Bull,Sideways,,1.9588,0.8905,0.0091,-0.3294,0.631,1.1449,0.6054,0.893,0.0015,-0.0001,0.7973,0.0,-196150.63,46784601.36,1.050289,149304887.73,,,,,2026-06-28 09:34:08.297066+00:00,2026-06-28 09:00:00+00:00,3,True,0.785,0.2149999999999999,2026-06-27/2026-07-03,0.4459057499103521,0,0,0.5006998308741994,1,0.0003896717392436968,4.892396589922462e-06,0.6402637335981523,1.2952779671137142,0.7449489874213276,0,0,0.7764290774344718,0,0.0005474558749332063,0.00015682815749822358,0.5752967179523082,2.7559542543059394,0.0001926322876963442,1.4798013715367061e-05,62.46963780077027,48.71344748351236,0.7232836579689954,0.9999304545226506,1.1947268421718356e-06,6.835075048250017e-05,2,0,2026-06-28 09:34:06+00:00,2.0,0.5768490305281646
2026-06-28 10:50:11.581307+00:00,2026-06-28T10:50:11.569558+00:00,BTC,KXBTC15M-26JUN280700-00,2026-06-28T11:00:00Z,60066.3212,60043.53,0.038,9.81,0.01,0.705,0.8372,0.1322,yes,trade,-0.4048,0.5,0.0,0.0,0.0,1.0,1.0,1.0,1,0.0,0.0,0.001586,0.4224,0.0,12.59,9.04,0.0,0.0,0.067,-0.2576,-1,1.0,0.0739,0.2024,0.2027,,0.217,1.0,0.0,-0.0238,-1,-1.0,67.48,0.0,53.75,-4.83814,0.0,0,0.4799,0.0003209,0.0001323,-9.29e-05,0.0647,,,,0.0603,0.9296,-2.0,-1.0,-0.0213,66.74,17.0,1.0,0.448,0.0358,71.91,2000.0,1.0,1.0,30.09,60194.16,0.2128,0.2509,Sideways,Sideways,Bear,Bull,Bull,Bear,,1.7362,0.7765,-0.0548,-0.4583,0.5893,0.8178,0.8476,-0.6669,-0.0015,-0.0018,0.5844,0.0,76.5,46784601.36,1.050289,149304887.73,,,,,2026-06-28 10:50:11.581307+00:00,2026-06-28 10:00:00+00:00,3,True,0.705,0.295,2026-06-27/2026-07-03,0.7634967387916609,0,0,0.3512557481429201,0,0.0006812743241271545,6.164492896376531e-05,0.5484463712192341,1.5866443792592655,0.4434964339115931,0,0,0.529176589449381,1,0.001019836820829291,-2.441411842203059e-05,0.48363343427862393,3.813043222405101,-2.8603753025356314e-05,-0.00011021920156876515,56.59916529114175,46.85438547628803,0.7190394712733603,0.9999423332056478,8.670550268655394e-07,5.679973935237816e-05,2,0,2026-06-28 10:40:00+00:00,1.0,0.4825653076512158
2026-06-28 12:06:22.538927+00:00,2026-06-28T12:06:22.534148+00:00,BTC,KXBTC15M-26JUN280815-15,2026-06-28T12:15:00Z,60288.3513,60253.82,0.0573,8.63,0.01,0.805,0.881,0.076,yes,trade,-0.4901,1.0,1.0,1.0,0.453,1.0,0.421,1.0,1,0.0,0.579,0.00195,1.0503,-1.0,98.92,76.78,0.0,0.0457,0.116,0.2094,1,1.0,0.1993,0.4074,999.0,,0.2885,1.0,1.0,0.3059,1,1.0,78.55,1.0,55.91,2.018192,0.0,1,0.6354,0.0010392,0.0004546,-2e-07,0.1398,,50.0,50.0,0.2045,0.6465,-1.0,0.0,-0.0079,66.92,17.0,1.0,0.3899,0.0312,61.99,2000.0,0.0,0.0,-61.99,60342.38,0.0896,0.147,Sideways,Bull,Bear,Bull,Bull,Sideways,,1.8532,0.8905,-0.0556,-0.4613,0.6846,0.7732,0.8965,0.6272,0.001,0.0012,0.6701,0.0,-6797.87,44768197.51,1.049597,56407781.19,,,,,2026-06-28 12:06:22.538927+00:00,2026-06-28 12:00:00+00:00,3,False,0.805,-0.805,2026-06-27/2026-07-03,0.9738444505355887,0,1,1.0,1,0.0003653209177688885,7.277382334275697e-05,0.697712599216639,1.759838200336204,0.6455820504243636,0,0,0.5302557424164225,0,-0.0008961785865041576,-0.00014129893278491288,0.5879628440108094,2.1525471305158272,-8.896781470598756e-05,-0.00014379361886574066,62.06503214031704,48.43528128612133,0.7080023968805855,0.999901039852932,9.247551383887082e-07,9.803539193129365e-05,2,0,2026-06-28 12:01:18+00:00,5.0,0.4807907174812889
2026-06-28 12:52:07.151209+00:00,2026-06-28T12:52:07.137660+00:00,BTC,KXBTC15M-26JUN280900-00,2026-06-28T13:00:00Z,60196.59,60168.18,0.0472,7.88,0.01,0.775,0.851,0.076,yes,trade,-0.3539,0.6329,0.6329,1.0,0.797,1.0,0.5823,0.0,-1,0.4177,0.0,0.001845,2.0361,1.0,24.84,53.09,0.0,0.0451,-0.0566,-0.0191,-1,1.0,0.1993,0.4074,999.0,,0.3444,1.0,1.0,0.3059,1,1.0,78.55,1.0,55.91,2.018192,0.0,1,0.6354,0.0010392,0.0004546,-2e-07,0.1398,,,,0.2045,0.6465,0.0,1.0,-0.0189,66.95,17.0,1.0,0.3378,0.027,54.25,2000.0,1.0,1.0,15.75,60275.62,0.1313,0.1786,Sideways,Sideways,Bear,Bull,Bull,Sideways,,1.8559,0.8538,-0.0556,-0.4613,0.6846,0.7732,0.8965,0.6272,0.001,0.0012,0.6701,0.0,-8397.15,44768197.51,1.049597,56407781.19,,,,,2026-06-28 12:52:07.151209+00:00,2026-06-28 12:00:00+00:00,3,True,0.775,0.2249999999999999,2026-06-27/2026-07-03,0.4881395762935896,0,0,0.4225103523182333,0,0.0002785115187822501,-1.9670474770813002e-05,0.6364582795249297,3.000053986993488,0.5240843470018088,0,0,0.45045692345690425,1,0.0010714345293451977,0.00024454369572954977,0.583463811753153,2.0259561879027426,0.00016958319349505042,-0.00014379361886574066,62.06503214031704,48.43528128612133,0.7080023968805855,0.999901039852932,9.247551383887082e-07,9.803539193129365e-05,2,0,2026-06-28 12:52:06+00:00,3.0,0.4807907174812889
2026-06-28 13:32:51.835013+00:00,2026-06-28T13:32:51.830632+00:00,BTC,KXBTC15M-26JUN280945-45,2026-06-28T13:45:00Z,60084.6212,60043.53,0.0684,12.14,0.01,0.675,0.8208,0.1458,yes,trade,-0.3656,0.0176,0.9824,-1.0,0.026,1.0,0.4309,0.0916,-1,0.4775,0.0916,0.002016,0.4652,2.0,37.07,37.07,0.0524,0.0875,0.0783,0.0116,1,1.0,0.0506,0.2798,0.1437,,0.3893,1.0,0.2841,-0.0949,-1,-1.0,66.66,-1.0,51.67,2.014009,0.0,0,0.5786,0.0007526,0.0001262,-9.73e-05,0.0344,,,,0.2045,0.6465,0.0,1.0,0.0737,66.99,17.0,1.0,0.4486,0.0359,71.55,2000.0,1.0,1.0,34.45,60118.3,0.0561,0.1245,Sideways,Sideways,Bear,Bull,Bull,Sideways,,1.697,0.8401,-0.1102,-0.5075,0.6702,0.8754,0.7918,-0.465,-0.0006,-0.0009,0.5385,0.0,42288.19,44768197.51,1.049597,56407781.19,,,,,2026-06-28 13:32:51.835013+00:00,2026-06-28 13:00:00+00:00,3,True,0.675,0.3249999999999999,2026-06-27/2026-07-03,0.5911901042011426,0,0,0.404881680164233,1,0.0007485021935101466,8.043119702584069e-05,0.46326253690613445,3.150335510799992,0.28765880289191703,0,0,0.2739411088513692,1,0.0005473578639285278,-3.2572402419154016e-05,0.6106190431760086,2.0588764969638733,-7.73558962433837e-05,7.239418908897173e-05,51.254076251056716,45.267791242425325,0.6997695784532982,0.9999901082207532,6.570776132763336e-07,9.234701639829928e-06,2,0,2026-06-28 13:27:42+00:00,3.0,0.5284904116478562
2026-06-28 14:33:43.804496+00:00,2026-06-28T14:33:43.790687+00:00,BTC,KXBTC15M-26JUN281045-45,2026-06-28T14:45:00Z,60100.9262,60070.89,0.05,11.27,0.01,0.585,0.7701,0.1851,yes,trade,-0.3031,0.0,1.0,-1.0,0.057,1.0,0.2469,0.0906,-1,0.6625,0.0906,0.001908,0.6408,-2.0,59.05,33.03,-0.045,-0.0014,0.0096,0.0105,-1,-1.0,-0.2076,-0.2062,0.1643,,0.3561,1.0,0.5091,-0.1639,-1,-2.0,44.71,0.0,52.63,1.74539,0.0,0,0.3247,-0.0002422,-0.0001451,-0.0003231,-0.1356,,,,0.2045,0.6465,-2.0,-1.0,0.0569,66.99,17.0,1.0,0.446,0.0357,71.37,2000.0,0.0,0.0,-71.37,60071.44,-0.0491,0.0009,Sideways,Sideways,Bear,Bull,Bull,Sideways,,1.4279,0.7765,-0.0639,-0.3726,0.5803,1.0546,0.6573,-0.8288,-0.0012,-0.0002,0.3492,0.0,33995.6,44768197.51,1.049597,56407781.19,,,,,2026-06-28 14:33:43.804496+00:00,2026-06-28 14:00:00+00:00,3,False,0.585,-0.585,2026-06-27/2026-07-03,0.5272414907374393,0,0,0.5206229554828716,0,3.080165419205833e-05,1.9933592155860777e-05,0.5816234679038329,3.526918107399099,0.2954647132634001,0,0,0.23151887026552473,-1,-0.0004492426045571062,-9.450417728171972e-06,0.5632209979337155,2.500804146866619,3.8722421240080665e-05,-0.00022992398067345627,49.78394191929326,44.86877500481355,0.6961757735709672,0.9999980909510416,2.3033455125194457e-07,1.6787144053826577e-06,2,0,2026-06-28 14:33:42+00:00,3.0,0.5176402959784022
2026-06-29 04:51:53.912452+00:00,2026-06-29T04:51:53.905819+00:00,BTC,KXBTC15M-26JUN290100-00,2026-06-29T05:00:00Z,59739.7038,59716.82,0.0383,8.1,0.01,0.745,0.8315,0.0865,yes,trade,-0.295,0.0,1.0,-1.0,0.146,1.0,0.6299,0.3701,-1,0.0,0.3701,0.004452,0.5325,-2.0,10.96,68.98,0.0,-0.0091,-0.0635,-0.4346,-1,1.0,0.4531,0.0736,999.0,,0.3308,1.0,0.6284,0.4692,1,2.0,87.22,0.0,48.89,38.535509,0.0,0,0.6506,0.0018006,0.0002601,-7.75e-05,0.287,,,,0.7905,0.8722,-1.0,-0.2769,-0.0135,69.27,13.0,1.0,0.3393,0.0271,54.38,2000.0,1.0,1.0,18.61,59794.12,0.0911,0.1294,Sideways,Sideways,Bear,Bull,Bull,Sideways,,0.9303,0.8568,-0.0241,-0.0266,0.7667,3.5813,0.1935,1.8003,0.0017,-0.0,0.7358,0.0,232946.5,197991077.43,1.073405,-161701634.68,,,,,2026-06-29 04:51:53.912452+00:00,2026-06-29 04:00:00+00:00,3,True,0.745,0.255,2026-06-27/2026-07-03,0.18502404646807782,0,0,0.07140219699066526,-1,0.00018237231155954935,2.103103541732586e-05,0.8026029032696805,3.460612833294882,0.4757369238337159,0,0,0.6868588177821181,0,0.00017798064296423426,0.0004173388930697418,0.5324327966017253,1.7685306588733496,0.000247594299084873,0.00022929255430489238,25.5938731110719,44.8764960753448,0.7796866050278503,0.9907249611376728,3.372127190983709e-06,0.009271666735128175,7,4,2026-06-29 04:46:48+00:00,7.0,0.491071957118848
2026-06-29 07:54:33.871758+00:00,2026-06-29T07:54:33.858473+00:00,BTC,KXBTC15M-26JUN290400-00,2026-06-29T08:00:00Z,60008.4562,59970.76,0.0629,5.44,0.01,0.805,0.9052,0.1002,yes,trade,-0.7362,0.5,0.0,0.0,0.0,1.0,0.3014,0.0,-1,0.6986,0.0,0.002869,0.2157,3.0,72.84,75.33,0.0,0.0404,-0.0214,-0.0768,1,1.0,0.4152,0.1231,999.0,,0.2653,1.0,0.1075,-0.0092,-1,2.0,81.92,0.0,57.04,80.035261,0.0,0,0.7333,0.0012425,0.0006875,5.95e-05,0.2227,,,,0.7905,0.8722,-2.0,-1.0,0.0291,67.8,13.0,1.0,0.514,0.0411,82.11,2000.0,0.0,0.0,-82.11,60113.72,0.1754,0.2384,Sideways,Bull,Bear,Bull,Bull,Sideways,,1.2592,0.9021,-0.1042,-0.1189,1.0,2.141,0.3238,0.1166,-0.0004,-0.0006,0.6758,0.0,-890.71,197991077.43,1.073405,-161701634.68,,,,,2026-06-29 07:54:33.871758+00:00,2026-06-29 07:00:00+00:00,3,False,0.805,-0.805,2026-06-27/2026-07-03,0.6779284830545426,0,0,0.4103948530339374,1,0.0002758110713953356,2.031750705243395e-05,0.9721688903390205,1.8934874940604265,0.6718262813032723,0,0,0.7533380479412277,0,0.00017954702404857743,-0.00013620396158606901,0.31502643097547783,1.8016571395472163,-0.00013859190895204636,-0.00029309815062001016,46.547010054683405,50.62296897201418,0.7615926472603802,0.9873670808699454,4.684325555927473e-06,0.012628234804489907,7,4,2026-06-29 07:49:30+00:00,1.0,0.47518453579298237
2026-06-29 08:19:57.784154+00:00,2026-06-29T08:19:57.776020+00:00,BTC,KXBTC15M-26JUN290430-30,2026-06-29T08:30:00Z,59908.5575,59867.76,0.0681,10.04,0.01,0.695,0.8437,0.1487,yes,trade,-0.5098,0.7198,0.7198,1.0,0.101,1.0,0.7808,0.2192,-1,0.0,0.2192,0.002768,1.1161,1.0,29.75,63.49,0.0399,0.0543,-0.131,-0.0995,-1,1.0,0.4095,0.1151,999.0,,0.3058,1.0,0.7284,0.0994,1,3.0,83.6,-1.0,59.88,87.619141,0.0,1,0.7766,0.0017828,0.0008826,-6.11e-05,0.214,,50.0,50.0,0.0752,0.7533,-2.0,-1.0,-0.0022,67.76,13.0,1.0,0.4877,0.039,77.84,2000.0,0.0,0.0,-77.84,59818.5,-0.1503,-0.0823,Sideways,Sideways,Bear,Bull,Bull,Sideways,,1.3493,0.8401,-0.1021,-0.1097,0.8982,2.212,0.3134,0.1881,-0.0004,0.0,0.6695,0.0,10176.23,3848039.24,1.00236,-131287770.59,,,,,2026-06-29 08:19:57.784154+00:00,2026-06-29 08:00:00+00:00,3,False,0.695,-0.695,2026-06-27/2026-07-03,0.3499763092260639,0,0,0.29750050802681727,0,0.0004279503733256207,-5.276742936441881e-05,0.7081470279309643,1.846340682669506,0.14775378722413945,0,0,0.44173061293420846,0,-0.0009352174578777788,7.111043687167392e-05,0.29616932450617345,1.8342833231733937,0.0005992597036075437,0.00043268606472165495,26.07088257776194,44.49282252452106,0.7437189998532698,0.9905473762184559,3.494510629281306e-06,0.009449129270908397,7,4,2026-06-29 08:09:48+00:00,7.0,0.5006406247359477
2026-06-29 08:50:22.035093+00:00,2026-06-29T08:50:22.019950+00:00,BTC,KXBTC15M-26JUN290500-00,2026-06-29T09:00:00Z,59823.4263,59784.7,0.0648,9.64,0.01,0.685,0.8399,0.1549,yes,trade,-0.519,0.4905,0.4905,1.0,1.454,1.0,0.4891,0.6875,1,0.3125,0.1984,0.002528,0.7463,2.0,38.05,35.38,0.0376,0.0491,0.0491,0.0168,1,1.0,0.4095,0.1151,999.0,,0.2914,1.0,0.7284,0.0994,1,3.0,83.6,-1.0,59.88,87.619141,0.0,1,0.7766,0.0017828,0.0008826,-6.11e-05,0.214,,,,0.0752,0.7533,0.0,1.0,-0.1472,67.99,13.0,1.0,0.4918,0.0393,78.78,2000.0,0.0,0.0,-78.78,59835.13,0.0196,0.0844,Sideways,Sideways,Bear,Bull,Bull,Sideways,,1.2562,0.8401,-0.1021,-0.1097,0.8982,2.212,0.3134,0.1881,-0.0004,0.0,0.6695,0.0,21367.78,3848039.24,1.00236,-131287770.59,,,,,2026-06-29 08:50:22.035093+00:00,2026-06-29 08:00:00+00:00,3,False,0.685,-0.685,2026-06-27/2026-07-03,0.4056974466569803,0,0,0.3112713472485923,0,-0.0004996020237403775,-0.00010094830606206698,0.7259322755672852,1.667619511226232,0.2636886271212657,0,0,0.464561277588368,0,0.000402019821824139,-0.00016520410018662458,0.3541283560461742,1.8252233948837575,8.725409909210722e-05,0.00043268606472165495,26.07088257776194,44.49282252452106,0.7437189998532698,0.9905473762184559,3.494510629281306e-06,0.009449129270908397,7,4,2026-06-29 08:40:12+00:00,3.0,0.5006406247359477
2026-06-29 09:10:38.265846+00:00,2026-06-29T09:10:38.255939+00:00,BTC,KXBTC15M-26JUN290515-15,2026-06-29T09:15:00Z,59786.8738,59767.9,0.0317,4.37,0.01,0.675,0.8302,0.1552,yes,trade,-0.4567,0.311,0.689,-1.0,0.129,1.0,0.4775,0.0,-1,0.5225,0.0,0.002261,0.6493,1.0,25.24,13.37,0.0,0.0094,-0.0191,-0.0464,-1,-1.0,-0.0494,-0.3142,0.0161,,0.2412,1.0,0.186,-0.3265,-1,-1.0,64.05,0.0,54.02,68.977301,0.0,-1,0.5766,0.0002293,0.0002679,-0.0004141,-0.023,,,,0.0752,0.7533,-2.0,-1.0,-0.0275,68.06,13.0,1.0,0.4774,0.0382,76.28,2000.0,1.0,1.0,36.73,59951.06,0.2746,0.3065,Sideways,Sideways,Bear,Bull,Bull,Sideways,,1.2519,0.8059,-0.1052,-0.1147,0.7406,2.1425,0.3235,-1.4905,-0.0024,-0.0008,0.4672,0.0,10037.36,3848039.24,1.00236,-131287770.59,,,,,2026-06-29 09:10:38.265846+00:00,2026-06-29 09:00:00+00:00,3,True,0.675,0.3249999999999999,2026-06-27/2026-07-03,0.3032014033029637,0,0,0.2186600667664398,0,1.5485739858206525e-05,-8.991403653520544e-06,0.8582453852497114,1.7236826604033797,0.32058788413641354,0,0,0.4803728058601861,0,0.0003866767665336944,-7.534977259928267e-06,0.29306341761638793,1.8200906501719982,2.1584935448461912e-05,-0.0006776986014514761,41.3807549832422,48.92231091729989,0.7555815424840604,0.9845409727281249,4.4579266451241565e-06,0.01545456934523935,7,4,2026-06-29 09:10:36+00:00,5.0,0.4668522372989663
2026-06-29 09:20:50.693180+00:00,2026-06-29T09:20:50.688328+00:00,BTC,KXBTC15M-26JUN290530-30,2026-06-29T09:30:00Z,59912.6463,59847.07,0.1096,9.16,0.01,0.835,0.9172,0.0822,yes,trade,-0.7598,0.3373,0.3373,1.0,2.309,1.0,0.2523,0.5336,1,0.4664,0.2813,0.002046,0.4384,2.0,71.0,38.19,-0.1475,-0.0092,0.2451,0.1771,1,-1.0,-0.0494,-0.3142,999.0,,0.3453,1.0,0.186,-0.3265,-1,-1.0,64.05,0.0,54.02,68.977301,0.0,-1,0.5766,0.0002293,0.0002679,-0.0004141,-0.023,,,,0.0752,0.7533,0.0,0.9392,-0.025,68.1,13.0,2.0,0.4983,0.0399,79.33,2000.0,1.0,1.0,15.68,59935.06,0.0374,0.147,Sideways,Sideways,Bear,Bull,Bull,Sideways,,1.3278,0.8946,-0.1052,-0.1147,0.7406,2.1425,0.3235,-1.4905,-0.0024,-0.0008,0.4672,0.0,8482.74,3848039.24,1.00236,-131287770.59,,,,,2026-06-29 09:20:50.693180+00:00,2026-06-29 09:00:00+00:00,3,True,0.835,0.165,2026-06-27/2026-07-03,0.42378873978691,0,0,0.34475029140143015,-1,-0.0028933984583418273,-0.0004321380650159738,0.8362952908386722,2.2826114269435336,0.5180572601494992,0,0,0.5647607688329189,1,0.000664469592240126,0.00013644924581254292,0.3039358476059928,1.8247596285754575,-0.00018502199654598975,-0.0006776986014514761,41.3807549832422,48.92231091729989,0.7555815424840604,0.9845409727281249,4.4579266451241565e-06,0.01545456934523935,7,4,2026-06-29 09:20:48+00:00,7.0,0.4668522372989663
2026-06-29 10:01:29.614806+00:00,2026-06-29T10:01:29.603462+00:00,BTC,KXBTC15M-26JUN290615-15,2026-06-29T10:15:00Z,60008.0037,59965.53,0.0708,13.51,0.01,0.695,0.8356,0.1406,yes,trade,-0.4246,0.7453,0.7453,1.0,0.194,1.0,0.5424,0.7962,1,0.2038,0.2538,0.002018,0.9961,5.0,96.37,74.86,0.0526,0.0286,0.1344,0.3057,1,1.0,0.2705,0.0406,999.0,,0.3289,1.0,0.8473,0.3374,1,1.0,78.67,1.0,59.19,68.099461,0.0,1,0.7639,-2.89e-05,0.0008859,-0.000165,0.1285,,,,0.0752,0.7533,0.0,1.0,-0.0379,68.19,13.0,2.0,0.461,0.0369,73.67,2000.0,1.0,1.0,32.33,60205.38,0.3289,0.4,Sideways,Sideways,Bear,Bull,Bull,Bull,,1.4328,0.8538,-0.1504,-0.1494,0.6941,1.886,0.3675,1.1938,0.0018,0.0016,0.6105,0.0,8202.75,3848039.24,1.00236,-131287770.59,,,,,2026-06-29 10:01:29.614806+00:00,2026-06-29 10:00:00+00:00,3,True,0.695,0.305,2026-06-27/2026-07-03,1.1190732096304588,1,1,1.0,0,0.0008836013893748864,1.213211155799655e-05,0.789055350323209,1.5403759565946773,0.993657336324022,0,0,0.8378351227475284,0,0.0008706710210616198,0.0002174757250845206,0.42146867361040996,2.1980376330286178,-0.0005490494409656513,-0.00040167161304481916,45.29458458281883,50.19991694302489,0.7556476466028743,0.9832471557789552,4.928966909726534e-06,0.016747915254147087,7,4,2026-06-29 09:56:24+00:00,7.0,0.48200422201303034
2026-06-29 10:21:51.191106+00:00,2026-06-29T10:21:51.178503+00:00,BTC,KXBTC15M-26JUN290630-30,2026-06-29T10:30:00Z,60215.8288,60146.97,0.1145,8.15,0.01,0.695,0.8642,0.1692,yes,trade,-0.8889,1.0,1.0,1.0,0.078,1.0,0.6933,0.6933,1,0.3067,0.0,0.002158,1.5885,5.0,94.45,94.82,-0.0451,0.0789,0.2418,0.3266,1,1.0,0.2705,0.0406,999.0,,0.3269,1.0,0.8473,0.3374,1,1.0,78.67,1.0,59.19,68.099461,0.0,1,0.7639,-2.89e-05,0.0008859,-0.000165,0.1285,,,,0.0752,0.7533,0.0,1.0,-0.0349,68.04,13.0,2.0,0.5548,0.0444,88.96,2000.0,0.0,0.0,-88.96,60178.56,-0.0619,0.0525,Sideways,Bull,Bear,Bull,Bull,Bull,,1.4839,0.8859,-0.1504,-0.1494,0.6941,1.886,0.3675,1.1938,0.0018,0.0016,0.6105,0.0,-4447.93,3848039.24,1.00236,-131287770.59,,,,,2026-06-29 10:21:51.191106+00:00,2026-06-29 10:00:00+00:00,3,False,0.695,-0.695,2026-06-27/2026-07-03,1.1020629541785445,1,0,0.9737726967047693,0,-0.0006509481291937584,-8.655326975274017e-05,0.7815968601450245,1.7454375550361942,0.8800453529747013,0,0,0.7807590855803044,0,-0.0007285577364912757,-0.0007422436713455899,0.3887679285299454,1.8391696183155362,-0.0002966013817926063,-0.00040167161304481916,45.29458458281883,50.19991694302489,0.7556476466028743,0.9832471557789552,4.928966909726534e-06,0.016747915254147087,7,4,2026-06-29 10:16:42+00:00,7.0,0.48200422201303034
2026-06-29 21:01:56.070172+00:00,2026-06-29T21:01:56.056960+00:00,BTC,KXBTC15M-26JUN291715-15,2026-06-29T21:15:00Z,60233.7038,60212.16,0.0358,13.07,0.01,0.655,0.7862,0.1312,yes,trade,-0.1965,0.0,1.0,-1.0,0.013,1.0,0.719,0.0,-1,0.281,0.0,0.002832,0.9057,1.0,8.53,31.78,0.018,0.0075,-0.1092,-0.1455,-1,1.0,0.4821,0.5001,999.0,,0.3651,1.0,0.0,-0.2052,-1,-1.0,73.15,-1.0,53.74,66.235407,0.0,0,0.793,0.0024297,0.0006434,0.0004557,0.1551,,,,1.0526,0.7855,-2.0,-1.0,-0.3796,67.26,13.0,2.0,0.3802,0.0304,60.91,2000.0,1.0,1.0,32.08,60393.78,0.2658,0.3016,Bull,Bull,Sideways,Bull,Bull,Bull,,0.9436,0.7765,-0.2207,-0.1921,0.5726,1.6468,0.4209,-0.6777,-0.0019,-0.0008,0.6229,0.0,47109.92,95178895.1,1.037942,-65888180.68,,,,,2026-06-29 21:01:56.070172+00:00,2026-06-29 21:00:00+00:00,3,True,0.655,0.345,2026-06-27/2026-07-03,0.034192108077866906,0,-1,0.0,0,0.0002130362649294271,-2.19144516272877e-05,0.7230368812683179,3.9138049000358497,0.558601919388441,0,0,0.7406973064537155,1,0.0006976921638735748,0.0009799839552891423,0.5982712796377685,2.1808987488149385,7.898998841580734e-05,-0.000680981957249676,100.0,60.33778103153748,0.8243151376304503,0.0005685197937397959,6.616738003275672e-05,0.999365312826234,6,3,2026-06-29 21:01:54+00:00,5.0,0.4577505108064065
2026-06-29 21:32:20.968056+00:00,2026-06-29T21:32:20.952813+00:00,BTC,KXBTC15M-26JUN291745-45,2026-06-29T21:45:00Z,60306.5212,60251.87,0.0907,12.65,0.01,0.835,0.9078,0.0728,yes,trade,-0.646,0.5,0.0,0.0,0.0,1.0,0.7825,0.2175,-1,0.0,0.2175,0.002467,0.5565,0.0,32.1,43.94,0.0,0.0,-0.0333,-0.1135,-1,1.0,0.4821,0.5001,999.0,,0.286,1.0,0.0,-0.2052,-1,-1.0,73.15,-1.0,53.74,66.235407,0.0,0,0.793,0.0024297,0.0006434,0.0004557,0.1551,,,,1.0526,0.7855,-2.0,-1.0,-0.1063,67.25,13.0,2.0,0.441,0.0353,70.14,2000.0,1.0,1.0,13.86,60472.51,0.2752,0.3662,Bull,Bull,Sideways,Bull,Bull,Bull,,0.9103,0.8946,-0.2207,-0.1921,0.5726,1.6468,0.4209,-0.6777,-0.0019,-0.0008,0.6229,0.0,49533.32,95178895.1,1.037942,-65888180.68,,,,,2026-06-29 21:32:20.968056+00:00,2026-06-29 21:00:00+00:00,3,True,0.835,0.165,2026-06-27/2026-07-03,0.78520646490609,0,0,0.5570364269402139,1,0.0008012363862234752,3.750044309979274e-05,0.7442638002945814,2.3231070228615494,0.6779806676339915,0,0,0.7439631906216939,0,0.0008752365259098049,0.0006464033154607684,0.6297123964437403,2.135137046463666,-0.0001768263979649567,-0.000680981957249676,100.0,60.33778103153748,0.8243151376304503,0.0005685197937397959,6.616738003275672e-05,0.999365312826234,6,3,2026-06-29 21:32:18+00:00,7.0,0.4577505108064065
2026-06-29 22:18:09.473112+00:00,2026-06-29T22:18:09.459337+00:00,BTC,KXBTC15M-26JUN291830-30,2026-06-29T22:30:00Z,60371.4287,60354.66,0.0278,11.85,0.02,0.62,0.7788,0.1588,yes,trade,-0.2188,0.8778,0.0776,1.0,0.323,1.0,0.5973,0.4027,-1,0.0,0.4027,0.002216,0.8535,1.0,53.67,71.13,0.0,0.0025,-0.0194,0.054,-1,1.0,0.7553,0.836,999.0,,0.2675,1.0,0.8074,0.3664,1,1.0,85.27,1.0,56.66,74.109007,0.0,1,0.9383,0.0016543,0.0006456,0.0007657,0.2634,,,,1.0526,0.7855,-2.0,-1.0,-0.0708,67.17,13.0,2.0,0.418,0.0334,66.96,2000.0,1.0,1.0,41.04,60451.09,0.132,0.1598,Bull,Sideways,Sideways,Bull,Bull,Bull,,1.1277,0.7611,-0.267,-0.2026,0.563,1.5873,0.4367,0.965,0.0009,0.0014,0.7265,0.0,48646.76,95178895.1,1.037942,-65888180.68,,,,,2026-06-29 22:18:09.473112+00:00,2026-06-29 22:00:00+00:00,3,True,0.62,0.38,2026-06-27/2026-07-03,0.6548274680766991,0,0,0.6975609756097505,1,0.0003977194727675637,-7.368594110482166e-06,0.4685490895017107,3.741231265098097,0.6257067931285819,0,0,0.6046641827062306,0,-6.693971308686854e-05,0.0003663048622802095,0.6996288093820184,2.0947085989948664,-8.555162594496897e-05,0.00013917287659278988,92.52755036143525,56.75151241652995,0.8188064848207058,0.000969705275805577,8.61595331564942e-05,0.998944135191033,6,3,2026-06-29 22:08:00+00:00,7.0,0.4864045134342575
2026-06-29 23:03:57.177913+00:00,2026-06-29T23:03:57.173202+00:00,BTC,KXBTC15M-26JUN291915-15,2026-06-29T23:15:00Z,60289.7413,60270.98,0.0311,11.05,0.01,0.655,0.8084,0.1534,yes,trade,-0.3307,0.0,0.48,-1.0,0.032,1.0,0.2741,0.0,-1,0.7259,0.0,0.001882,0.4944,-1.0,5.42,32.93,0.0,-0.0105,-0.058,-0.078,-1,1.0,0.4693,0.5674,999.0,,0.2052,1.0,0.111,-0.1786,-1,-1.0,77.15,-1.0,59.38,66.56327,0.0,0,0.7803,0.0013948,0.0003764,0.0009088,0.1389,,,,1.0526,0.7855,0.0,0.7647,0.0362,67.08,13.0,2.0,0.4446,0.0356,71.39,2000.0,0.0,0.0,-71.39,60361.68,0.1193,0.1505,Sideways,Sideways,Sideways,Bull,Bull,Bull,,1.0966,0.8401,-0.3015,-0.2128,0.6094,1.5528,0.4464,-0.6783,-0.0013,-0.0011,0.6148,0.0,64603.61,95178895.1,1.037942,-65888180.68,,,,,2026-06-29 23:03:57.177913+00:00,2026-06-29 23:00:00+00:00,3,False,0.655,-0.655,2026-06-27/2026-07-03,0.19478409729870308,0,0,0.13857771139322306,0,4.4853535237178715e-05,1.205035073866765e-05,0.6118362575966078,2.9339087407015882,0.35751299841872697,0,0,0.4608888140323925,0,6.615192811815347e-05,-2.6142200255017316e-05,0.5973877503682485,2.0826991783975615,0.0001693045507301004,8.592607448731519e-05,80.55329875216097,53.63738526841406,0.8049625906431586,0.012272279379040834,0.0001407021763060574,0.9875870184446549,6,3,2026-06-29 23:03:54+00:00,5.0,0.5089390430610072
2026-06-29 23:48:36.806140+00:00,2026-06-29T23:48:36.791969+00:00,BTC,KXBTC15M-26JUN292000-00,2026-06-30T00:00:00Z,60199.9362,60176.49,0.039,11.39,0.01,0.675,0.8257,0.1507,yes,trade,-0.4098,0.2366,0.7634,-1.0,0.047,1.0,0.5134,0.6716,1,0.3284,0.1581,0.001754,0.7861,0.0,29.69,17.78,0.0,0.014,0.0462,-0.1648,-1,1.0,0.4693,0.5674,999.0,,0.2042,1.0,0.111,-0.1786,-1,-1.0,77.15,-1.0,59.38,66.56327,0.0,0,0.7803,0.0013948,0.0003764,0.0009088,0.1389,,,,1.0526,0.7855,-1.0,0.3636,0.0385,67.09,13.0,2.0,0.4637,0.0371,74.25,2000.0,0.0,0.0,-74.25,60195.12,-0.008,0.031,Sideways,Sideways,Sideways,Bull,Bull,Bull,,1.0044,0.8224,-0.3015,-0.2128,0.6094,1.5528,0.4464,-0.6783,-0.0013,-0.0011,0.6148,0.0,65023.72,95178895.1,1.037942,-65888180.68,,,,,2026-06-29 23:48:36.806140+00:00,2026-06-29 23:00:00+00:00,3,False,0.675,-0.675,2026-06-27/2026-07-03,0.38070351807533975,0,0,0.2959330408170875,0,0.00018831874893896513,2.4193169859911337e-05,0.648031537814502,2.4971175778454255,0.2006684442523008,0,0,0.20591419840716446,0,4.6218233551920855e-05,-0.0001481954108987315,0.7654336094724702,2.076749256827218,0.0002228931816859825,8.592607448731519e-05,80.55329875216097,53.63738526841406,0.8049625906431586,0.012272279379040834,0.0001407021763060574,0.9875870184446549,6,3,2026-06-29 23:48:36+00:00,5.0,0.5089390430610072
2026-07-01 05:20:39.542766+00:00,2026-07-01T05:20:39.537889+00:00,BTC,KXBTC15M-26JUL010130-30,2026-07-01T05:30:00Z,59227.9437,59197.93,0.0507,9.34,0.01,0.655,0.8148,0.1598,yes,trade,-0.3904,0.5575,0.1492,1.0,0.641,1.0,0.317,0.3407,-1,0.3423,0.3407,0.003226,0.6467,1.0,61.47,84.79,0.0,0.0209,-0.0861,0.1782,1,1.0,0.6081,0.0727,999.0,,0.308,1.0,0.6905,0.2768,1,4.0,92.95,0.0,73.75,116.512645,0.0,0,0.8945,0.0020502,0.001202,-0.0001185,0.3552,,,,0.9489,0.9226,-2.0,-1.0,-0.0396,70.19,10.0,0.0,0.4633,0.0371,74.02,2000.0,0.0,0.0,-74.02,59167.23,-0.1025,-0.0519,Sideways,Bull,Bear,Bull,Bull,Bull,,1.4296,0.8113,-0.0501,-0.1303,0.6082,2.0494,0.3382,0.6429,-0.0002,-0.0,0.7959,0.0,88541.28,-69827311.87,0.982028,-120404406.83,,,,,2026-07-01 05:20:39.542766+00:00,2026-07-01 05:00:00+00:00,3,False,0.655,-0.655,2026-06-27/2026-07-03,0.20070363007505562,0,0,0.5493070466523494,0,-0.0009388129075828062,-0.00020276098825176424,0.8149291449700576,2.8182013720296117,0.5146214683544388,0,0,0.8319621755163172,0,-0.0010511281966514353,-8.712606557869079e-05,0.705406157006859,1.992908041507098,0.00019942290666551414,9.161038822475519e-05,37.06727676390477,44.7201240595887,0.7452907245920923,0.013905353594115197,9.635140480994606e-05,0.9859982950010797,6,3,2026-07-01 05:10:30+00:00,2.0,0.5282645623537221
2026-07-01 09:09:04.992016+00:00,2026-07-01T09:09:04.983994+00:00,BTC,KXBTC15M-26JUL010515-15,2026-07-01T09:15:00Z,58933.2913,58902.78,0.0518,5.92,0.01,0.655,0.8224,0.1674,yes,trade,-0.4816,0.8004,0.1996,-1.0,0.088,1.0,0.885,1.0,1,0.0,0.115,0.002627,1.6427,3.0,92.53,76.53,0.0041,0.1347,0.4366,0.3887,1,1.0,0.0175,-0.4575,999.0,,0.3204,1.0,1.0,0.3351,1,2.0,70.1,1.0,56.92,59.174496,0.0,1,0.6856,-0.0004408,0.0002691,-0.000232,0.0407,,,,-0.6979,0.2306,-1.0,0.3857,-0.4123,71.05,10.0,0.0,0.4851,0.0388,77.29,2000.0,0.0,0.0,-77.29,58953.79,0.0348,0.0866,Sideways,Sideways,Bear,Bull,Bull,Bull,,1.2695,0.7896,-0.0044,-0.0907,0.5052,2.405,0.2882,0.9294,0.0023,0.0011,0.5371,0.0,-56510.42,-10051995.18,0.994867,-329938360.03,,,,,2026-07-01 09:09:04.992016+00:00,2026-07-01 09:00:00+00:00,3,False,0.655,-0.655,2026-06-27/2026-07-03,1.169465922655339,1,0,0.8689628964278298,-1,-0.00012338373364988663,9.690516309398753e-05,0.6975736992545036,1.7362512421413665,0.808332226738419,0,0,0.5136733031107066,0,-0.0005610759287436487,-0.0006540917643349867,0.5660120643759452,3.7898631746382425,-0.0006131249824689635,-0.0003987459503403254,27.19221448851957,42.91274492916255,0.7740060579585776,0.002659746171029872,8.968287635734151e-05,0.9972505709526079,7,3,2026-07-01 09:04:00+00:00,7.0,0.48636275979382876
2026-07-01 19:01:54.541426+00:00,2026-07-01T19:01:54.526898+00:00,BTC,KXBTC15M-26JUL011515-15,2026-07-01T19:15:00Z,60140.2238,60113.35,0.0447,13.09,0.01,0.635,0.7868,0.1518,yes,trade,-0.2328,0.8254,0.8254,1.0,0.141,1.0,0.282,0.3646,-1,0.3534,0.3646,0.002711,1.2091,0.0,49.71,74.1,0.0,-0.0188,-0.0938,0.0184,-1,1.0,1.3698,1.3383,999.0,,0.3846,1.0,0.4971,-0.0377,-1,-1.0,83.66,0.0,62.26,179.336969,0.0,0,0.9412,0.0044678,0.0019971,0.0010396,0.3486,,,,2.6004,0.8361,-1.0,-1.0,0.0221,64.68,10.0,0.0,0.4158,0.0333,66.67,2000.0,1.0,1.0,38.32,60292.49,0.2532,0.298,Bull,Bull,Bear,Bull,Bull,Bull,,0.6643,0.7611,-0.0805,-0.0719,0.4948,2.6361,0.2629,-0.089,-0.0013,-0.0007,0.876,0.0,-188443.11,384500065.19,1.06702,311850460.4,,,,,2026-07-01 19:01:54.541426+00:00,2026-07-01 19:00:00+00:00,3,True,0.635,0.365,2026-06-27/2026-07-03,0.8845958877001402,0,0,0.9659989562843678,1,0.001185714847714552,0.00021089608570904698,0.5706341584101619,1.7919922357066775,0.7959441150817923,0,0,0.7926323740742096,0,0.0008762101309034965,0.0005322969554754629,0.7210747656206841,1.354826152237431,9.341410657900578e-05,-1.0881527718683821e-05,80.20005514092348,59.757556794385614,0.9969426322897301,1.992074014646777e-05,9.494341750115809e-05,0.9998851358423512,7,1,2026-07-01 19:01:54+00:00,1.0,0.5478572453207737
2026-07-01 19:17:04.864386+00:00,2026-07-01T19:17:04.860595+00:00,BTC,KXBTC15M-26JUL011530-30,2026-07-01T19:30:00Z,60279.8263,60226.14,0.0891,12.92,0.01,0.675,0.8313,0.1563,yes,trade,-0.4697,1.0,1.0,1.0,0.243,1.0,1.0,1.0,1,0.0,0.0,0.00263,0.8466,2.0,100.0,100.0,0.0441,0.0848,0.0809,0.2684,1,1.0,1.3698,1.3383,999.0,,0.3826,1.0,0.4971,-0.0377,-1,-1.0,83.66,0.0,62.26,179.336969,0.0,0,0.9412,0.0044678,0.0019971,0.0010396,0.3486,,,,2.6004,0.8361,1.0,0.9939,0.0469,64.64,10.0,0.0,0.4808,0.0385,76.95,2000.0,0.0,0.0,-76.95,60189.32,-0.1501,-0.0611,Bull,Bull,Bear,Bull,Bull,Bull,,0.6792,0.8859,-0.0805,-0.0719,0.4948,2.6361,0.2629,-0.089,-0.0013,-0.0007,0.876,0.0,-192161.15,384500065.19,1.06702,311850460.4,,,,,2026-07-01 19:17:04.864386+00:00,2026-07-01 19:00:00+00:00,3,False,0.675,-0.675,2026-06-27/2026-07-03,0.7542606820689386,0,0,0.8480750316144444,-1,-0.00034508235623122174,-8.419772760586287e-05,0.6228043339782177,1.9322148217817954,0.5878206314674735,0,0,0.6997033789012135,-1,-0.0010057175364240093,-0.0006481178009721329,0.768641204690098,1.391006479146998,-0.00021157937705319264,-1.0881527718683821e-05,80.20005514092348,59.757556794385614,0.9969426322897301,1.992074014646777e-05,9.494341750115809e-05,0.9998851358423512,7,1,2026-07-01 19:17:04+00:00,1.0,0.5478572453207737
2026-07-01 19:32:14.702369+00:00,2026-07-01T19:32:14.696304+00:00,BTC,KXBTC15M-26JUL011545-45,2026-07-01T19:45:00Z,60149.8313,60100.72,0.0817,12.76,0.01,0.745,0.8596,0.1146,yes,trade,-0.4714,0.5,0.0,0.0,0.002,1.0,0.7952,0.0,-1,0.2048,0.0,0.002611,0.8251,1.0,54.62,79.66,0.0,0.0401,-0.1751,0.0864,-1,1.0,1.3698,1.3383,999.0,,0.3517,1.0,0.4971,-0.0377,-1,-1.0,83.66,0.0,62.26,179.336969,0.0,0,0.9412,0.0044678,0.0019971,0.0010396,0.3486,,,,2.6004,0.8361,0.0,-0.455,-0.0584,64.59,10.0,0.0,0.4493,0.0359,71.52,2000.0,1.0,1.0,24.48,60189.32,0.0657,0.1474,Bull,Bull,Bear,Bull,Bull,Bull,,0.6561,0.8401,-0.0805,-0.0719,0.4948,2.6361,0.2629,-0.089,-0.0013,-0.0007,0.876,0.0,-192007.42,384500065.19,1.06702,311850460.4,,,,,2026-07-01 19:32:14.702369+00:00,2026-07-01 19:00:00+00:00,3,True,0.745,0.255,2026-06-27/2026-07-03,0.5546411164752125,0,0,0.6947449768160949,1,0.000746959180002287,6.059496264891617e-05,0.6994403477131667,2.1698894882501563,0.5790799199165613,0,0,0.6997033789012135,0,-9.692353151883541e-05,0.00031288775270162713,0.7792904975515419,1.3754812458961287,0.00010490532925610042,-1.0881527718683821e-05,80.20005514092348,59.757556794385614,0.9969426322897301,1.992074014646777e-05,9.494341750115809e-05,0.9998851358423512,7,1,2026-07-01 19:32:14+00:00,7.0,0.5478572453207737
2026-07-02 21:54:51.972833+00:00,2026-07-02T21:54:51.964158+00:00,BTC,KXBTC15M-26JUL021800-00,2026-07-02T22:00:00Z,61512.6113,61459.03,0.0872,5.14,0.01,0.765,0.9075,0.1425,yes,trade,-1.1217,1.0,1.0,1.0,0.0,1.0,0.8676,0.0,-1,0.1324,0.0,0.001894,0.2564,1.0,82.11,44.21,0.0,0.0874,0.0581,0.0562,1,1.0,0.7204,2.041,999.0,,0.2485,1.0,1.0,0.1657,1,1.0,70.66,0.0,72.82,-22.308933,0.0,0,0.6928,-0.0001923,0.0014738,0.0010068,0.1025,,,,-0.2921,0.3629,1.0,1.0,-0.0416,62.68,18.0,1.0,0.6062,0.0485,120.87,2500.0,1.0,1.0,37.13,61573.15,0.0984,0.1857,Bull,Sideways,Sideways,Bull,Bull,Bull,,0.6119,0.8946,0.0324,0.0518,0.4834,2.9646,0.2338,0.2643,0.0007,0.002,0.5837,0.0,-52801.37,-115171292.35,0.946421,775237528.48,,,,,2026-07-02 21:54:51.972833+00:00,2026-07-02 21:00:00+00:00,3,True,0.765,0.235,2026-06-27/2026-07-03,0.9380484493954939,0,0,0.9355771648922974,1,0.0004987051688225796,1.2407311385269218e-05,0.6341927267987177,1.885737659034425,0.5482101181041634,0,0,0.35134585050627626,1,0.0003872411528944277,0.00020070786096335004,0.6584915876184841,1.7604283375350078,0.0002731183386818562,-0.00020292631075391333,98.85907271405074,66.83587830149936,0.8134737099513035,5.7089606889163105e-05,0.0004258823407881812,0.9995170280523251,1,1,,,0.4661237185467603
2026-07-04 01:21:26.529604+00:00,2026-07-04T01:21:26.516947+00:00,BTC,KXBTC15M-26JUL032130-30,2026-07-04T01:30:00Z,62483.0363,62462.17,0.0334,8.56,0.01,0.615,0.773,0.158,yes,trade,-0.1948,1.0,0.6204,1.0,0.029,1.0,0.9112,0.0888,-1,0.0,0.0888,0.002088,2.1127,1.0,20.36,16.1,0.0,0.0345,0.0518,-0.3138,-1,1.0,0.9301,1.9342,0.3237,,0.4247,1.0,0.5399,0.2761,1,2.0,85.44,1.0,74.09,35.258337,0.0,0,0.9223,0.001504,0.001087,0.0009821,0.3687,,,,0.6133,0.54,-1.0,-1.0,-0.1871,60.36,21.0,0.0,0.4104,0.0328,81.8,2500.0,0.0,0.0,-81.8,62481.28,-0.0028,0.0306,Bull,Sideways,Sideways,Bull,Bull,Bull,,0.8405,0.7553,-0.2798,0.0849,0.5083,2.4963,0.2777,0.4373,0.0009,0.0008,0.841,0.0,-48644.08,393884184.67,1.19839,487641945.71,,,,,2026-07-04 01:21:26.529604+00:00,2026-07-04 01:00:00+00:00,3,False,0.615,-0.615,2026-07-04/2026-07-10,-0.02209486376638729,-1,0,4.616911748672506e-05,-1,-0.0007015621548282488,-0.00010550490065639774,0.6121175959760103,2.334743073290238,0.11698272912644961,0,0,0.07622259696458678,0,0.00028268943978752587,0.00044004868758749666,0.584373216637557,5.377051489385253,0.00024842086433172106,0.0006600344033383206,95.10229458509002,71.76878593299722,0.6516592580600395,0.9999995081509568,4.7512398200203815e-07,1.6725051919792894e-08,5,0,,,0.5326032485505334
2026-07-04 01:31:37.813131+00:00,2026-07-04T01:31:37.800042+00:00,BTC,KXBTC15M-26JUL032145-45,2026-07-04T01:45:00Z,62464.7312,62417.23,0.0761,13.37,0.01,0.785,0.8515,0.0665,yes,trade,-0.3545,0.7013,0.2987,-1.0,0.171,1.0,0.419,0.2815,-1,0.2994,0.2815,0.002057,1.1236,1.0,20.91,16.3,0.0277,0.0552,-0.0641,-0.4097,-1,1.0,0.9301,1.9342,0.4181,,0.4254,1.0,0.5399,0.2761,1,2.0,85.44,1.0,74.09,35.258337,0.0,0,0.9223,0.001504,0.001087,0.0009821,0.3687,,,,0.6133,0.54,-1.0,-0.9904,0.0546,60.36,21.0,0.0,0.3094,0.0248,62.02,2500.0,0.0,0.0,-62.02,62453.75,-0.0176,0.0585,Bull,Sideways,Sideways,Bull,Bull,Bull,,0.8139,0.7896,-0.2798,0.0849,0.5083,2.4963,0.2777,0.4373,0.0009,0.0008,0.841,0.0,-47628.51,393884184.67,1.19839,487641945.71,,,,,2026-07-04 01:31:37.813131+00:00,2026-07-04 01:00:00+00:00,3,False,0.785,-0.785,2026-07-04/2026-07-10,0.2682451889783822,0,0,0.19935425443950383,0,0.0008775177153564769,6.44107507055434e-05,0.5352366887726551,2.1588612007777446,0.1450344307668336,0,0,0.04461307850853429,0,0.0007211878289195663,7.978326057267817e-05,0.5739571591022667,5.532851314959504,0.00024105154119666284,0.0006600344033383206,95.10229458509002,71.76878593299722,0.6516592580600395,0.9999995081509568,4.7512398200203815e-07,1.6725051919792894e-08,5,0,,,0.5326032485505334
2026-07-04 06:31:24.808056+00:00,2026-07-04T06:31:24.796429+00:00,BTC,KXBTC15M-26JUL040245-45,2026-07-04T06:45:00Z,62436.7562,62358.54,0.1254,13.59,0.01,0.845,0.9461,0.1011,yes,trade,-1.3353,1.0,1.0,1.0,0.044,1.0,0.2701,0.7299,-1,0.0,0.7299,0.001428,1.2741,1.0,55.72,34.48,0.0337,0.192,0.0366,-0.0672,1,1.0,0.2036,0.9895,0.1322,,0.1846,1.0,0.0,-0.3599,-1,-1.0,53.38,-1.0,65.38,-21.095755,0.0,-1,0.5973,-0.0003611,0.0003921,0.0005125,-0.0206,,,,0.0736,0.453,1.0,1.0,0.0289,60.02,21.0,0.0,0.6523,0.0522,130.13,2500.0,1.0,1.0,23.87,62481.28,0.0713,0.1968,Bull,Sideways,Sideways,Bull,Bull,Bull,,1.2256,0.9201,-0.2815,-0.0372,0.7777,3.3254,0.2084,-1.0939,-0.0014,-0.0007,0.4306,0.0,20181.1,61156459.3,1.058719,459880979.4,,,,,2026-07-04 06:31:24.808056+00:00,2026-07-04 06:00:00+00:00,3,True,0.845,0.155,2026-07-04/2026-07-10,0.6131536372348466,0,0,0.38710774725741676,0,0.0012034877905516756,1.347426732173666e-05,0.5816965511811562,3.9440559290074724,0.37365052182398717,0,0,0.3448310691379192,0,0.0014024287645306075,0.00022159322491655366,0.5513638098287245,2.477787452723213,0.00015236288795036787,-8.160203344044785e-05,94.20322016905298,71.06670597302681,0.66123099041504,0.9999991279752686,8.187580982454234e-07,5.326662435228529e-08,5,0,,,0.4883317141070257
2026-07-04 08:23:19.543054+00:00,2026-07-04T08:23:19.538958+00:00,BTC,KXBTC15M-26JUL040430-30,2026-07-04T08:30:00Z,62515.7663,62484.19,0.0505,6.68,0.01,0.865,0.9494,0.0844,yes,trade,-1.2123,0.5,0.0,0.0,0.01,1.0,1.0,0.0,-1,0.0,0.0,0.001209,0.8313,1.0,39.88,54.81,0.0,0.0,0.0067,0.0232,-1,1.0,0.3272,1.1737,0.0393,,0.1169,1.0,0.774,0.1233,1,2.0,55.24,1.0,62.26,-37.72947,0.0,0,0.6561,0.0002706,0.0004774,0.0005525,0.0813,,50.0,50.0,-0.0959,0.6012,1.0,1.0,-0.0271,59.84,21.0,0.0,0.6251,0.05,125.42,2500.0,1.0,1.0,19.57,62561.57,0.0733,0.1238,Bull,Sideways,Sideways,Bull,Bull,Sideways,,1.7524,0.9373,-0.1553,-0.0348,0.6603,3.3925,0.2043,0.1181,0.0008,0.0002,0.5727,0.0,15035.96,61156459.3,1.058719,459880979.4,,,,,2026-07-04 08:23:19.543054+00:00,2026-07-04 08:00:00+00:00,3,True,0.865,0.135,2026-07-04/2026-07-10,0.43934778087312676,0,0,0.43787575150299496,0,-6.785670298869941e-06,-2.2374059027322824e-06,0.6312410040291747,2.2539655354009764,0.6033355188416789,0,0,0.5475733548810674,1,0.0003100929845029851,9.871514374494594e-05,0.652767376494632,1.2830711568445474,0.00011908738179384549,-7.075947106993172e-05,98.32096280122202,74.0218184857357,0.6381492990866731,0.9999999122436559,8.775350998377728e-08,2.822981640043768e-12,5,0,,,0.4953511534530999
2026-07-04 09:49:54.175750+00:00,2026-07-04T09:49:54.171042+00:00,BTC,KXBTC15M-26JUL040600-00,2026-07-04T10:00:00Z,62429.8513,62395.49,0.0551,10.1,0.01,0.835,0.9134,0.0784,yes,trade,-0.7098,0.0,0.2229,-1.0,3.166,1.0,1.0,0.0,-1,0.0,0.0,0.001136,0.4987,1.0,25.44,29.39,0.0262,0.0782,0.0649,-0.0976,1,1.0,0.3323,1.0838,0.1039,,0.1769,1.0,0.7213,0.0228,1,3.0,56.71,0.0,62.14,-33.989534,0.0,0,0.6632,0.0001919,-0.0001725,0.0006946,0.0991,,,,-0.0959,0.6012,1.0,1.0,0.045,59.79,21.0,0.0,0.475,0.038,95.19,2500.0,1.0,1.0,18.81,62508.91,0.1266,0.1818,Sideways,Sideways,Sideways,Bull,Bull,Sideways,,1.6754,0.8946,-0.1721,-0.1921,0.5575,1.7931,0.3866,-0.0843,0.0002,-0.0002,0.6,0.0,-1549.31,-123633922.09,0.84471,278669924.97,,,,,2026-07-04 09:49:54.175750+00:00,2026-07-04 09:00:00+00:00,3,True,0.835,0.165,2026-07-04/2026-07-10,0.49309361517300243,0,0,0.2556119512322662,0,0.0005215943073062933,1.0595610831763604e-05,0.6191208908009316,2.3216797524083566,0.4272655922246035,0,0,0.4654307339059552,0,0.0009542129675469529,7.126521951572595e-05,0.5094053233436684,1.4681457189932696,0.00015080332051118291,0.00020818491428993205,94.27455051972102,70.75679494181342,0.6285682062082628,0.9999994626794284,5.293181207147904e-07,8.002456590309016e-09,5,0,,,0.48504476112365635
2026-07-04 11:16:26.022167+00:00,2026-07-04T11:16:26.005637+00:00,BTC,KXBTC15M-26JUL040730-30,2026-07-04T11:30:00Z,62479.7762,62452.53,0.0436,13.57,0.01,0.795,0.9062,0.1112,yes,trade,-0.8058,1.0,1.0,1.0,0.216,1.0,0.4387,1.0,1,0.0,0.5613,0.000888,0.584,1.0,69.97,39.45,0.0,0.0174,0.0692,0.0803,1,1.0,0.1525,0.7061,0.0603,,0.1065,1.0,0.6997,0.0446,1,1.0,29.37,0.0,41.23,-37.799588,0.0,0,0.546,-0.0003531,-9.9e-05,0.0004054,0.0027,,,,-0.0959,0.6012,1.0,1.0,0.0199,59.91,21.0,0.0,0.5422,0.0434,108.12,2500.0,0.0,0.0,-108.12,62478.58,-0.0019,0.0417,Bull,Sideways,Sideways,Bull,Bull,Sideways,,1.8726,0.8946,-0.1613,-0.2423,0.692,1.4207,0.4879,-0.0653,0.0002,0.0004,0.4773,0.0,-8797.02,-123633922.09,0.84471,278669924.97,,,,,2026-07-04 11:16:26.022167+00:00,2026-07-04 11:00:00+00:00,3,False,0.795,-0.795,2026-07-04/2026-07-10,0.8387047946351789,0,0,0.779320987654286,0,5.9789696789100464e-06,-5.3031361657007985e-06,0.558078746546885,2.08029621839658,0.33519423278596866,0,0,0.20084220956156137,-1,-0.00034440875357812675,1.8407593642071605e-05,0.5457847521829952,1.3990734476488655,0.00015128576769437319,6.482572931885585e-06,94.14496704934079,70.63519964931282,0.6094927368544277,0.9999943664863143,3.52434264224671e-06,2.1091710474938187e-06,5,0,,,0.5006449164743143
2026-07-04 11:41:46.347013+00:00,2026-07-04T11:41:46.335446+00:00,BTC,KXBTC15M-26JUL040745-45,2026-07-04T11:45:00Z,62441.6362,62424.01,0.0282,3.23,0.01,0.825,0.9225,0.0975,yes,trade,-0.8992,0.0,1.0,-1.0,0.528,1.0,0.5206,0.0,-1,0.4794,0.0,0.000872,1.237,1.0,41.74,30.17,0.0167,-0.0374,-0.0285,0.0219,1,1.0,0.1525,0.7061,0.0887,,0.1266,1.0,0.6997,0.0446,1,1.0,29.37,0.0,41.23,-37.799588,0.0,0,0.546,-0.0003531,-9.9e-05,0.0004054,0.0027,,,,-0.0959,0.6012,0.0,-0.037,-0.0341,59.94,21.0,0.0,0.557,0.0446,111.38,2500.0,1.0,1.0,23.63,62488.27,0.0747,0.1029,Bull,Sideways,Sideways,Bull,Bull,Sideways,,1.7525,0.9201,-0.1613,-0.2423,0.692,1.4207,0.4879,-0.0653,0.0002,0.0004,0.4773,0.0,-8403.59,-123633922.09,0.84471,278669924.97,,,,,2026-07-04 11:41:46.347013+00:00,2026-07-04 11:00:00+00:00,3,True,0.825,0.175,2026-07-04/2026-07-10,0.5519541423651534,0,0,0.5083086053411576,-1,4.315595590504448e-06,5.321681906238045e-06,0.6648804432609412,1.961257466571866,0.5328837930786903,0,0,0.33519962325361036,1,0.0004865183535230505,6.867066174300702e-05,0.6087339602034978,1.4813397635007444,0.0001337430117720028,6.482572931885585e-06,94.14496704934079,70.63519964931282,0.6094927368544277,0.9999943664863143,3.52434264224671e-06,2.1091710474938187e-06,5,0,,,0.5006449164743143
2026-07-05 08:32:34.176320+00:00,2026-07-05T08:32:34.162289+00:00,BTC,KXBTC15M-26JUL050445-45,2026-07-05T08:45:00Z,62931.4912,62885.54,0.0731,12.43,0.01,0.805,0.9145,0.1095,yes,trade,-0.8871,0.0,1.0,-1.0,1.147,1.0,0.8631,0.0,-1,0.1369,0.0,0.001318,0.991,1.0,57.14,68.67,0.0441,0.0312,-0.0487,0.0705,-1,1.0,0.2656,0.6764,0.0325,,0.1693,1.0,1.0,0.3778,1,2.0,51.09,1.0,41.87,-47.716757,0.0,0,0.5845,0.0004562,-0.0003506,0.0003052,0.1669,,50.0,50.0,0.4176,1.0,-1.0,-1.0,0.0111,59.6,24.0,1.0,0.5616,0.0449,112.7,2500.0,1.0,1.0,27.3,62946.01,0.0231,0.0962,Sideways,Sideways,Sideways,Bull,Bull,Sideways,,1.9832,0.9201,-0.1382,-0.1684,0.3946,1.7742,0.3907,1.4423,0.0019,0.0005,0.7038,0.0,40039.83,-272901136.54,0.778991,-48937795.34,,0.4482,0.0,,2026-07-05 08:32:34.176320+00:00,2026-07-05 08:00:00+00:00,3,True,0.805,0.1949999999999999,2026-07-04/2026-07-10,0.39102155752847195,0,0,0.6060869078284339,0,0.00025699132142603567,1.3714034187912874e-05,0.634497632150197,2.8013825247432886,0.6964436083841165,0,0,0.6602511470659369,0,0.00016893630882984653,7.372682940325645e-05,0.5524044589517253,2.538260250349991,6.772239757955172e-05,0.00012443210577082532,96.45583938165711,74.44784566943635,0.6047160734090767,0.9999998190855756,1.807690123113112e-07,1.454145078103375e-10,5,0,,,
2026-07-05 15:34:20.576960+00:00,2026-07-05T15:34:20.566195+00:00,BTC,KXBTC15M-26JUL051145-45,2026-07-05T15:45:00Z,62752.9212,62728.8,0.0385,10.66,0.01,0.735,0.8237,0.0887,yes,trade,-0.2707,0.4302,0.4302,1.0,0.324,1.0,0.9023,0.0977,-1,0.0,0.0977,0.001418,0.6809,1.0,40.31,50.38,0.0,0.0398,-0.0089,-0.1744,-1,-1.0,-0.0064,0.1741,0.0353,,0.3153,1.0,0.9096,0.0266,1,3.0,55.23,0.0,44.4,-30.328939,0.0,0,0.3882,-0.0002859,0.0001549,9.43e-05,0.0116,,,,-0.5734,0.3304,0.0,-0.1228,0.0145,59.51,24.0,1.0,0.3347,0.0268,66.89,2500.0,0.0,0.0,-66.89,62683.72,-0.1103,-0.0719,Sideways,Sideways,Sideways,Bull,Bull,Sideways,,1.2499,0.8568,-0.1761,-0.1767,0.5961,1.7647,0.3928,0.0651,-0.0,-0.0001,0.5295,0.0,-245815.18,-240088902.03,0.800088,-484728742.87,,0.4736,0.0,,2026-07-05 15:34:20.576960+00:00,2026-07-05 15:00:00+00:00,3,False,0.735,-0.735,2026-07-04/2026-07-10,0.48808936424007837,0,0,0.4362038129304931,1,0.000361479784493278,-1.849607025350506e-06,0.37133840273244123,2.9641336067051816,0.34396325900881747,0,0,0.32638849085804417,0,-0.0003482003074066791,6.345442940158211e-05,0.5486394879995788,3.234552042896767,6.163104140396297e-05,0.00012443210577082532,96.45583938165711,74.44784566943635,0.6047160734090767,0.9999998190855756,1.807690123113112e-07,1.454145078103375e-10,5,0,,,
2026-07-05 15:49:41.026952+00:00,2026-07-05T15:49:41.019688+00:00,BTC,KXBTC15M-26JUL051200-00,2026-07-05T16:00:00Z,62676.8463,62658.4,0.0294,10.32,0.01,0.675,0.7892,0.1142,yes,trade,-0.1879,0.0314,0.9686,-1.0,0.125,1.0,0.3447,0.0184,-1,0.6369,0.0184,0.00154,1.9711,1.0,14.41,21.75,-0.0142,0.0232,-0.1212,-0.2944,-1,-1.0,-0.0064,0.1741,0.1566,,0.3534,1.0,0.9096,0.0266,1,3.0,55.23,0.0,44.4,-30.328939,0.0,0,0.3882,-0.0002859,0.0001549,9.43e-05,0.0116,,,,-0.5734,0.3304,-1.0,-1.0,-0.0661,59.52,24.0,1.0,0.3513,0.0281,70.2,2500.0,1.0,1.0,33.8,62731.07,0.0865,0.116,Sideways,Sideways,Sideways,Bull,Bull,Sideways,,1.2954,0.7553,-0.1761,-0.1767,0.5961,1.7647,0.3928,0.0651,-0.0,-0.0001,0.5295,0.0,-244412.78,-240088902.03,0.800088,-484728742.87,,0.4736,0.0,,2026-07-05 15:49:41.026952+00:00,2026-07-05 15:00:00+00:00,3,True,0.675,0.3249999999999999,2026-07-04/2026-07-10,0.1844467630467253,0,0,0.14669507972146117,0,0.0006200872093975423,5.116167379023116e-05,0.5504254065302513,3.2580728871663065,0.4513382001215266,0,0,0.41262108098814193,0,0.0007114961956007008,8.73239791068835e-05,0.5142847030529258,3.527032590379234,7.1726228764413e-05,0.00012443210577082532,96.45583938165711,74.44784566943635,0.6047160734090767,0.9999998190855756,1.807690123113112e-07,1.454145078103375e-10,5,0,,,
2026-07-05 19:33:47.578301+00:00,2026-07-05T19:33:47.562671+00:00,BTC,KXBTC15M-26JUL051545-45,2026-07-05T19:45:00Z,62767.8488,62722.31,0.0726,11.21,0.01,0.765,0.8829,0.1179,yes,trade,-0.6358,0.9998,0.0002,-1.0,0.083,1.0,0.65,0.35,-1,0.0,0.35,0.001316,1.4943,1.0,56.46,72.49,0.0,0.0322,-0.1277,0.0045,-1,1.0,0.0683,0.1796,0.0006,,0.2472,1.0,0.8999,0.312,1,2.0,57.14,1.0,49.79,-20.018887,0.0,1,0.542,0.0002296,5.09e-05,-0.0002228,0.0872,,,,0.0948,0.4126,1.0,1.0,0.0045,59.37,24.0,1.0,0.5017,0.0401,100.22,2500.0,1.0,1.0,30.79,62783.99,0.0257,0.0983,Sideways,Sideways,Sideways,Bull,Sideways,Sideways,,0.9605,0.8703,-0.13,-0.1462,0.7182,1.9081,0.3633,1.1773,0.0018,0.0004,0.6208,0.0,-202825.58,-23831543.35,0.972053,-155040941.08,,0.4685,0.0,,2026-07-05 19:33:47.578301+00:00,2026-07-05 19:00:00+00:00,3,True,0.765,0.235,2026-07-04/2026-07-10,0.3900833505045756,0,0,0.6830279576686052,0,0.00021383536240527295,1.6778101099665268e-06,0.6227801538857424,1.950230421662718,0.6243579723681468,0,0,0.516806597149601,0,0.00012094857345540638,5.200431633180279e-05,0.4224427939075333,2.9001746865796374,5.0990949161615066e-05,0.00012443210577082532,96.45583938165711,74.44784566943635,0.6047160734090767,0.9999998190855756,1.807690123113112e-07,1.454145078103375e-10,5,0,,,
2026-07-06 02:04:05.514724+00:00,2026-07-06T02:04:05.500228+00:00,BTC,KXBTC15M-26JUL052215-15,2026-07-06T02:15:00Z,63593.3587,63520.59,0.1146,10.91,0.01,0.845,0.911,0.066,yes,trade,-0.6475,0.6039,0.453,1.0,0.009,1.0,0.8757,0.1243,-1,0.0,0.1243,0.003389,0.7205,1.0,30.15,46.96,0.0322,0.1378,0.1091,0.0366,1,1.0,0.7656,1.0846,999.0,,0.388,1.0,0.0545,-0.2834,-1,-1.0,71.07,-1.0,71.82,107.557284,0.0,-1,0.8937,0.0021043,0.0010418,0.0004687,0.2862,,,,1.3595,0.7493,0.0,-0.5695,-0.0464,58.68,23.0,1.0,0.4258,0.0341,85.34,2500.0,0.0,0.0,-85.34,63452.3,-0.2218,-0.1075,Bull,Bull,Sideways,Bull,Sideways,Sideways,,1.0864,0.8859,0.0973,-0.0149,0.5401,4.1794,0.1658,-1.2665,-0.0025,-0.0005,0.7697,0.0,191725.08,642439228.12,1.294366,634053802.51,,0.5503,1.0,,2026-07-06 02:04:05.514724+00:00,2026-07-06 02:00:00+00:00,3,False,0.845,-0.845,2026-07-04/2026-07-10,0.36585115620282826,0,0,0.4771774087378488,1,0.0006248489473815935,8.078255240579553e-06,0.75740661079134,1.371344395633057,0.24998812993598976,0,0,0.5690092075234143,0,-0.0005493845281312108,0.00011625744967653714,0.6358179098521333,4.014176885720626,9.35666105855185e-05,0.00012443210577082532,96.45583938165711,74.44784566943635,0.6047160734090767,0.9999998190855756,1.807690123113112e-07,1.454145078103375e-10,5,0,,,
2026-07-06 02:19:21.482428+00:00,2026-07-06T02:19:21.477727+00:00,BTC,KXBTC15M-26JUL052230-30,2026-07-06T02:30:00Z,63434.8712,63395.83,0.0616,10.65,0.01,0.765,0.8324,0.0674,yes,trade,-0.3561,0.5688,0.4312,-1.0,0.007,1.0,0.6218,0.1012,-1,0.277,0.1012,0.00324,1.1742,1.0,11.78,17.47,0.0438,0.0524,-0.2276,-0.2639,-1,1.0,0.7656,1.0846,0.1703,,0.3842,1.0,0.0545,-0.2834,-1,-1.0,71.07,-1.0,71.82,107.557284,0.0,-1,0.8937,0.0021043,0.0010418,0.0004687,0.2862,,,,1.3595,0.7493,-1.0,-1.0,-0.2164,58.69,23.0,1.0,0.2869,0.023,57.38,2500.0,1.0,1.0,17.63,63493.95,0.0931,0.1548,Bull,Bull,Sideways,Bull,Sideways,Sideways,,0.994,0.8,0.0973,-0.0149,0.5401,4.1794,0.1658,-1.2665,-0.0025,-0.0005,0.7697,0.0,413437.98,642439228.12,1.294366,634053802.51,,0.5503,1.0,,2026-07-06 02:19:21.482428+00:00,2026-07-06 02:00:00+00:00,3,True,0.765,0.235,2026-07-04/2026-07-10,0.1319744262777456,0,0,0.1111227900523321,1,0.000769101655294769,2.86344128210802e-05,0.8724041778229061,2.5293058445339502,0.3892304660967439,0,0,0.5589055724846494,1,0.0014276491147254995,0.0003167431849038921,0.6410259843897005,3.5831211370958758,9.067203990075012e-05,0.00012443210577082532,96.45583938165711,74.44784566943635,0.6047160734090767,0.9999998190855756,1.807690123113112e-07,1.454145078103375e-10,5,0,,,
2026-07-07 01:46:41.568244+00:00,2026-07-07T01:46:41.562980+00:00,BTC,KXBTC15M-26JUL062200-00,2026-07-07T02:00:00Z,63942.8487,63897.01,0.0717,13.31,0.01,0.695,0.8182,0.1232,yes,trade,-0.2982,1.0,0.7801,1.0,1.132,1.0,0.0696,1.0,1,0.0,0.9304,0.0025,1.1256,2.0,39.5,34.53,0.0203,0.158,0.0288,-0.1651,1,1.0,1.1066,1.5705,0.1629,,0.4779,1.0,0.6519,0.2632,1,1.0,86.69,1.0,64.1,138.649028,0.0,0,0.8019,0.0013066,0.0032563,0.000282,0.2132,,,,0.468,0.4194,1.0,1.0,-0.0949,56.37,26.0,0.0,0.4039,0.0323,80.62,2500.0,0.0,0.0,-80.62,63851.36,-0.1431,-0.0714,Bull,Sideways,Sideways,Bull,Sideways,Bull,,0.7494,0.8059,0.1899,0.1759,0.8161,1.7383,0.3988,0.4545,0.0003,0.0021,0.8008,0.0,108626.49,344140104.81,1.189517,458161502.07,,0.4666,0.0,neutral,2026-07-07 01:46:41.568244+00:00,2026-07-07 01:00:00+00:00,3,False,0.695,-0.695,2026-07-04/2026-07-10,0.6184482620202891,0,0,0.3986622481550059,0,0.0002701035966629374,-8.125763790304435e-05,0.4903654874453387,2.5893551432169524,0.140958224128435,0,0,0.016410404485189024,-1,-0.0005341407738713433,-0.0003714791703204297,0.9002855923642723,9.333823801836571,8.245275304604549e-05,0.00012443210577082532,96.45583938165711,74.44784566943635,0.6047160734090767,0.9999998190855756,1.807690123113112e-07,1.454145078103375e-10,5,0,,,
