contract_ticker,logged_at,gate_name,asset,side,pm,p_model,net_edge,offset_pct,strike,spot,tau_minutes,count,kelly_fraction,bankroll,close_ts,ema_stack_bias,composite_trend,composite_rev,composite_p_up,stoch_k,vwap_stretch,vol_score,vpin_score,obi_score,ema_stretch,structure_bias,funding_bias,sharp_move_active,liq_score,liq_bias,ls_long_pct,oi_chg_pct,ob_imbalance,ob_path_ask_usd,ob_path_bid_usd,ob_ask_frac,ob_bid_wall_pct,ob_ask_wall_pct,resolved_yes,would_pnl,won,be,bad_cluster,bull,sideways,bear,dominant
KXBTCD-26JUL0611-T61299.99,2026-07-06 14:51:05+00:00,hmm_pup_v3_crashing_no_gate,BTC,no,0.99,0.99,-0.0157,-0.9944,61299.99,61915.7,8.7,0.0,0.0,2500.0,2026-07-06T15:00:00Z,-1.0,-4.0,1.0,0.4186,38.95,2.0,1.0,0.0,0.0,0.0,1.0,0.0,0.0,-1,-1.0,63.16,-0.2965,1.0,0.0,6868054.93,0.0,-0.00562,0.00963,True,0.0,False,0.010000000000000009,False,0.9999998190855756,1.807690123113112e-07,1.454145078103375e-10,bull
KXBTCD-26JUL0611-T61399.99,2026-07-06 14:53:33+00:00,hmm_pup_v3_crashing_no_gate,BTC,no,0.99,0.99,-0.0157,-0.8299,61399.99,61913.82,6.2,0.0,0.0,2500.0,2026-07-06T15:00:00Z,-1.0,-4.0,1.0,0.4186,38.58,2.0,1.0,0.0,0.0,0.0,1.0,0.0,0.0,-1,-1.0,63.16,-0.2965,1.0,0.0,13013311.47,0.0,-0.00171,0.00185,True,0.0,False,0.010000000000000009,False,0.9999998190855756,1.807690123113112e-07,1.454145078103375e-10,bull
KXBTCD-26JUL0611-T61499.99,2026-07-06 14:03:51+00:00,hmm_pup_v3_crashing_no_gate,BTC,no,0.74,0.781,-0.0671,-0.5112,61499.99,61815.99,55.9,0.0,0.0,2500.0,2026-07-06T15:00:00Z,-1.0,-4.0,3.0,0.4672,30.76,2.0,1.0,0.0,0.0,0.0,1.0,0.0,0.0,1,0.99,62.82,0.3513,0.82,0.0,8057591.86,0.000829,-0.00251,0.00062,True,0.0,False,0.26,False,0.9999998190855756,1.807690123113112e-07,1.454145078103375e-10,bull
KXBTCD-26JUL0611-T61599.99,2026-07-06 14:03:51+00:00,hmm_pup_v3_crashing_no_gate,BTC,no,0.66,0.6991,-0.0678,-0.3494,61599.99,61815.99,55.9,0.0,0.0,2500.0,2026-07-06T15:00:00Z,-1.0,-4.0,3.0,0.4672,30.76,2.0,1.0,0.0,0.0,0.0,1.0,0.0,0.0,1,0.99,62.82,0.3513,0.3925,0.0,4973733.31,0.00486,-0.00251,0.00062,True,0.0,False,0.33999999999999997,False,0.9999998190855756,1.807690123113112e-07,1.454145078103375e-10,bull
KXBTCD-26JUL0611-T61699.99,2026-07-06 14:03:51+00:00,hmm_pup_v3_crashing_no_gate,BTC,no,0.57,0.6041,-0.0647,-0.1877,61699.99,61815.99,55.9,0.0,0.0,2500.0,2026-07-06T15:00:00Z,-1.0,-4.0,3.0,0.4672,30.76,2.0,1.0,0.0,0.0,0.0,1.0,0.0,0.0,1,0.99,62.82,0.3513,0.3449,0.0,1367820.3,0.007393,-0.00251,0.00062,True,0.0,False,0.43000000000000005,False,0.9999998190855756,1.807690123113112e-07,1.454145078103375e-10,bull
KXBTCD-26JUL0611-T61799.99,2026-07-06 14:01:24+00:00,hmm_pup_v3_crashing_no_gate,BTC,no,0.54,0.4457,0.0425,0.036,61799.99,61777.77,58.4,75.0,0.1388,2500.0,2026-07-06T15:00:00Z,-1.0,-6.0,6.0,0.3656,30.76,2.0,1.0,0.0,1.0,0.0,1.0,0.0,0.0,1,0.99,62.82,0.3513,0.1262,0.0,0.0,0.004981,-0.00474,0.03597,True,-34.5,False,0.45999999999999996,False,0.9999998190855756,1.807690123113112e-07,1.454145078103375e-10,bull
KXBTCD-26JUL0611-T61899.99,2026-07-06 14:01:24+00:00,hmm_pup_v3_crashing_no_gate,BTC,no,0.43,0.3722,0.0075,0.1978,61899.99,61777.77,58.4,0.0,0.0,2500.0,2026-07-06T15:00:00Z,-1.0,-6.0,6.0,0.3656,30.76,2.0,1.0,0.0,1.0,0.0,1.0,0.0,0.0,1,0.99,62.82,0.3513,0.2569,1311813.3,0.0,0.003282,-0.00474,0.03597,True,-4.56,False,0.5700000000000001,False,0.9999998190855756,1.807690123113112e-07,1.454145078103375e-10,bull
KXBTCD-26JUL0611-T61999.99,2026-07-06 14:01:24+00:00,hmm_pup_v3_crashing_no_gate,BTC,no,0.34,0.2784,0.0155,0.3597,61999.99,61777.77,58.4,50.0,0.1324,2500.0,2026-07-06T15:00:00Z,-1.0,-6.0,6.0,0.3656,30.76,2.0,1.0,0.0,1.0,0.0,1.0,0.0,0.0,1,0.99,62.82,0.3513,0.4247,2683020.66,0.0,0.001435,-0.00474,0.03597,False,17.0,True,0.6599999999999999,False,0.9999998190855756,1.807690123113112e-07,1.454145078103375e-10,bull
KXBTCD-26JUL0611-T62099.99,2026-07-06 14:01:24+00:00,hmm_pup_v3_crashing_no_gate,BTC,no,0.26,0.2004,0.0189,0.5216,62099.99,61777.77,58.4,59.0,0.1756,2500.0,2026-07-06T15:00:00Z,-1.0,-6.0,6.0,0.3656,30.76,2.0,1.0,0.0,1.0,0.0,1.0,0.0,0.0,1,0.99,62.82,0.3513,-0.0683,3569367.92,0.0,0.000571,-0.00474,0.03597,False,15.34,True,0.74,False,0.9999998190855756,1.807690123113112e-07,1.454145078103375e-10,bull
KXBTCD-26JUL0611-T62199.99,2026-07-06 14:00:10+00:00,hmm_pup_v3_crashing_no_gate,BTC,no,0.16,0.1251,0.0108,0.7719,62199.99,61723.52,59.6,0.0,0.0,2500.0,2026-07-06T15:00:00Z,-1.0,-7.0,8.0,0.4729,27.41,2.0,1.0,0.0,0.0,1.0,1.0,0.0,0.0,1,0.99,62.82,0.3513,-1.0,3216817.48,0.0,0.001202,-0.00532,0.03688,False,1.28,True,0.84,False,0.9999998190855756,1.807690123113112e-07,1.454145078103375e-10,bull
KXBTCD-26JUL0611-T62299.99,2026-07-06 14:01:24+00:00,hmm_pup_v3_crashing_no_gate,BTC,no,0.14,0.093,0.0172,0.8453,62299.99,61777.77,58.4,0.0,0.0,2500.0,2026-07-06T15:00:00Z,-1.0,-6.0,6.0,0.3656,30.76,2.0,1.0,0.0,1.0,0.0,1.0,0.0,0.0,1,0.99,62.82,0.3513,-1.0,3707858.66,0.0,0.001148,-0.00474,0.03597,False,1.68,True,0.86,False,0.9999998190855756,1.807690123113112e-07,1.454145078103375e-10,bull
KXBTCD-26JUL0611-T62399.99,2026-07-06 14:25:22+00:00,hmm_pup_v3_crashing_no_gate,BTC,no,0.28,0.2028,0.016,0.5186,62399.99,62078.07,34.4,54.0,0.1558,2500.0,2026-07-06T15:00:00Z,0.0,-4.0,1.0,0.4186,52.85,1.0,1.0,0.0,1.0,-1.0,1.0,0.0,0.0,-1,-1.0,63.15,0.5085,-0.4004,3490594.96,0.0,0.007364,-9e-05,0.00423,False,15.12,True,0.72,False,0.9999998190855756,1.807690123113112e-07,1.454145078103375e-10,bull
KXBTCD-26JUL0611-T62499.99,2026-07-06 14:25:22+00:00,hmm_pup_v3_crashing_no_gate,BTC,no,0.2,0.1425,0.0055,0.6797,62499.99,62078.07,34.4,0.0,0.0,2500.0,2026-07-06T15:00:00Z,0.0,-4.0,1.0,0.4186,52.85,1.0,1.0,0.0,1.0,-1.0,1.0,0.0,0.0,-1,-1.0,63.15,0.5085,-0.9229,5149346.0,0.0,0.005266,-9e-05,0.00423,False,0.8,True,0.8,False,0.9999998190855756,1.807690123113112e-07,1.454145078103375e-10,bull
KXBTCD-26JUL0611-T62599.99,2026-07-06 14:25:22+00:00,hmm_pup_v3_crashing_no_gate,BTC,no,0.14,0.0974,-0.0007,0.8407,62599.99,62078.07,34.4,0.0,0.0,2500.0,2026-07-06T15:00:00Z,0.0,-4.0,1.0,0.4186,52.85,1.0,1.0,0.0,1.0,-1.0,1.0,0.0,0.0,-1,-1.0,63.15,0.5085,-1.0,8687737.0,0.0,0.000553,-9e-05,0.00423,False,0.0,True,0.86,False,0.9999998190855756,1.807690123113112e-07,1.454145078103375e-10,bull
KXBTCD-26JUL0704-T62699.99,2026-07-07 07:05:07+00:00,hmm_pup_v3_crashing_no_gate,BTC,no,0.99,0.99,0.0043,-0.9805,62699.99,63320.86,54.6,0.0,0.0,2500.0,2026-07-07T08:00:00Z,0.0,-1.0,-1.0,0.4533,86.49,1.0,0.0,0.0,0.0,-1.0,0.0,-1.0,0.0,1,1.0,60.87,-0.0585,1.0,0.0,10880179.89,0.0,-0.00164,0.00148,True,-2.69,False,0.010000000000000009,False,0.9999998190855756,1.807690123113112e-07,1.454145078103375e-10,bull
KXBTCD-26JUL0704-T62799.99,2026-07-07 07:03:52+00:00,hmm_pup_v3_crashing_no_gate,BTC,no,0.98,0.99,-0.0064,-0.8599,62799.99,63344.72,55.9,0.0,0.0,2500.0,2026-07-07T08:00:00Z,0.0,-1.0,-2.0,0.3736,98.01,0.0,0.0,0.0,0.0,-1.0,0.0,-1.0,0.0,1,1.0,60.4,0.0172,1.0,0.0,10408779.43,0.0,-0.00176,0.00174,True,0.0,False,0.020000000000000018,False,0.9999998190855756,1.807690123113112e-07,1.454145078103375e-10,bull
KXBTCD-26JUL0704-T62899.99,2026-07-07 07:03:52+00:00,hmm_pup_v3_crashing_no_gate,BTC,no,0.98,0.99,-0.0064,-0.7021,62899.99,63344.72,55.9,0.0,0.0,2500.0,2026-07-07T08:00:00Z,0.0,-1.0,-2.0,0.3736,98.01,0.0,0.0,0.0,0.0,-1.0,0.0,-1.0,0.0,1,1.0,60.4,0.0172,1.0,0.0,10151399.92,0.0,-0.00176,0.00174,True,0.0,False,0.020000000000000018,False,0.9999998190855756,1.807690123113112e-07,1.454145078103375e-10,bull
KXBTCD-26JUL0704-T62999.99,2026-07-07 07:03:52+00:00,hmm_pup_v3_crashing_no_gate,BTC,no,0.95,0.9861,-0.0383,-0.5442,62999.99,63344.72,55.9,0.0,0.0,2500.0,2026-07-07T08:00:00Z,0.0,-1.0,-2.0,0.3736,98.01,0.0,0.0,0.0,0.0,-1.0,0.0,-1.0,0.0,1,1.0,60.4,0.0172,1.0,0.0,9858605.33,0.0,-0.00176,0.00174,True,0.0,False,0.050000000000000044,False,0.9999998190855756,1.807690123113112e-07,1.454145078103375e-10,bull
KXBTCD-26JUL0704-T63099.99,2026-07-07 07:03:52+00:00,hmm_pup_v3_crashing_no_gate,BTC,no,0.89,0.9424,-0.0733,-0.3864,63099.99,63344.72,55.9,0.0,0.0,2500.0,2026-07-07T08:00:00Z,0.0,-1.0,-2.0,0.3736,98.01,0.0,0.0,0.0,0.0,-1.0,0.0,-1.0,0.0,1,1.0,60.4,0.0172,0.5934,0.0,6407865.77,0.001426,-0.00176,0.00174,False,0.0,True,0.10999999999999999,False,0.9999998190855756,1.807690123113112e-07,1.454145078103375e-10,bull
KXBTCD-26JUL0704-T63199.99,2026-07-07 07:03:52+00:00,hmm_pup_v3_crashing_no_gate,BTC,no,0.77,0.8235,-0.0834,-0.2285,63199.99,63344.72,55.9,0.0,0.0,2500.0,2026-07-07T08:00:00Z,0.0,-1.0,-2.0,0.3736,98.01,0.0,0.0,0.0,0.0,-1.0,0.0,-1.0,0.0,1,1.0,60.4,0.0172,0.1593,0.0,4048525.48,0.006184,-0.00176,0.00174,False,0.0,True,0.22999999999999998,False,0.9999998190855756,1.807690123113112e-07,1.454145078103375e-10,bull
KXBTCD-26JUL0704-T63299.99,2026-07-07 07:03:52+00:00,hmm_pup_v3_crashing_no_gate,BTC,no,0.59,0.6088,-0.0578,-0.0706,63299.99,63344.72,55.9,0.0,0.0,2500.0,2026-07-07T08:00:00Z,0.0,-1.0,-2.0,0.3736,98.01,0.0,0.0,0.0,0.0,-1.0,0.0,-1.0,0.0,1,1.0,60.4,0.0172,0.2549,0.0,459365.04,0.007874,-0.00176,0.00174,False,0.0,True,0.41000000000000003,False,0.9999998190855756,1.807690123113112e-07,1.454145078103375e-10,bull
KXBTCD-26JUL0704-T63399.99,2026-07-07 07:03:52+00:00,hmm_pup_v3_crashing_no_gate,BTC,no,0.38,0.351,-0.0069,0.0872,63399.99,63344.72,55.9,0.0,0.0,2500.0,2026-07-07T08:00:00Z,0.0,-1.0,-2.0,0.3736,98.01,0.0,0.0,0.0,0.0,-1.0,0.0,-1.0,0.0,1,1.0,60.4,0.0172,-0.1717,561154.26,0.0,0.012846,-0.00176,0.00174,False,0.0,True,0.62,False,0.9999998190855756,1.807690123113112e-07,1.454145078103375e-10,bull
KXBTCD-26JUL0704-T63499.99,2026-07-07 07:03:52+00:00,hmm_pup_v3_crashing_no_gate,BTC,no,0.21,0.1523,0.0304,0.2451,63499.99,63344.72,55.9,82.0,0.26,2500.0,2026-07-07T08:00:00Z,0.0,-1.0,-2.0,0.3736,98.01,0.0,0.0,0.0,0.0,-1.0,0.0,-1.0,0.0,1,1.0,60.4,0.0172,-0.2032,3570962.3,0.0,0.008769,-0.00176,0.00174,False,17.22,True,0.79,False,0.9999998190855756,1.807690123113112e-07,1.454145078103375e-10,bull
KXBTCD-26JUL0706-T62399.99,2026-07-07 09:00:44+00:00,hmm_pup_v3_crashing_no_gate,BTC,no,0.97,0.99,-0.037,-0.9783,62399.99,63016.48,59.1,0.0,0.0,2500.0,2026-07-07T10:00:00Z,-1.0,-1.0,4.0,0.5556,13.44,2.0,0.0,0.0,0.0,0.0,1.0,0.0,0.0,1,1.0,60.89,0.0516,1.0,0.0,10739142.36,0.0,-0.00169,0.00173,True,0.0,False,0.030000000000000027,True,0.9999998190855756,1.807690123113112e-07,1.454145078103375e-10,bull
KXBTCD-26JUL0706-T62499.99,2026-07-07 09:00:44+00:00,hmm_pup_v3_crashing_no_gate,BTC,no,0.98,0.99,-0.0264,-0.8196,62499.99,63016.48,59.0,0.0,0.0,2500.0,2026-07-07T10:00:00Z,-1.0,-1.0,4.0,0.5556,13.44,2.0,0.0,0.0,0.0,0.0,1.0,0.0,0.0,1,1.0,60.89,0.0516,1.0,0.0,10558388.65,0.0,-0.00169,0.00173,True,0.0,False,0.020000000000000018,True,0.9999998190855756,1.807690123113112e-07,1.454145078103375e-10,bull
KXBTCD-26JUL0706-T62599.99,2026-07-07 09:00:44+00:00,hmm_pup_v3_crashing_no_gate,BTC,no,0.97,0.99,-0.037,-0.6609,62599.99,63016.48,59.0,0.0,0.0,2500.0,2026-07-07T10:00:00Z,-1.0,-1.0,4.0,0.5556,13.44,2.0,0.0,0.0,0.0,0.0,1.0,0.0,0.0,1,1.0,60.89,0.0516,1.0,0.0,10197226.17,0.0,-0.00169,0.00173,True,0.0,False,0.030000000000000027,True,0.9999998190855756,1.807690123113112e-07,1.454145078103375e-10,bull
KXBTCD-26JUL0706-T62699.99,2026-07-07 09:00:44+00:00,hmm_pup_v3_crashing_no_gate,BTC,no,0.94,0.985,-0.063,-0.5022,62699.99,63016.48,59.0,0.0,0.0,2500.0,2026-07-07T10:00:00Z,-1.0,-1.0,4.0,0.5556,13.44,2.0,0.0,0.0,0.0,0.0,1.0,0.0,0.0,1,1.0,60.89,0.0516,0.8917,0.0,6398738.51,0.000347,-0.00169,0.00173,True,0.0,False,0.06000000000000005,True,0.9999998190855756,1.807690123113112e-07,1.454145078103375e-10,bull
KXBTCD-26JUL0706-T62799.99,2026-07-07 09:00:44+00:00,hmm_pup_v3_crashing_no_gate,BTC,no,0.87,0.9358,-0.0854,-0.3435,62799.99,63016.48,59.0,0.0,0.0,2500.0,2026-07-07T10:00:00Z,-1.0,-1.0,4.0,0.5556,13.44,2.0,0.0,0.0,0.0,0.0,1.0,0.0,0.0,1,1.0,60.89,0.0516,0.4676,0.0,5023985.65,0.002819,-0.00169,0.00173,True,0.0,False,0.13,True,0.9999998190855756,1.807690123113112e-07,1.454145078103375e-10,bull
KXBTCD-26JUL0706-T62899.99,2026-07-07 09:05:54+00:00,hmm_pup_v3_crashing_no_gate,BTC,no,0.89,0.9615,-0.0903,-0.301,62899.99,63089.86,53.9,0.0,0.0,2500.0,2026-07-07T10:00:00Z,0.0,-1.0,3.0,0.619,34.65,2.0,0.0,0.0,0.0,0.0,1.0,0.0,0.0,1,1.0,60.92,0.0558,0.2312,0.0,5047502.24,0.004756,-0.00183,0.00162,True,0.0,False,0.10999999999999999,True,0.9999998190855756,1.807690123113112e-07,1.454145078103375e-10,bull
KXBTCD-26JUL0706-T62999.99,2026-07-07 09:00:44+00:00,hmm_pup_v3_crashing_no_gate,BTC,no,0.5,0.5403,-0.0626,-0.0262,62999.99,63016.48,59.0,0.0,0.0,2500.0,2026-07-07T10:00:00Z,-1.0,-1.0,4.0,0.5556,13.44,2.0,0.0,0.0,0.0,0.0,1.0,0.0,0.0,1,1.0,60.89,0.0516,0.1868,0.0,4758.82,0.009339,-0.00169,0.00173,True,0.0,False,0.5,True,0.9999998190855756,1.807690123113112e-07,1.454145078103375e-10,bull
KXBTCD-26JUL0706-T63099.99,2026-07-07 09:00:44+00:00,hmm_pup_v3_crashing_no_gate,BTC,no,0.33,0.2997,0.0096,0.1325,63099.99,63016.48,59.0,0.0,0.0,2500.0,2026-07-07T10:00:00Z,-1.0,-1.0,4.0,0.5556,13.44,2.0,0.0,0.0,0.0,0.0,1.0,0.0,0.0,1,1.0,60.89,0.0516,-0.1957,1627739.74,0.0,0.010611,-0.00169,0.00173,True,-6.03,False,0.6699999999999999,True,0.9999998190855756,1.807690123113112e-07,1.454145078103375e-10,bull
KXBTCD-26JUL0706-T63199.99,2026-07-07 09:00:44+00:00,hmm_pup_v3_crashing_no_gate,BTC,no,0.15,0.1091,0.024,0.2912,63199.99,63016.48,59.0,0.0,0.0,2500.0,2026-07-07T10:00:00Z,-1.0,-1.0,4.0,0.5556,13.44,2.0,0.0,0.0,0.0,0.0,1.0,0.0,0.0,1,1.0,60.89,0.0516,-0.3189,3951233.47,0.0,0.00761,-0.00169,0.00173,True,-15.3,False,0.85,True,0.9999998190855756,1.807690123113112e-07,1.454145078103375e-10,bull
KXBTCD-26JUL0706-T63299.99,2026-07-07 09:05:54+00:00,hmm_pup_v3_crashing_no_gate,BTC,no,0.11,0.0483,0.0472,0.3331,63299.99,63089.86,53.9,0.0,0.0,2500.0,2026-07-07T10:00:00Z,0.0,-1.0,3.0,0.619,34.65,2.0,0.0,0.0,0.0,0.0,1.0,0.0,0.0,1,1.0,60.92,0.0558,-0.384,5077577.07,0.0,0.006583,-0.00183,0.00162,False,3.74,True,0.89,True,0.9999998190855756,1.807690123113112e-07,1.454145078103375e-10,bull
KXBTCD-26JUL0800-T62099.99,2026-07-08 03:54:58+00:00,hmm_pup_v3_crashing_no_gate,BTC,no,0.99,0.99,-0.0157,-0.897,62099.99,62662.08,4.8,0.0,0.0,2500.0,2026-07-08T04:00:00Z,-1.0,-3.0,8.0,0.7049,14.64,2.0,0.0,0.0,0.0,1.0,-1.0,0.0,0.0,-1,-1.0,60.84,-0.1648,1.0,0.0,11330312.14,0.0,-0.00168,0.00153,True,0.0,False,0.010000000000000009,False,0.9999998190855756,1.807690123113112e-07,1.454145078103375e-10,bull
KXBTCD-26JUL0800-T62199.99,2026-07-08 03:51:15+00:00,hmm_pup_v3_crashing_no_gate,BTC,no,0.99,0.99,-0.0157,-0.9527,62199.99,62798.29,8.5,0.0,0.0,2500.0,2026-07-08T04:00:00Z,-1.0,-2.0,3.0,0.4516,23.59,2.0,0.0,1.0,0.0,1.0,-1.0,0.0,0.0,-1,-1.0,60.84,-0.1648,1.0,0.0,11577210.71,0.0,-0.00245,0.00106,True,0.0,False,0.010000000000000009,False,0.9999998190855756,1.807690123113112e-07,1.454145078103375e-10,bull
KXBTCD-26JUL0800-T62299.99,2026-07-08 03:32:33+00:00,hmm_pup_v3_crashing_no_gate,BTC,no,0.99,0.99,-0.0157,-0.9914,62299.99,62923.83,27.2,0.0,0.0,2500.0,2026-07-08T04:00:00Z,-1.0,-2.0,0.0,0.3381,34.02,1.0,0.0,1.0,0.0,0.0,-1.0,0.0,0.0,-1,-1.0,60.97,-0.0666,1.0,0.0,11024334.64,0.0,-0.00166,0.00147,True,0.0,False,0.010000000000000009,False,0.9999998190855756,1.807690123113112e-07,1.454145078103375e-10,bull
KXBTCD-26JUL0800-T62399.99,2026-07-08 03:00:20+00:00,hmm_pup_v3_crashing_no_gate,BTC,no,0.98,0.99,-0.0264,-0.921,62399.99,62980.06,59.4,0.0,0.0,2500.0,2026-07-08T04:00:00Z,-1.0,-2.0,1.0,0.3793,35.53,1.0,0.0,-1.0,0.0,0.0,-1.0,0.0,0.0,1,1.0,60.53,-0.0149,1.0,0.0,11256772.22,0.0,-0.00183,0.0017,True,0.0,False,0.020000000000000018,False,0.9999998190855756,1.807690123113112e-07,1.454145078103375e-10,bull
KXBTCD-26JUL0800-T62499.99,2026-07-08 03:00:20+00:00,hmm_pup_v3_crashing_no_gate,BTC,no,0.97,0.9794,-0.0321,-0.7623,62499.99,62980.06,59.4,0.0,0.0,2500.0,2026-07-08T04:00:00Z,-1.0,-2.0,1.0,0.3793,35.53,1.0,0.0,-1.0,0.0,0.0,-1.0,0.0,0.0,1,1.0,60.53,-0.0149,1.0,0.0,10942642.74,0.0,-0.00183,0.0017,True,0.0,False,0.030000000000000027,False,0.9999998190855756,1.807690123113112e-07,1.454145078103375e-10,bull
KXBTCD-26JUL0800-T62599.99,2026-07-08 03:00:20+00:00,hmm_pup_v3_crashing_no_gate,BTC,no,0.95,0.9472,-0.0275,-0.6035,62599.99,62980.06,59.4,0.0,0.0,2500.0,2026-07-08T04:00:00Z,-1.0,-2.0,1.0,0.3793,35.53,1.0,0.0,-1.0,0.0,0.0,-1.0,0.0,0.0,1,1.0,60.53,-0.0149,1.0,0.0,10582932.34,0.0,-0.00183,0.0017,True,0.0,False,0.050000000000000044,False,0.9999998190855756,1.807690123113112e-07,1.454145078103375e-10,bull
KXBTCD-26JUL0800-T62699.99,2026-07-08 03:01:38+00:00,hmm_pup_v3_crashing_no_gate,BTC,no,0.87,0.8414,-0.0289,-0.4059,62699.99,62955.55,58.2,0.0,0.0,2500.0,2026-07-08T04:00:00Z,-1.0,-2.0,0.0,0.3381,37.84,0.0,0.0,0.0,0.0,0.0,-1.0,0.0,0.0,1,1.0,60.53,-0.0149,0.6554,0.0,6690907.91,0.00128,-0.00177,0.0014,True,0.0,False,0.13,False,0.9999998190855756,1.807690123113112e-07,1.454145078103375e-10,bull
KXBTCD-26JUL0800-T62799.99,2026-07-08 03:08:19+00:00,hmm_pup_v3_crashing_no_gate,BTC,no,0.79,0.7582,-0.0378,-0.2785,62799.99,62975.37,51.4,0.0,0.0,2500.0,2026-07-08T04:00:00Z,-1.0,-2.0,0.0,0.3381,36.85,1.0,0.0,1.0,0.0,0.0,-1.0,0.0,0.0,1,1.0,60.72,-0.0149,0.1036,0.0,4387521.49,0.007282,-0.00212,0.00079,False,0.0,True,0.20999999999999996,False,0.9999998190855756,1.807690123113112e-07,1.454145078103375e-10,bull
KXBTCD-26JUL0800-T62899.99,2026-07-08 03:01:38+00:00,hmm_pup_v3_crashing_no_gate,BTC,no,0.59,0.5122,-0.0163,-0.0883,62899.99,62955.55,58.2,0.0,0.0,2500.0,2026-07-08T04:00:00Z,-1.0,-2.0,0.0,0.3381,37.84,0.0,0.0,0.0,0.0,0.0,-1.0,0.0,0.0,1,1.0,60.53,-0.0149,0.1798,0.0,567792.45,0.009452,-0.00177,0.0014,False,0.0,True,0.41000000000000003,False,0.9999998190855756,1.807690123113112e-07,1.454145078103375e-10,bull
KXBTCD-26JUL0800-T62999.99,2026-07-08 03:00:20+00:00,hmm_pup_v3_crashing_no_gate,BTC,no,0.47,0.3893,-0.0024,0.0316,62999.99,62980.06,59.4,0.0,0.0,2500.0,2026-07-08T04:00:00Z,-1.0,-2.0,1.0,0.3793,35.53,1.0,0.0,-1.0,0.0,0.0,-1.0,0.0,0.0,1,1.0,60.53,-0.0149,-0.171,186797.48,0.0,0.01355,-0.00183,0.0017,False,0.0,True,0.53,False,0.9999998190855756,1.807690123113112e-07,1.454145078103375e-10,bull
KXBTCD-26JUL0800-T63099.99,2026-07-08 03:02:51+00:00,hmm_pup_v3_crashing_no_gate,BTC,no,0.41,0.2829,0.0418,0.1347,63099.99,63015.08,56.9,74.0,0.1767,2500.0,2026-07-08T04:00:00Z,-1.0,-2.0,0.0,0.3381,41.69,0.0,0.0,0.0,1.0,0.0,-1.0,0.0,0.0,1,1.0,60.53,-0.0149,-0.1557,982027.24,0.0,0.013384,-0.00136,0.00175,False,30.34,True,0.5900000000000001,False,0.9999998190855756,1.807690123113112e-07,1.454145078103375e-10,bull
KXBTCD-26JUL0800-T63199.99,2026-07-08 03:00:20+00:00,hmm_pup_v3_crashing_no_gate,BTC,no,0.16,0.1076,0.0032,0.3492,63199.99,62980.06,59.4,0.0,0.0,2500.0,2026-07-08T04:00:00Z,-1.0,-2.0,1.0,0.3793,35.53,1.0,0.0,-1.0,0.0,0.0,-1.0,0.0,0.0,1,1.0,60.53,-0.0149,-0.4821,5324339.45,0.0,0.006835,-0.00183,0.0017,False,0.32,True,0.84,False,0.9999998190855756,1.807690123113112e-07,1.454145078103375e-10,bull
KXBTCD-26JUL0800-T63299.99,2026-07-08 03:02:51+00:00,hmm_pup_v3_crashing_no_gate,BTC,no,0.13,0.0595,0.0297,0.4521,63299.99,63015.08,56.9,0.0,0.0,2500.0,2026-07-08T04:00:00Z,-1.0,-2.0,0.0,0.3381,41.69,0.0,0.0,0.0,1.0,0.0,-1.0,0.0,0.0,1,1.0,60.53,-0.0149,-0.6712,6982238.44,0.0,0.005597,-0.00136,0.00175,False,2.73,True,0.87,False,0.9999998190855756,1.807690123113112e-07,1.454145078103375e-10,bull
KXBTCD-26JUL0804-T61999.99,2026-07-08 07:00:03+00:00,hmm_pup_v3_crashing_no_gate,BTC,no,0.97,0.99,-0.037,-0.9747,61999.99,62610.24,59.7,0.0,0.0,2500.0,2026-07-08T08:00:00Z,-1.0,-2.0,3.0,0.4516,30.69,2.0,0.0,0.0,0.0,0.0,-1.0,0.0,0.0,1,1.0,61.38,-0.0229,1.0,0.0,12173675.05,0.0,-0.00196,0.00168,True,0.0,False,0.030000000000000027,True,0.9999998190855756,1.807690123113112e-07,1.454145078103375e-10,bull
KXBTCD-26JUL0804-T62099.99,2026-07-08 07:00:03+00:00,hmm_pup_v3_crashing_no_gate,BTC,no,0.95,0.99,-0.0583,-0.815,62099.99,62610.24,59.7,0.0,0.0,2500.0,2026-07-08T08:00:00Z,-1.0,-2.0,3.0,0.4516,30.69,2.0,0.0,0.0,0.0,0.0,-1.0,0.0,0.0,1,1.0,61.38,-0.0229,1.0,0.0,11007646.04,0.0,-0.00196,0.00168,True,0.0,False,0.050000000000000044,True,0.9999998190855756,1.807690123113112e-07,1.454145078103375e-10,bull
KXBTCD-26JUL0804-T62199.99,2026-07-08 07:00:03+00:00,hmm_pup_v3_crashing_no_gate,BTC,no,0.97,0.9878,-0.037,-0.6552,62199.99,62610.24,59.7,0.0,0.0,2500.0,2026-07-08T08:00:00Z,-1.0,-2.0,3.0,0.4516,30.69,2.0,0.0,0.0,0.0,0.0,-1.0,0.0,0.0,1,1.0,61.38,-0.0229,1.0,0.0,10620490.67,0.0,-0.00196,0.00168,True,0.0,False,0.030000000000000027,True,0.9999998190855756,1.807690123113112e-07,1.454145078103375e-10,bull
KXBTCD-26JUL0804-T62299.99,2026-07-08 07:00:03+00:00,hmm_pup_v3_crashing_no_gate,BTC,no,0.92,0.9482,-0.0629,-0.4955,62299.99,62610.24,59.7,0.0,0.0,2500.0,2026-07-08T08:00:00Z,-1.0,-2.0,3.0,0.4516,30.69,2.0,0.0,0.0,0.0,0.0,-1.0,0.0,0.0,1,1.0,61.38,-0.0229,0.8995,0.0,7239345.55,0.00036,-0.00196,0.00168,True,0.0,False,0.07999999999999996,True,0.9999998190855756,1.807690123113112e-07,1.454145078103375e-10,bull
KXBTCD-26JUL0804-T62399.99,2026-07-08 07:00:03+00:00,hmm_pup_v3_crashing_no_gate,BTC,no,0.84,0.8514,-0.0669,-0.3358,62399.99,62610.24,59.7,0.0,0.0,2500.0,2026-07-08T08:00:00Z,-1.0,-2.0,3.0,0.4516,30.69,2.0,0.0,0.0,0.0,0.0,-1.0,0.0,0.0,1,1.0,61.38,-0.0229,0.4032,0.0,4524448.33,0.003792,-0.00196,0.00168,True,0.0,False,0.16000000000000003,True,0.9999998190855756,1.807690123113112e-07,1.454145078103375e-10,bull
KXBTCD-26JUL0804-T62499.99,2026-07-08 07:00:03+00:00,hmm_pup_v3_crashing_no_gate,BTC,no,0.68,0.6604,-0.0649,-0.1761,62499.99,62610.24,59.7,0.0,0.0,2500.0,2026-07-08T08:00:00Z,-1.0,-2.0,3.0,0.4516,30.69,2.0,0.0,0.0,0.0,0.0,-1.0,0.0,0.0,1,1.0,61.38,-0.0229,0.2017,0.0,2026163.59,0.008001,-0.00196,0.00168,True,0.0,False,0.31999999999999995,True,0.9999998190855756,1.807690123113112e-07,1.454145078103375e-10,bull
KXBTCD-26JUL0804-T62599.99,2026-07-08 07:00:03+00:00,hmm_pup_v3_crashing_no_gate,BTC,no,0.48,0.4295,-0.0441,-0.0164,62599.99,62610.24,59.7,0.0,0.0,2500.0,2026-07-08T08:00:00Z,-1.0,-2.0,3.0,0.4516,30.69,2.0,0.0,0.0,0.0,0.0,-1.0,0.0,0.0,1,1.0,61.38,-0.0229,0.0025,0.0,0.0,0.009906,-0.00196,0.00168,True,0.0,False,0.52,True,0.9999998190855756,1.807690123113112e-07,1.454145078103375e-10,bull
KXBTCD-26JUL0804-T62699.99,2026-07-08 07:00:03+00:00,hmm_pup_v3_crashing_no_gate,BTC,no,0.28,0.2054,-0.001,0.1434,62699.99,62610.24,59.7,0.0,0.0,2500.0,2026-07-08T08:00:00Z,-1.0,-2.0,3.0,0.4516,30.69,2.0,0.0,0.0,0.0,0.0,-1.0,0.0,0.0,1,1.0,61.38,-0.0229,-0.3854,2335871.85,0.0,0.014399,-0.00196,0.00168,True,0.0,False,0.72,True,0.9999998190855756,1.807690123113112e-07,1.454145078103375e-10,bull
KXBTCD-26JUL0804-T62799.99,2026-07-08 07:00:03+00:00,hmm_pup_v3_crashing_no_gate,BTC,no,0.14,0.0757,0.0181,0.3031,62799.99,62610.24,59.7,0.0,0.0,2500.0,2026-07-08T08:00:00Z,-1.0,-2.0,3.0,0.4516,30.69,2.0,0.0,0.0,0.0,0.0,-1.0,0.0,0.0,1,1.0,61.38,-0.0229,-0.487,5502109.94,0.0,0.011133,-0.00196,0.00168,True,-11.18,False,0.86,True,0.9999998190855756,1.807690123113112e-07,1.454145078103375e-10,bull
KXBTCD-26JUL0804-T62899.99,2026-07-08 07:13:56+00:00,hmm_pup_v3_crashing_no_gate,BTC,no,0.12,0.0404,0.0473,0.3675,62899.99,62669.68,45.9,0.0,0.0,2500.0,2026-07-08T08:00:00Z,0.0,-2.0,3.0,0.4516,51.87,2.0,0.0,0.0,0.0,-1.0,-1.0,0.0,0.0,0,-0.1919,61.59,-0.0229,-0.6018,5853298.16,0.0,0.01062,-0.00154,0.00185,False,4.2,True,0.88,True,0.9999998190855756,1.807690123113112e-07,1.454145078103375e-10,bull
KXBTCD-26JUL0805-T61699.99,2026-07-08 08:23:15+00:00,hmm_pup_v3_crashing_no_gate,BTC,no,0.94,0.99,-0.0689,-0.8403,61699.99,62222.83,36.5,0.0,0.0,2500.0,2026-07-08T09:00:00Z,-1.0,1.0,-6.0,0.6504,1.6,2.0,0.0,0.0,-1.0,1.0,-1.0,0.0,1.0,-1,-1.0,61.8,-0.0823,1.0,0.0,12361435.84,0.0,-0.00223,0.00159,True,0.0,False,0.06000000000000005,False,0.9999998190855756,1.807690123113112e-07,1.454145078103375e-10,bull
KXBTCD-26JUL0805-T61799.99,2026-07-08 08:23:15+00:00,hmm_pup_v3_crashing_no_gate,BTC,no,0.87,0.9719,-0.1223,-0.6796,61799.99,62222.83,36.5,0.0,0.0,2500.0,2026-07-08T09:00:00Z,-1.0,1.0,-6.0,0.6504,1.6,2.0,0.0,0.0,-1.0,1.0,-1.0,0.0,1.0,-1,-1.0,61.8,-0.0823,1.0,0.0,12016534.36,0.0,-0.00223,0.00159,True,0.0,False,0.13,False,0.9999998190855756,1.807690123113112e-07,1.454145078103375e-10,bull
KXBTCD-26JUL0805-T61899.99,2026-07-08 08:23:15+00:00,hmm_pup_v3_crashing_no_gate,BTC,no,0.82,0.9344,-0.1348,-0.5188,61899.99,62222.83,36.5,0.0,0.0,2500.0,2026-07-08T09:00:00Z,-1.0,1.0,-6.0,0.6504,1.6,2.0,0.0,0.0,-1.0,1.0,-1.0,0.0,1.0,-1,-1.0,61.8,-0.0823,0.9759,0.0,8216119.59,6.9e-05,-0.00223,0.00159,True,0.0,False,0.18000000000000005,False,0.9999998190855756,1.807690123113112e-07,1.454145078103375e-10,bull
KXBTCD-26JUL0805-T62199.99,2026-07-08 08:09:09+00:00,hmm_pup_v3_crashing_no_gate,BTC,no,0.99,0.99,-0.0157,-0.9496,62199.99,62796.3,50.6,0.0,0.0,2500.0,2026-07-08T09:00:00Z,0.0,-1.0,0.0,0.4559,74.16,1.0,0.0,0.0,0.0,0.0,-1.0,0.0,0.0,1,1.0,61.99,0.1172,1.0,0.0,4871967.75,0.0,-0.01051,0.00324,False,0.0,True,0.010000000000000009,False,0.9999998190855756,1.807690123113112e-07,1.454145078103375e-10,bull
KXBTCD-26JUL0805-T62299.99,2026-07-08 08:00:16+00:00,hmm_pup_v3_crashing_no_gate,BTC,no,0.97,0.99,-0.037,-0.8172,62299.99,62813.33,59.5,0.0,0.0,2500.0,2026-07-08T09:00:00Z,0.0,-1.0,-2.0,0.3736,90.13,1.0,0.0,0.0,0.0,-1.0,-1.0,0.0,0.0,0,0.0,61.93,-0.1174,1.0,0.0,4376150.99,0.0,-0.01295,0.00297,False,0.0,True,0.030000000000000027,False,0.9999998190855756,1.807690123113112e-07,1.454145078103375e-10,bull
KXBTCD-26JUL0805-T62399.99,2026-07-08 08:00:16+00:00,hmm_pup_v3_crashing_no_gate,BTC,no,0.98,0.99,-0.0264,-0.658,62399.99,62813.33,59.5,0.0,0.0,2500.0,2026-07-08T09:00:00Z,0.0,-1.0,-2.0,0.3736,90.13,1.0,0.0,0.0,0.0,-1.0,-1.0,0.0,0.0,0,0.0,61.93,-0.1174,1.0,0.0,3913784.47,0.0,-0.01295,0.00297,False,0.0,True,0.020000000000000018,False,0.9999998190855756,1.807690123113112e-07,1.454145078103375e-10,bull
KXBTCD-26JUL0805-T62499.99,2026-07-08 08:00:16+00:00,hmm_pup_v3_crashing_no_gate,BTC,no,0.94,0.9732,-0.0544,-0.4988,62499.99,62813.33,59.5,0.0,0.0,2500.0,2026-07-08T09:00:00Z,0.0,-1.0,-2.0,0.3736,90.13,1.0,0.0,0.0,0.0,-1.0,-1.0,0.0,0.0,0,0.0,61.93,-0.1174,1.0,0.0,3666653.94,0.0,-0.01295,0.00297,False,0.0,True,0.06000000000000005,False,0.9999998190855756,1.807690123113112e-07,1.454145078103375e-10,bull
KXBTCD-26JUL0805-T62599.99,2026-07-08 08:00:16+00:00,hmm_pup_v3_crashing_no_gate,BTC,no,0.89,0.9119,-0.0481,-0.3396,62599.99,62813.33,59.5,0.0,0.0,2500.0,2026-07-08T09:00:00Z,0.0,-1.0,-2.0,0.3736,90.13,1.0,0.0,0.0,0.0,-1.0,-1.0,0.0,0.0,0,0.0,61.93,-0.1174,0.0335,0.0,3002576.08,0.00165,-0.01295,0.00297,False,0.0,True,0.10999999999999999,False,0.9999998190855756,1.807690123113112e-07,1.454145078103375e-10,bull
KXBTCD-26JUL0805-T62699.99,2026-07-08 08:00:16+00:00,hmm_pup_v3_crashing_no_gate,BTC,no,0.76,0.7606,-0.0395,-0.1804,62699.99,62813.33,59.5,0.0,0.0,2500.0,2026-07-08T09:00:00Z,0.0,-1.0,-2.0,0.3736,90.13,1.0,0.0,0.0,0.0,-1.0,-1.0,0.0,0.0,0,0.0,61.93,-0.1174,-0.4073,0.0,1936341.98,0.006123,-0.01295,0.00297,False,0.0,True,0.24,False,0.9999998190855756,1.807690123113112e-07,1.454145078103375e-10,bull
KXBTCD-26JUL0805-T62799.99,2026-07-08 08:09:09+00:00,hmm_pup_v3_crashing_no_gate,BTC,no,0.53,0.4521,0.0195,0.0059,62799.99,62796.3,50.6,52.0,0.0981,2500.0,2026-07-08T09:00:00Z,0.0,-1.0,0.0,0.4559,74.16,1.0,0.0,0.0,0.0,0.0,-1.0,0.0,0.0,1,1.0,61.99,0.1172,-0.2162,0.0,0.0,0.008154,-0.01051,0.00324,False,27.56,True,0.47,False,0.9999998190855756,1.807690123113112e-07,1.454145078103375e-10,bull
KXBTCD-26JUL0805-T62899.99,2026-07-08 08:00:16+00:00,hmm_pup_v3_crashing_no_gate,BTC,no,0.33,0.2747,0.0132,0.138,62899.99,62813.33,59.5,48.0,0.129,2500.0,2026-07-08T09:00:00Z,0.0,-1.0,-2.0,0.3736,90.13,1.0,0.0,0.0,0.0,-1.0,-1.0,0.0,0.0,0,0.0,61.93,-0.1174,-0.2539,1130402.73,0.0,0.006833,-0.01295,0.00297,False,15.84,True,0.6699999999999999,False,0.9999998190855756,1.807690123113112e-07,1.454145078103375e-10,bull
KXBTCD-26JUL0805-T62999.99,2026-07-08 08:00:16+00:00,hmm_pup_v3_crashing_no_gate,BTC,no,0.16,0.1066,0.0243,0.2972,62999.99,62813.33,59.5,0.0,0.0,2500.0,2026-07-08T09:00:00Z,0.0,-1.0,-2.0,0.3736,90.13,1.0,0.0,0.0,0.0,-1.0,-1.0,0.0,0.0,0,0.0,61.93,-0.1174,-0.339,2539672.84,0.0,0.00545,-0.01295,0.00297,False,2.88,True,0.84,False,0.9999998190855756,1.807690123113112e-07,1.454145078103375e-10,bull
KXBTCD-26JUL0807-T61299.99,2026-07-08 10:12:56+00:00,hmm_pup_v3_crashing_no_gate,BTC,no,0.99,0.99,-0.0157,-0.9449,61299.99,61884.72,46.8,0.0,0.0,2500.0,2026-07-08T11:00:00Z,-1.0,-7.0,7.0,0.4487,13.43,2.0,1.0,0.0,0.0,1.0,-1.0,0.0,0.0,-1,-1.0,63.97,0.1044,1.0,0.0,6281008.38,0.0,-0.00622,0.01802,True,0.0,False,0.010000000000000009,False,0.9999998190855756,1.807690123113112e-07,1.454145078103375e-10,bull
KXBTCD-26JUL0807-T61399.99,2026-07-08 10:00:18+00:00,hmm_pup_v3_crashing_no_gate,BTC,no,0.98,0.99,-0.0264,-0.9933,61399.99,62015.98,59.5,0.0,0.0,2500.0,2026-07-08T11:00:00Z,-1.0,-5.0,4.0,0.4474,27.53,2.0,1.0,-1.0,0.0,0.0,-1.0,0.0,0.0,-1,-0.7466,63.93,-0.0822,1.0,0.0,12674114.97,0.0,-0.0019,0.00165,True,0.0,False,0.020000000000000018,False,0.9999998190855756,1.807690123113112e-07,1.454145078103375e-10,bull
KXBTCD-26JUL0807-T61499.99,2026-07-08 10:00:18+00:00,hmm_pup_v3_crashing_no_gate,BTC,no,0.97,0.9896,-0.037,-0.832,61499.99,62015.98,59.5,0.0,0.0,2500.0,2026-07-08T11:00:00Z,-1.0,-5.0,4.0,0.4474,27.53,2.0,1.0,-1.0,0.0,0.0,-1.0,0.0,0.0,-1,-0.7466,63.93,-0.0822,1.0,0.0,12067697.87,0.0,-0.0019,0.00165,True,0.0,False,0.030000000000000027,False,0.9999998190855756,1.807690123113112e-07,1.454145078103375e-10,bull
KXBTCD-26JUL0807-T61599.99,2026-07-08 10:00:18+00:00,hmm_pup_v3_crashing_no_gate,BTC,no,0.95,0.9703,-0.0434,-0.6708,61599.99,62015.98,59.5,0.0,0.0,2500.0,2026-07-08T11:00:00Z,-1.0,-5.0,4.0,0.4474,27.53,2.0,1.0,-1.0,0.0,0.0,-1.0,0.0,0.0,-1,-0.7466,63.93,-0.0822,1.0,0.0,10766389.0,0.0,-0.0019,0.00165,True,0.0,False,0.050000000000000044,False,0.9999998190855756,1.807690123113112e-07,1.454145078103375e-10,bull
KXBTCD-26JUL0807-T61699.99,2026-07-08 10:00:18+00:00,hmm_pup_v3_crashing_no_gate,BTC,no,0.9,0.9211,-0.0512,-0.5095,61699.99,62015.98,59.5,0.0,0.0,2500.0,2026-07-08T11:00:00Z,-1.0,-5.0,4.0,0.4474,27.53,2.0,1.0,-1.0,0.0,0.0,-1.0,0.0,0.0,-1,-0.7466,63.93,-0.0822,0.9904,0.0,7303513.29,3.6e-05,-0.0019,0.00165,True,0.0,False,0.09999999999999998,False,0.9999998190855756,1.807690123113112e-07,1.454145078103375e-10,bull
KXBTCD-26JUL0807-T61799.99,2026-07-08 10:00:18+00:00,hmm_pup_v3_crashing_no_gate,BTC,no,0.82,0.8271,-0.05,-0.3483,61799.99,62015.98,59.5,0.0,0.0,2500.0,2026-07-08T11:00:00Z,-1.0,-5.0,4.0,0.4474,27.53,2.0,1.0,-1.0,0.0,0.0,-1.0,0.0,0.0,-1,-0.7466,63.93,-0.0822,0.5181,0.0,5568412.69,0.002855,-0.0019,0.00165,True,0.0,False,0.18000000000000005,False,0.9999998190855756,1.807690123113112e-07,1.454145078103375e-10,bull
KXBTCD-26JUL0807-T61899.99,2026-07-08 10:00:18+00:00,hmm_pup_v3_crashing_no_gate,BTC,no,0.69,0.6758,-0.0423,-0.187,61899.99,62015.98,59.5,0.0,0.0,2500.0,2026-07-08T11:00:00Z,-1.0,-5.0,4.0,0.4474,27.53,2.0,1.0,-1.0,0.0,0.0,-1.0,0.0,0.0,-1,-0.7466,63.93,-0.0822,0.2284,0.0,2358993.21,0.007275,-0.0019,0.00165,True,0.0,False,0.31000000000000005,False,0.9999998190855756,1.807690123113112e-07,1.454145078103375e-10,bull
KXBTCD-26JUL0807-T61999.99,2026-07-08 10:00:18+00:00,hmm_pup_v3_crashing_no_gate,BTC,no,0.51,0.4793,-0.0321,-0.0258,61999.99,62015.98,59.5,0.0,0.0,2500.0,2026-07-08T11:00:00Z,-1.0,-5.0,4.0,0.4474,27.53,2.0,1.0,-1.0,0.0,0.0,-1.0,0.0,0.0,-1,-0.7466,63.93,-0.0822,0.2034,0.0,19026.32,0.009536,-0.0019,0.00165,True,0.0,False,0.49,False,0.9999998190855756,1.807690123113112e-07,1.454145078103375e-10,bull
KXBTCD-26JUL0807-T62099.99,2026-07-08 10:00:18+00:00,hmm_pup_v3_crashing_no_gate,BTC,no,0.34,0.296,-0.0131,0.1355,62099.99,62015.98,59.5,0.0,0.0,2500.0,2026-07-08T11:00:00Z,-1.0,-5.0,4.0,0.4474,27.53,2.0,1.0,-1.0,0.0,0.0,-1.0,0.0,0.0,-1,-0.7466,63.93,-0.0822,-0.2029,1350245.36,0.0,0.0118,-0.0019,0.00165,False,0.0,True,0.6599999999999999,False,0.9999998190855756,1.807690123113112e-07,1.454145078103375e-10,bull
KXBTCD-26JUL0807-T62199.99,2026-07-08 10:00:18+00:00,hmm_pup_v3_crashing_no_gate,BTC,no,0.21,0.1562,0.0097,0.2967,62199.99,62015.98,59.5,0.0,0.0,2500.0,2026-07-08T11:00:00Z,-1.0,-5.0,4.0,0.4474,27.53,2.0,1.0,-1.0,0.0,0.0,-1.0,0.0,0.0,-1,-0.7466,63.93,-0.0822,-0.2118,4291772.78,0.0,0.007858,-0.0019,0.00165,False,1.47,True,0.79,False,0.9999998190855756,1.807690123113112e-07,1.454145078103375e-10,bull
KXBTCD-26JUL0807-T62299.99,2026-07-08 10:00:18+00:00,hmm_pup_v3_crashing_no_gate,BTC,no,0.12,0.0706,0.0183,0.458,62299.99,62015.98,59.5,0.0,0.0,2500.0,2026-07-08T11:00:00Z,-1.0,-5.0,4.0,0.4474,27.53,2.0,1.0,-1.0,0.0,0.0,-1.0,0.0,0.0,-1,-0.7466,63.93,-0.0822,-0.9013,6809270.64,0.0,0.004483,-0.0019,0.00165,False,1.56,True,0.88,False,0.9999998190855756,1.807690123113112e-07,1.454145078103375e-10,bull
KXBTCD-26JUL0813-T61799.99,2026-07-08 16:16:46+00:00,hmm_pup_v3_crashing_no_gate,BTC,no,0.4,0.3681,-0.034,0.0806,61799.99,61750.22,43.0,0.0,0.0,2500.0,2026-07-08T17:00:00Z,0.0,-6.0,3.0,0.4552,43.19,2.0,-1.0,0.0,0.0,0.0,-1.0,0.0,0.0,1,1.0,64.51,0.2269,0.2771,1014999.96,0.0,0.005911,-0.00178,0.00154,True,0.0,False,0.6,False,0.9999998190855756,1.807690123113112e-07,1.454145078103375e-10,bull
KXBTCD-26JUL0813-T61899.99,2026-07-08 16:18:04+00:00,hmm_pup_v3_crashing_no_gate,BTC,no,0.33,0.3088,-0.0412,0.143,61899.99,61811.62,41.7,0.0,0.0,2500.0,2026-07-08T17:00:00Z,0.0,-6.0,3.0,0.4552,43.19,2.0,-1.0,0.0,0.0,0.0,-1.0,0.0,0.0,1,1.0,64.51,0.2269,0.2259,1717034.75,0.0,0.005388,-0.00147,0.00162,True,0.0,False,0.6699999999999999,False,0.9999998190855756,1.807690123113112e-07,1.454145078103375e-10,bull
KXBTCD-26JUL0813-T61999.99,2026-07-08 16:18:04+00:00,hmm_pup_v3_crashing_no_gate,BTC,no,0.17,0.1787,-0.0589,0.3047,61999.99,61811.62,41.7,0.0,0.0,2500.0,2026-07-08T17:00:00Z,0.0,-6.0,3.0,0.4552,43.19,2.0,-1.0,0.0,0.0,0.0,-1.0,0.0,0.0,1,1.0,64.51,0.2269,0.6114,4766758.86,0.0,0.001309,-0.00147,0.00162,True,0.0,False,0.83,False,0.9999998190855756,1.807690123113112e-07,1.454145078103375e-10,bull
KXBTCD-26JUL0813-T62099.99,2026-07-08 16:23:16+00:00,hmm_pup_v3_crashing_no_gate,BTC,no,0.11,0.1073,-0.0387,0.3623,62099.99,61875.81,36.5,0.0,0.0,2500.0,2026-07-08T17:00:00Z,0.0,-5.0,1.0,0.442,61.46,1.0,-1.0,0.0,-1.0,-1.0,-1.0,0.0,0.0,1,1.0,64.94,0.2269,0.5833,5082241.25,0.0,0.00098,-0.00143,0.00165,False,0.0,True,0.89,False,0.9999998190855756,1.807690123113112e-07,1.454145078103375e-10,bull
KXBTCD-26JUL0813-T62199.99,2026-07-08 16:43:39+00:00,hmm_pup_v3_crashing_no_gate,BTC,no,0.15,0.1048,0.0128,0.3175,62199.99,62003.11,16.1,0.0,0.0,2500.0,2026-07-08T17:00:00Z,0.0,-3.0,0.0,0.375,86.76,1.0,-1.0,0.0,0.0,-1.0,-1.0,0.0,0.0,0,0.9223,65.03,-0.0791,0.6139,2656451.05,0.0,0.001408,-0.00132,0.01608,False,1.35,True,0.85,False,0.9999998190855756,1.807690123113112e-07,1.454145078103375e-10,bull
KXBTCD-26JUL0814-T62099.99,2026-07-08 17:01:58+00:00,hmm_pup_v3_crashing_no_gate,BTC,no,0.37,0.34,-0.0049,0.1404,62099.99,62012.91,57.8,0.0,0.0,2500.0,2026-07-08T18:00:00Z,0.0,-3.0,-1.0,0.4545,91.13,1.0,1.0,0.0,0.0,-1.0,-1.0,0.0,0.0,0,1.0,65.02,0.0778,0.4753,2009683.05,0.0,0.003653,-0.00142,0.00214,False,0.0,True,0.63,False,0.9999998190855756,1.807690123113112e-07,1.454145078103375e-10,bull
KXBTCD-26JUL0814-T62199.99,2026-07-08 17:01:58+00:00,hmm_pup_v3_crashing_no_gate,BTC,no,0.21,0.1834,-0.002,0.3017,62199.99,62012.91,57.8,0.0,0.0,2500.0,2026-07-08T18:00:00Z,0.0,-3.0,-1.0,0.4545,91.13,1.0,1.0,0.0,0.0,-1.0,-1.0,0.0,0.0,0,1.0,65.02,0.0778,0.6428,3758492.66,0.0,0.00141,-0.00142,0.00214,False,0.0,True,0.79,False,0.9999998190855756,1.807690123113112e-07,1.454145078103375e-10,bull
KXBTCD-26JUL0814-T62299.99,2026-07-08 17:01:58+00:00,hmm_pup_v3_crashing_no_gate,BTC,no,0.11,0.0851,0.0026,0.4629,62299.99,62012.91,57.8,0.0,0.0,2500.0,2026-07-08T18:00:00Z,0.0,-3.0,-1.0,0.4545,91.13,1.0,1.0,0.0,0.0,-1.0,-1.0,0.0,0.0,0,1.0,65.02,0.0778,0.2867,4511814.63,0.0,0.000465,-0.00142,0.00214,False,0.11,True,0.89,False,0.9999998190855756,1.807690123113112e-07,1.454145078103375e-10,bull
KXBTCD-26JUL0814-T62399.99,2026-07-08 17:21:58+00:00,hmm_pup_v3_crashing_no_gate,BTC,no,0.12,0.0695,0.0334,0.4181,62399.99,62140.17,37.6,0.0,0.0,2500.0,2026-07-08T18:00:00Z,0.0,-3.0,-3.0,0.5691,96.84,1.0,1.0,0.0,1.0,-1.0,-1.0,0.0,0.0,1,1.0,64.94,-0.0618,0.6694,3375776.04,0.0,0.000931,-0.00083,0.01384,False,2.88,True,0.88,False,0.9999998190855756,1.807690123113112e-07,1.454145078103375e-10,bull
KXBTCD-26JUL0814-T62499.99,2026-07-08 17:32:57+00:00,hmm_pup_v3_crashing_no_gate,BTC,no,0.11,0.0737,0.0126,0.323,62499.99,62298.75,26.8,0.0,0.0,2500.0,2026-07-08T18:00:00Z,0.0,-3.0,-5.0,0.352,100.0,0.0,1.0,0.0,1.0,-1.0,-1.0,0.0,0.0,1,0.9941,64.94,-0.0618,0.6741,2629874.54,0.0,0.001188,-0.00127,0.01126,False,0.88,True,0.89,False,0.9999998190855756,1.807690123113112e-07,1.454145078103375e-10,bull
KXBTCD-26JUL0817-T61499.99,2026-07-08 20:55:44+00:00,hmm_pup_v3_crashing_no_gate,BTC,no,0.99,0.99,-0.0157,-0.8931,61499.99,62054.2,3.9,0.0,0.0,2500.0,2026-07-08T21:00:00Z,0.0,-3.0,0.0,0.375,14.32,0.0,0.0,1.0,0.0,1.0,-1.0,-1.0,0.0,0,-0.3899,64.33,-0.0938,1.0,0.0,11648992.31,0.0,-0.00166,0.00163,True,0.0,False,0.010000000000000009,False,0.9999998190855756,1.807690123113112e-07,1.454145078103375e-10,bull
KXBTCD-26JUL0817-T61749.99,2026-07-08 20:55:44+00:00,hmm_pup_v3_crashing_no_gate,BTC,no,0.99,0.99,-0.0157,-0.4902,61749.99,62054.2,3.8,0.0,0.0,2500.0,2026-07-08T21:00:00Z,0.0,-3.0,0.0,0.375,14.32,0.0,0.0,1.0,0.0,1.0,-1.0,-1.0,0.0,0,-0.3899,64.33,-0.0938,0.8622,0.0,10793431.57,0.0001,-0.00166,0.00163,True,0.0,False,0.010000000000000009,False,0.9999998190855756,1.807690123113112e-07,1.454145078103375e-10,bull
KXBTCD-26JUL0817-T61999.99,2026-07-08 20:55:44+00:00,hmm_pup_v3_crashing_no_gate,BTC,no,0.87,0.9076,-0.0628,-0.0874,61999.99,62054.2,3.8,0.0,0.0,2500.0,2026-07-08T21:00:00Z,0.0,-3.0,0.0,0.375,14.32,0.0,0.0,1.0,0.0,1.0,-1.0,-1.0,0.0,0,-0.3899,64.33,-0.0938,0.2882,0.0,379023.47,0.008035,-0.00166,0.00163,True,0.0,False,0.13,False,0.9999998190855756,1.807690123113112e-07,1.454145078103375e-10,bull
