logged_at,decision_time,contract_ticker,close_ts,spot,strike,offset_pct,p_market,p_market_source,p_yes_model,z_score,vol_60m,vol_60m_model,vol_implied_kalshi,vol_ratio,spread,vol_eff,structure_bias,confirmation_bias,confirmation_score,no_score,obi_score,obi_raw,obi_exchanges,vpin_score,vpin_raw,funding_bias,avg_funding_rate,vol_score,vwap_score,vwap_signal,vwap_total,vwap_stretch_score,vwap_distance_pct,bearish_rejection,bullish_rejection,ema_stretch_score,stoch_bias,stoch_k,stoch_d,stoch_crossover_active,ema_stack_bias,ema_alignment,z_shift,direction_strength,raw_edge,net_edge,decision,side,neutral_gate,pure_edge_gate,contracts_scanned,tau_minutes,gate_blocked,kelly_fraction,bet_fraction,bet_amount,bankroll,composite_trend,composite_rev,composite_p_up,chg_30m,chg_10m,chg_5m,sharp_move_active,stoch_flipped,resolved_yes,would_win,would_pnl,logged_at_parsed,asset,cmf_raw,cmf_score,p_up_v2,bp_5m,body_15m,dir_15m,p_gbdt,smc_4h,smc_1h,choch_1h,choch_4h,supply_pct,demand_pct,in_supply_zone,in_demand_zone,squeeze_1h,adx_1h,rvol_1h,pm_drift_5m,hour_utc,liq_score,liq_bias,ls_long_pct,oi_chg_pct,markov_regime_daily,ob_imbalance,ob_path_ask_usd,ob_path_bid_usd,ob_ask_frac,ob_bid_wall_pct,ob_ask_wall_pct,spot_at_expiry,price_move_pct,miss_pct,stoch_k_4h,bp_1h,chg_1h,chg_2h,chg_3h,arima_forecast_1h,markov_regime_7state,hmm_vol_state,hmm_r1_prob,hmm_vol_k10,hmm_time_in_state,ou_z_score,ou_halflife_min,ou_tau_drift,hs_pattern_type,hs_bars_since_break,hs_r2,hs_neck_slope,hs_head_height,hs_head_width,flag_signal,flag_bull_bars_ago,flag_bear_bars_ago,flag_bull_tip_y,flag_bear_tip_y,flag_bull_pole_pct,flag_bear_pole_pct,pip_last_slope,pip_up_frac,pip_n_turns,v_hawk,hawk_vol_regime,pc1_rsi,ou_theta,hurst_exponent,autocorr1_15,autocorr1_30,kalman_velocity,kalman_residual,hmm_ms_state,hmm_ms_prob,hmm_of_state,hmm_of_prob,hmm_vd_state,hmm_vd_prob,hmm_pnl_state,hmm_ps_state,hmm_gd_state,hmm_zdrift_state,loss_margin_pct,loss_category,kc_pct_1h,kc_bo_1h,cvd_4h,cg_futures_delta_4h,cg_futures_ratio_4h,cg_futures_cvd_12h,cg_spot_cb_ratio_4h,cg_liq_ratio_4h,cg_liq_total_4h,hl_ls_ratio,hl_squeeze_idx,hl_liq_ratio_4h,all_liq_ratio_1h,all_liq_ratio_4h,max_pain_nearest,max_pain_dist_pct,opt_pc_ratio,p_up_v3,state3,week,yw,be,macro_bull,macro_sideways,macro_bear,garch_ratio,macd_hist_1h_recon,donch_1h_recon
2026-04-08 15:02:33,2026-04-08 15:00,KXBTCD-26APR0812-T71099.99,2026-04-08T16:00:00Z,70885.87,71099.99,0.3021,0.335,real,0.359115,0.3608,0.0011161,0.00121592,0.00093408,1.3017,0.01,0.00110319,1.0,1.0,2,1.0,0,-0.0762,2.0,0.0,0.5481,-1,7.5e-05,0,-1.0,1,2.0,2.0,-1.0644,False,False,1.0,1.0,8.1,8.44,False,0,neutral,0.0,0.0,0.117825,0.090924,trade,no,False,False,129.0,57.41,,0.351717,0.05,25.0,500.0,2.0,6.0,0.546,,,,,,True,False,-25.0,2026-04-08 15:02:33+00:00,BTC,,,,,,,,,,,,,,,,,,,,,,,,,,,,,,,,,,,,,,,,,,,,,,,,,,,,,,,,,,,,,,,,,,,,,,,,,,,,,,,,,,,,,,,,,,,,,,,,,,,,,,,,crashing,15,2026-W15,0.665,8.814984975071975e-19,0.9999999991340474,8.659390030045681e-10,1.3067262196733265,-117.31366793489849,0.6069124278807024
2026-04-08 15:18:45,2026-04-08 15:00,KXBTCD-26APR0812-T71199.99,2026-04-08T16:00:00Z,71089.98,71199.99,0.1547,0.35,real,0.387964,0.2846,0.0011252,0.00099377,0.00062517,1.5896,0.02,0.00084633,1.0,0.0,1,1.0,0,0.0987,2.0,0.0,0.384,-1,7.6e-05,0,0.0,0,1.0,1.0,-0.7381,False,False,1.0,1.0,18.96,13.82,True,-1,neutral,0.0,0.0,0.114074,0.086455,trade,no,False,False,129.0,41.2,,0.325925,0.05,25.0,500.0,2.0,3.0,0.519,,,,,,True,False,-25.0,2026-04-08 15:18:45+00:00,BTC,,,,,,,,,,,,,,,,,,,,,,,,,,,,,,,,,,,,,,,,,,,,,,,,,,,,,,,,,,,,,,,,,,,,,,,,,,,,,,,,,,,,,,,,,,,,,,,,,,,,,,,,crashing,15,2026-W15,0.65,8.814984975071975e-19,0.9999999991340474,8.659390030045681e-10,1.3067262196733265,-117.31366793489849,0.6069124278807024
2026-04-10 10:02:13,2026-04-10 10:00,KXBTCD-26APR1007-T71899.99,2026-04-10T11:00:00Z,71790.4,71899.99,0.1527,0.28,real,0.225201,0.7547,0.00037658,0.00021368,0.00034442,0.6204,0.02,0.00026598,1.0,-1.0,0,1.0,-1,-0.1207,2.0,0.0,0.4397,0,3.78e-06,0,0.0,0,1.0,1.0,-0.3002,False,False,0.0,0.0,58.42,59.51,False,0,neutral,0.0,0.0,0.07787,0.051581,trade,no,False,False,109.0,57.74,,0.278109,0.05,50.0,1000.0,-1.0,2.0,0.4684,,,,,,True,False,-50.0,2026-04-10 10:02:13+00:00,BTC,,,,,,,,,,,,,,,,,,,,,,,,,,,,,,,,,,,,,,,,,,,,,,,,,,,,,,,,,,,,,,,,,,,,,,,,,,,,,,,,,,,,,,,,,,,,,,,,,,,,,,,,crashing,15,2026-W15,0.72,0.0010907058429276064,0.00014717173092456009,0.9987621224261475,0.8189343331162278,-60.819041579087525,0.44204171797248476
2026-04-10 10:28:42,2026-04-10 10:00,KXBTCD-26APR1007-T71799.99,2026-04-10T11:00:00Z,71724.7,71799.99,0.105,0.295,real,0.1337,1.1091,0.00024171,4.983e-05,0.00034828,0.1431,0.01,0.00016921,1.0,-1.0,0,0.0,0,0.033,2.0,0.0,0.5139,0,-1.54e-06,0,0.0,0,1.0,1.0,-0.3028,False,False,0.0,0.0,73.4,62.96,False,0,neutral,0.0,0.0,0.177655,0.155405,trade,no,False,False,108.0,31.25,,0.60222,0.05,50.0,1000.0,-1.0,2.0,0.4684,,,,,,True,False,-50.0,2026-04-10 10:28:42+00:00,BTC,,,,,,,,,,,,,,,,,,,,,,,,,,,,,,,,,,,,,,,,,,,,,,,,,,,,,,,,,,,,,,,,,,,,,,,,,,,,,,,,,,,,,,,,,,,,,,,,,,,,,,,,crashing,15,2026-W15,0.7050000000000001,0.0010907058429276064,0.00014717173092456009,0.9987621224261475,0.8189343331162278,-60.819041579087525,0.44204171797248476
2026-04-12 05:00:59,2026-04-12 05:00,KXBTCD-26APR1202-T71599.99,2026-04-12T06:00:00Z,71485.03,71599.99,0.1608,0.26,real,0.172557,0.9441,0.00052165,0.00026923,0.00032527,0.8277,0.02,0.00022165,0.0,0.0,1,0.0,0,-0.0217,2.0,0.0,0.1037,0,-4.285e-05,0,0.0,0,1.0,1.0,-0.4105,False,False,1.0,1.0,25.03,15.99,True,-1,bearish,0.0,0.0,0.087443,0.062449,trade,no,False,False,91.0,58.97,,0.336321,0.05,50.0,1000.0,-3.0,7.0,0.4675,,,,,,True,False,-50.0,2026-04-12 05:00:59+00:00,BTC,,,,,,,,,,,,,,,,,,,,,,,,,,,,,,,,,,,,,,,,,,,,,,,,,,,,,,,,,,,,,,,,,,,,,,,,,,,,,,,,,,,,,,,,,,,,,,,,,,,,,,,,crashing,15,2026-W15,0.74,4.643955357739159e-06,6.093475022250987e-05,0.9999344212944173,0.8895648702110266,-210.52283820315407,0.16355851646581443
2026-04-12 05:11:42,2026-04-12 05:00,KXBTCD-26APR1202-T71699.99,2026-04-12T06:00:00Z,71585.67,71699.99,0.1597,0.24,real,0.148816,1.0415,0.00028901,0.00026688,0.00032526,0.8205,0.04,0.00022058,0.0,1.0,2,0.0,1,0.1646,2.0,0.0,0.2719,0,-4.124e-05,0,0.0,0,0.0,0.0,-0.2682,False,False,0.0,1.0,41.36,21.44,True,-1,bearish,0.0,0.0,0.091184,0.067317,trade,no,False,False,90.0,48.25,,0.379934,0.05,50.0,1000.0,-3.0,5.0,0.3974,,,,,,True,False,-50.0,2026-04-12 05:11:42+00:00,BTC,,,,,,,,,,,,,,,,,,,,,,,,,,,,,,,,,,,,,,,,,,,,,,,,,,,,,,,,,,,,,,,,,,,,,,,,,,,,,,,,,,,,,,,,,,,,,,,,,,,,,,,,crashing,15,2026-W15,0.76,4.643955357739159e-06,6.093475022250987e-05,0.9999344212944173,0.8895648702110266,-210.52283820315407,0.16355851646581443
2026-04-12 17:00:26,2026-04-12 17:00,KXBTCD-26APR1214-T71099.99,2026-04-12T18:00:00Z,70980.56,71099.99,0.1683,0.23,real,0.179615,0.9168,0.00033717,0.00032465,0.00029498,1.1006,0.04,0.00023771,0.0,0.0,1,1.0,-1,-0.1194,2.0,1.0,0.8143,0,8.88e-06,0,-1.0,1,2.0,2.0,-0.8766,False,False,0.0,0.0,73.74,64.98,False,0,bearish,0.0,0.0,0.050385,0.025071,trade,no,False,False,65.0,59.5,,0.219067,0.05,50.0,1000.0,-3.0,1.0,0.4771,,,,,,True,False,-50.0,2026-04-12 17:00:26+00:00,BTC,,,,,,,,,,,,,,,,,,,,,,,,,,,,,,,,,,,,,,,,,,,,,,,,,,,,,,,,,,,,,,,,,,,,,,,,,,,,,,,,,,,,,,,,,,,,,,,,,,,,,,,,crashing,15,2026-W15,0.77,1.2616309056644335e-08,2.4107646052859198e-05,0.999975879737635,0.4694139521015605,-50.130658044390884,0.16933081106644718
2026-04-12 19:07:07,2026-04-12 19:00,KXBTCD-26APR1216-T71299.99,2026-04-12T20:00:00Z,71200.8,71299.99,0.1393,0.205,real,0.088651,1.3491,0.00023154,0.00015636,0.00023247,0.6726,0.01,0.00014197,0.0,0.0,1,1.0,1,0.1921,2.0,1.0,0.8194,0,-9.42e-06,0,0.0,0,0.0,0.0,-0.2808,False,False,-1.0,-1.0,95.15,89.75,False,0,bearish,0.0,0.0,0.116349,0.095693,trade,no,False,False,125.0,52.83,,0.567555,0.05,50.0,1000.0,-3.0,-4.0,0.225,,,,,,False,True,12.89,2026-04-12 19:07:07+00:00,BTC,,,,,,,,,,,,,,,,,,,,,,,,,,,,,,,,,,,,,,,,,,,,,,,,,,,,,,,,,,,,,,,,,,,,,,,,,,,,,,,,,,,,,,,,,,,,,,,,,,,,,,,,crashing,15,2026-W15,0.795,3.022578978246825e-09,7.116305115812784e-06,0.9999928806723065,0.4215226959082979,-1.9031059296734156,0.19710307773263241
2026-04-12 19:12:28,2026-04-12 19:00,KXBTCD-26APR1217-T71499.99,2026-04-12T21:00:00Z,71238.27,71499.99,0.3674,0.22,real,0.058753,1.5653,0.00021877,0.00019017,0.00045807,0.4152,0.06,0.00022597,0.0,0.0,1,1.0,1,0.1852,2.0,1.0,0.8139,0,-1.094e-05,0,0.0,0,0.0,0.0,-0.2298,False,False,-1.0,-1.0,100.0,91.37,False,0,bearish,0.0,0.0,0.161247,0.142376,trade,no,False,False,125.0,107.48,,0.73294,0.05,50.0,1000.0,-3.0,-5.0,0.3855,,,,,,False,True,14.1,2026-04-12 19:12:28+00:00,BTC,,,,,,,,,,,,,,,,,,,,,,,,,,,,,,,,,,,,,,,,,,,,,,,,,,,,,,,,,,,,,,,,,,,,,,,,,,,,,,,,,,,,,,,,,,,,,,,,,,,,,,,,crashing,15,2026-W15,0.78,3.022578978246825e-09,7.116305115812784e-06,0.9999928806723065,0.4215226959082979,-1.9031059296734156,0.19710307773263241
2026-04-12 19:38:10,2026-04-12 19:00,KXBTCD-26APR1217-T71249.99,2026-04-12T21:00:00Z,71141.33,71249.99,0.1527,0.295,real,0.115323,1.1987,0.00013321,9.995e-05,0.00031322,0.3191,0.05,0.0001408,0.0,-1.0,0,1.0,0,0.086,2.0,0.0,0.6942,0,-1.668e-05,0,0.0,0,0.0,0.0,-0.3037,False,False,0.0,-1.0,82.56,86.55,True,0,bearish,0.0,0.0,0.179677,0.157535,trade,no,False,False,123.0,81.77,,0.609074,0.05,50.0,1000.0,-3.0,-2.0,0.3023,,,,,,True,False,-50.0,2026-04-12 19:38:10+00:00,BTC,,,,,,,,,,,,,,,,,,,,,,,,,,,,,,,,,,,,,,,,,,,,,,,,,,,,,,,,,,,,,,,,,,,,,,,,,,,,,,,,,,,,,,,,,,,,,,,,,,,,,,,,crashing,15,2026-W15,0.7050000000000001,3.022578978246825e-09,7.116305115812784e-06,0.9999928806723065,0.4215226959082979,-1.9031059296734156,0.19710307773263241
2026-04-13 00:00:47,2026-04-13 00:00,KXBTCD-26APR1221-T70799.99,2026-04-13T01:00:00Z,70670.88,70799.99,0.1827,0.34,real,0.225136,0.755,0.00046793,0.00038683,0.00057531,0.6724,0.02,0.00031431,-1.0,0.0,1,0.0,0,-0.0019,2.0,0.0,0.3988,0,3.823e-05,0,0.0,0,0.0,0.0,,False,False,0.0,1.0,17.3,17.86,True,-1,bearish,0.0,0.0,0.114864,0.087652,trade,no,False,False,78.0,59.16,,0.337835,0.05,50.0,1000.0,-3.0,5.0,0.3974,-0.0309,,,False,,True,False,-50.0,2026-04-13 00:00:47+00:00,BTC,,,,,,,,,,,,,,,,,,,,,,,,,,,,,,,,,,,,,,,,,,,,,,,,,,,,,,,,,,,,,,,,,,,,,,,,,,,,,,,,,,,,,,,,,,,,,,,,,,,,,,,,crashing,16,2026-W16,0.6599999999999999,1.3584947982425101e-08,2.7297643700986885e-05,0.9999726887713524,0.6911000579540938,37.802489509776194,0.5066647052573872
2026-04-13 00:10:52,2026-04-13 00:00,KXBTCD-26APR1221-T70999.99,2026-04-13T01:00:00Z,70906.73,70999.99,0.1315,0.325,real,0.345847,0.3966,0.00043061,0.00051286,0.00041346,1.2404,0.01,0.0004731,-1.0,-1.0,0,0.0,0,-0.042,2.0,0.0,0.4862,0,4.784e-05,0,0.0,0,0.0,0.0,,False,False,-1.0,0.0,42.37,26.21,True,0,bearish,0.0,0.0,0.126035,0.099879,trade,no,False,False,86.0,49.08,,0.3878,0.05,50.0,1000.0,-3.0,0.0,0.3268,,,,,,True,False,-50.0,2026-04-13 00:10:52+00:00,BTC,,,,,,,,,,,,,,,,,,,,,,,,,,,,,,,,,,,,,,,,,,,,,,,,,,,,,,,,,,,,,,,,,,,,,,,,,,,,,,,,,,,,,,,,,,,,,,,,,,,,,,,,crashing,16,2026-W16,0.675,1.3584947982425101e-08,2.7297643700986885e-05,0.9999726887713524,0.6911000579540938,37.802489509776194,0.5066647052573872
2026-04-13 00:21:06,2026-04-13 00:00,KXBTCD-26APR1221-T71099.99,2026-04-13T01:00:00Z,70891.69,71099.99,0.2938,0.215,real,0.197632,0.8501,0.000433,0.0005252,0.00059644,0.8806,0.01,0.0005537,-1.0,-1.0,0,0.0,0,-0.013,2.0,-1.0,1.0,0,4.909e-05,0,0.0,0,0.0,0.0,,False,False,-1.0,0.0,40.36,30.81,False,0,bearish,0.0,0.0,0.118007,0.096876,trade,no,False,False,86.0,38.85,,0.548868,0.05,50.0,1000.0,-3.0,0.0,0.3268,,,,,,True,False,-50.0,2026-04-13 00:21:06+00:00,BTC,,,,,,,,,,,,,,,,,,,,,,,,,,,,,,,,,,,,,,,,,,,,,,,,,,,,,,,,,,,,,,,,,,,,,,,,,,,,,,,,,,,,,,,,,,,,,,,,,,,,,,,,crashing,16,2026-W16,0.785,1.3584947982425101e-08,2.7297643700986885e-05,0.9999726887713524,0.6911000579540938,37.802489509776194,0.5066647052573872
2026-04-13 11:00:41,2026-04-13 11:00,KXBTCD-26APR1308-T70899.99,2026-04-13T12:00:00Z,70779.16,70899.99,0.1707,0.285,real,0.301902,0.5189,0.00036983,0.00045161,0.00039008,1.1577,0.01,0.000427,-1.0,-1.0,0,2.0,-1,-0.2189,2.0,1.0,0.8199,-1,5.662e-05,0,0.0,0,1.0,1.0,-0.2471,False,False,1.0,0.0,53.59,63.73,True,-1,bearish,0.0,0.0,0.133404,0.109401,trade,no,False,False,93.0,59.25,,0.468084,0.05,50.0,1000.0,-3.0,0.0,0.3268,,,,,,True,False,-50.0,2026-04-13 11:00:41+00:00,BTC,,,,,,,,,,,,,,,,,,,,,,,,,,,,,,,,,,,,,,,,,,,,,,,,,,,,,,,,,,,,,,,,,,,,,,,,,,,,,,,,,,,,,,,,,,,,,,,,,,,,,,,,crashing,16,2026-W16,0.7150000000000001,0.9998927102007945,6.585278553515506e-07,0.00010663127135362528,0.6253381426481249,32.53146130571679,0.43848940389280683
2026-04-13 11:11:20,2026-04-13 11:00,KXBTCD-26APR1308-T70999.99,2026-04-13T12:00:00Z,70877.64,70999.99,0.1726,0.255,real,0.293486,0.5432,0.00040604,0.00050868,0.0003755,1.3547,0.01,0.00045541,-1.0,-1.0,0,2.0,0,-0.0349,2.0,0.0,0.7957,-1,5.66e-05,0,0.0,0,0.0,0.0,-0.0109,False,False,-1.0,-1.0,99.81,79.13,True,0,bearish,0.0,0.0,0.125661,0.102778,trade,no,False,False,95.0,48.6,,0.492789,0.05,50.0,1000.0,-3.0,-2.0,0.3023,,,,,,False,True,17.11,2026-04-13 11:11:20+00:00,BTC,,,,,,,,,,,,,,,,,,,,,,,,,,,,,,,,,,,,,,,,,,,,,,,,,,,,,,,,,,,,,,,,,,,,,,,,,,,,,,,,,,,,,,,,,,,,,,,,,,,,,,,,crashing,16,2026-W16,0.745,0.9998927102007945,6.585278553515506e-07,0.00010663127135362528,0.6253381426481249,32.53146130571679,0.43848940389280683
2026-04-14 19:08:17,2026-04-14 19:00,KXBTCD-26APR1417-T74749.99,2026-04-14T21:00:00Z,74374.19,74749.99,0.5053,0.245,real,0.199569,0.8432,0.0008176,0.0006617,0.00069087,0.9578,0.03,0.00067337,1.0,1.0,2,0.0,1,0.1846,2.0,-1.0,0.892,1,-0.00010753,-1,0.0,0,1.0,1.0,-0.413,False,False,1.0,0.0,26.86,14.82,True,-1,neutral,0.0,0.0,0.038735,0.012275,trade,no,False,False,214.0,111.68,,0.158103,0.05,50.0,1000.0,-1.0,0.0,0.488,0.1305,,,False,,False,True,16.23,2026-04-14 19:08:17+00:00,BTC,,,,,,,,,,,,,,,,,,,,,,,,,,,,,,,,,,,,,,,,,,,,,,,,,,,,,,,,,,,,,,,,,,,,,,,,,,,,,,,,,,,,,,,,,,,,,,,,,,,,,,,,crashing,16,2026-W16,0.755,2.163791082910368e-07,0.9765795752583653,0.023420208362537265,1.3350721200193474,-158.02755684119745,0.1656055897077797
2026-04-14 19:09:20,2026-04-14 19:00,KXBTCD-26APR1416-T74599.99,2026-04-14T20:00:00Z,74367.06,74599.99,0.3132,0.235,real,0.182637,0.9054,0.00081693,0.00065904,0.00060834,1.0833,0.01,0.00063876,1.0,0.0,1,0.0,0,0.0271,2.0,-1.0,0.9577,1,-0.00010792,-1,0.0,0,1.0,1.0,-0.4231,False,False,1.0,0.0,26.45,14.68,True,-1,neutral,0.0,0.0,0.045221,0.019457,trade,no,False,False,213.0,50.63,,0.192428,0.05,50.0,1000.0,-1.0,0.0,0.488,0.2019,,,False,,False,True,15.36,2026-04-14 19:09:20+00:00,BTC,,,,,,,,,,,,,,,,,,,,,,,,,,,,,,,,,,,,,,,,,,,,,,,,,,,,,,,,,,,,,,,,,,,,,,,,,,,,,,,,,,,,,,,,,,,,,,,,,,,,,,,,crashing,16,2026-W16,0.765,2.163791082910368e-07,0.9765795752583653,0.023420208362537265,1.3350721200193474,-158.02755684119745,0.1656055897077797
2026-04-14 19:19:50,2026-04-14 19:00,KXBTCD-26APR1417-T74499.99,2026-04-14T21:00:00Z,74379.28,74499.99,0.1623,0.4,real,0.353372,0.3762,0.00079389,0.00051816,0.00063967,0.81,0.02,0.00056677,1.0,0.0,1,0.0,0,0.0472,2.0,-1.0,0.8725,1,-0.00010807,-1,0.0,0,1.0,1.0,-0.4522,False,False,1.0,0.0,25.3,21.5,False,-1,neutral,0.0,0.0,0.042745,0.011671,trade,no,False,False,211.0,100.12,,0.106862,0.05,50.0,1000.0,-1.0,0.0,0.488,0.5144,,,False,,False,True,33.33,2026-04-14 19:19:50+00:00,BTC,,,,,,,,,,,,,,,,,,,,,,,,,,,,,,,,,,,,,,,,,,,,,,,,,,,,,,,,,,,,,,,,,,,,,,,,,,,,,,,,,,,,,,,,,,,,,,,,,,,,,,,,crashing,16,2026-W16,0.6,2.163791082910368e-07,0.9765795752583653,0.023420208362537265,1.3350721200193474,-158.02755684119745,0.1656055897077797
2026-04-16 15:01:07,2026-04-16 15:00,KXBTCD-26APR1612-T73899.99,2026-04-16T16:00:00Z,73770.43,73899.99,0.1756,0.57,real,0.374535,0.3199,0.00093622,0.00094127,,,0.02,0.00094127,0.0,1.0,2,0.0,0,-0.0871,2.0,0.0,0.4699,1,-5.127e-05,0,-1.0,1,2.0,2.0,-0.9231,False,False,0.0,0.0,41.34,36.96,False,-1,bearish,0.0,0.0,0.195664,0.164269,trade,no,False,False,105.0,58.8,,0.34327,0.05,50.0,1000.0,-1.0,1.0,0.4839,0.2654,-0.2031,0.1249,False,,True,False,-50.0,2026-04-16 15:01:07+00:00,BTC,,,,,,,,,,,,,,,,,,,,,,,,,,,,,,,,,,,,,,,,,,,,,,,,,,,,,,,,,,,,,,,,,,,,,,,,,,,,,,,,,,,,,,,,,,,,,,,,,,,,,,,,crashing,16,2026-W16,0.43000000000000005,0.4987095908701887,6.131236539934999e-05,0.5012290967644046,1.051285120105405,-77.88781867649215,0.6784247844692697
2026-04-16 15:06:33,2026-04-16 15:00,KXBTCD-26APR1612-T73999.99,2026-04-16T16:00:00Z,73847.83,73999.99,0.206,0.62,real,0.361428,0.3546,0.00092745,0.00094546,,,0.02,0.00094546,0.0,1.0,2,0.0,0,0.0325,2.0,0.0,0.471,1,-5.124e-05,0,-1.0,1,2.0,2.0,-0.8177,False,False,0.0,0.0,46.04,38.53,False,-1,bearish,0.0,0.0,0.258583,0.227427,trade,no,False,False,106.0,53.4,,0.417069,0.05,50.0,1000.0,-1.0,1.0,0.4839,0.2622,0.2315,0.1663,False,,True,False,-50.0,2026-04-16 15:06:33+00:00,BTC,,,,,,,,,,,,,,,,,,,,,,,,,,,,,,,,,,,,,,,,,,,,,,,,,,,,,,,,,,,,,,,,,,,,,,,,,,,,,,,,,,,,,,,,,,,,,,,,,,,,,,,,crashing,16,2026-W16,0.38,0.4987095908701887,6.131236539934999e-05,0.5012290967644046,1.051285120105405,-77.88781867649215,0.6784247844692697
2026-04-16 18:52:52,2026-04-16 18:00,KXBTCD-26APR1615-T74999.99,2026-04-16T19:00:00Z,74843.07,74999.99,0.2097,0.2,real,0.15015,1.0358,0.00078757,0.00084772,0.00093505,0.9066,0.02,0.00090448,-1.0,0.0,1,1.0,1,0.4093,2.0,0.0,0.552,0,-3.136e-05,0,0.0,0,0.0,0.0,0.2597,False,False,-1.0,-1.0,91.84,66.62,False,0,neutral,0.0,0.0,0.076808,0.054247,trade,no,False,False,107.0,7.08,,0.384042,0.05,20.0,400.0,-1.0,-5.0,0.4509,0.57,0.4052,0.1654,False,,True,False,-20.0,2026-04-16 18:52:52+00:00,BTC,,,,,,,,,,,,,,,,,,,,,,,,,,,,,,,,,,,,,,,,,,,,,,,,,,,,,,,,,,,,,,,,,,,,,,,,,,,,,,,,,,,,,,,,,,,,,,,,,,,,,,,,crashing,16,2026-W16,0.8,0.00019305100333302428,0.00014919664962835853,0.9996577523470431,1.0729080026566364,-18.02326772600141,0.8651343376300644
2026-04-19 04:00:57,2026-04-19 04:00,KXBTCD-26APR1901-T75699.99,2026-04-19T05:00:00Z,75571.68,75699.99,0.1698,0.185,real,0.071736,1.463,0.00026308,0.00017678,0.00024637,0.7175,0.01,0.00022201,-1.0,0.0,1,0.0,0,0.0117,2.0,0.0,0.5801,1,-6.879e-05,0,0.0,0,0.0,0.0,0.0193,False,False,0.0,0.0,53.27,51.72,False,0,bearish,0.0,0.0,0.104973,0.084819,trade,no,False,False,90.0,59.0,,0.56742,0.05,20.0,400.0,0.0,0.0,0.4797,0.146,-0.034,0.0,False,,True,False,-20.0,2026-04-19 04:00:57+00:00,BTC,,,,,,,,,,,,,,,,,,,,,,,,,,,,,,,,,,,,,,,,,,,,,,,,,,,,,,,,,,,,,,,,,,,,,,,,,,,,,,,,,,,,,,,,,,,,,,,,,,,,,,,,crashing,16,2026-W16,0.815,0.9999999994848849,5.151192580178024e-10,6.1569765791610965e-37,0.5287958909182534,-22.035697952068688,0.23290581781657763
2026-04-19 04:10:33,2026-04-19 04:00,KXBTCD-26APR1901-T75799.99,2026-04-19T05:00:00Z,75673.03,75799.99,0.1678,0.17,real,0.056689,1.5832,0.00023639,0.00016876,0.00024996,0.6751,0.02,0.00022154,-1.0,-1.0,0,0.0,0,-0.0818,2.0,0.0,0.5947,0,-4.403e-05,0,0.0,0,0.0,0.0,0.0701,False,False,0.0,0.0,62.56,54.82,False,0,bearish,0.0,0.0,0.118881,0.100485,trade,no,False,False,91.0,49.4,,0.699298,0.05,20.0,400.0,0.0,0.0,0.4797,0.0716,0.0517,0.0448,False,,False,True,4.1,2026-04-19 04:10:33+00:00,BTC,,,,,,,,,,,,,,,,,,,,,,,,,,,,,,,,,,,,,,,,,,,,,,,,,,,,,,,,,,,,,,,,,,,,,,,,,,,,,,,,,,,,,,,,,,,,,,,,,,,,,,,,crashing,16,2026-W16,0.83,0.9999999994848849,5.151192580178024e-10,6.1569765791610965e-37,0.5287958909182534,-22.035697952068688,0.23290581781657763
2026-04-19 11:02:04,2026-04-19 11:00,KXBTCD-26APR1908-T75399.99,2026-04-19T12:00:00Z,75271.37,75399.99,0.1709,0.205,real,0.088377,1.3508,0.00033567,0.00011869,0.00027236,0.4358,0.01,0.00021858,-1.0,1.0,2,0.0,1,0.1269,2.0,0.0,0.7195,0,3.241e-05,0,-1.0,1,2.0,2.0,-0.5117,False,False,0.0,0.0,33.35,38.32,False,-1,bearish,0.0,0.0,0.086058,0.063723,trade,no,False,False,87.0,57.89,,0.419796,0.05,20.0,400.0,-2.0,3.0,0.5677,-0.063,0.0,0.0,False,,True,False,-20.0,2026-04-19 11:02:04+00:00,BTC,,,,,,,,,,,,,,,,,,,,,,,,,,,,,,,,,,,,,,,,,,,,,,,,,,,,,,,,,,,,,,,,,,,,,,,,,,,,,,,,,,,,,,,,,,,,,,,,,,,,,,,,crashing,16,2026-W16,0.795,0.9999950607370973,3.960366689795541e-07,4.5432262220953975e-06,0.6565404512901508,-8.090962682350607,0.4967790262172349
2026-04-19 11:43:19,2026-04-19 11:00,KXBTCD-26APR1908-T75599.99,2026-04-19T12:00:00Z,75502.5,75599.99,0.1291,0.205,real,0.209022,0.8098,0.00070503,0.00050022,0.00038406,1.3024,0.03,0.00042472,-1.0,-1.0,0,1.0,0,0.0687,2.0,1.0,1.0,0,3.005e-05,0,0.0,0,0.0,0.0,0.0453,False,False,-1.0,-1.0,84.06,83.36,False,0,bearish,0.0,0.0,0.049895,0.025722,trade,no,False,False,88.0,16.63,,0.243391,0.05,20.0,400.0,0.0,-5.0,0.4188,0.1371,0.1183,0.1183,False,,True,False,-20.0,2026-04-19 11:43:19+00:00,BTC,,,,,,,,,,,,,,,,,,,,,,,,,,,,,,,,,,,,,,,,,,,,,,,,,,,,,,,,,,,,,,,,,,,,,,,,,,,,,,,,,,,,,,,,,,,,,,,,,,,,,,,,crashing,16,2026-W16,0.795,0.9999950607370973,3.960366689795541e-07,4.5432262220953975e-06,0.6565404512901508,-8.090962682350607,0.4967790262172349
2026-04-19 14:00:49,2026-04-19 14:00,KXBTCD-26APR1911-T76199.99,2026-04-19T15:00:00Z,76009.29,76199.99,0.2509,0.25,real,0.148783,1.0417,0.00055786,0.00027879,0.00048309,0.5771,0.02,0.00041159,-1.0,-1.0,0,0.0,0,0.0522,2.0,0.0,0.4994,0,7.1e-06,1,0.0,0,-1.0,-1.0,0.4184,False,False,-1.0,0.0,72.64,76.83,False,1,bearish,0.0,0.0,0.123503,0.100769,trade,no,False,False,96.0,59.14,,0.494013,0.05,20.0,400.0,0.0,-2.0,0.4596,-0.164,-0.0564,-0.0136,False,,False,True,6.67,2026-04-19 14:00:49+00:00,BTC,,,,,,,,,,,,,,,,,,,,,,,,,,,,,,,,,,,,,,,,,,,,,,,,,,,,,,,,,,,,,,,,,,,,,,,,,,,,,,,,,,,,,,,,,,,,,,,,,,,,,,,,crashing,16,2026-W16,0.75,0.9998537909259956,1.1889132765685385e-06,0.00014502016073919498,0.8775128138830933,91.07791995166184,0.9064126738545356
2026-04-19 14:07:10,2026-04-19 14:00,KXBTCD-26APR1911-T75999.99,2026-04-19T15:00:00Z,75740.35,75999.99,0.3428,0.21,real,0.164407,0.9765,0.00060065,0.0005559,0.00058407,0.9518,0.02,0.00057421,-1.0,-1.0,0,0.0,0,-0.0164,2.0,-1.0,0.815,0,5.71e-06,1,0.0,0,0.0,0.0,0.1949,False,False,0.0,0.0,58.38,72.07,False,0,bearish,0.0,0.0,0.057887,0.033859,trade,no,False,False,95.0,52.79,,0.275652,0.05,20.0,400.0,0.0,0.0,0.4797,-0.3783,-0.2282,-0.2515,False,,True,False,-20.0,2026-04-19 14:07:10+00:00,BTC,,,,,,,,,,,,,,,,,,,,,,,,,,,,,,,,,,,,,,,,,,,,,,,,,,,,,,,,,,,,,,,,,,,,,,,,,,,,,,,,,,,,,,,,,,,,,,,,,,,,,,,,crashing,16,2026-W16,0.79,0.9998537909259956,1.1889132765685385e-06,0.00014502016073919498,0.8775128138830933,91.07791995166184,0.9064126738545356
2026-04-21 18:00:50,2026-04-21 18:00,KXBTCD-26APR2115-T75799.99,2026-04-21T19:00:00Z,75560.66,75799.99,0.3167,0.27,real,0.224305,0.7174,0.00097209,0.00090896,0.00067115,1.3543,0.02,0.00075438,1.0,1.0,2,0.0,1,0.1565,2.0,-1.0,0.9924,0,-1.27e-06,-1,-1.0,1,2.0,2.0,-0.9186,False,False,1.0,0.0,31.06,36.09,False,-1,neutral,0.0,0.0,0.045695,0.018516,trade,no,False,False,115.0,59.12,,0.169242,0.046672,46.67,1000.0,-1.0,1.0,0.4839,0.2355,-0.2579,0.0216,False,,False,True,17.26,2026-04-21 18:00:50+00:00,BTC,,,,,,,,,,,,,,,,,,,,,,,,,,,,,,,,,,,,,,,,,,,,,,,,,,,,,,,,,,,,,,,,,,,,,,,,,,,,,,,,,,,,,,,,,,,,,,,,,,,,,,,,crashing,17,2026-W17,0.73,0.9999979625716556,1.8780135916294543e-07,1.8496269848787133e-06,0.6418649745704094,-105.53948501801295,0.2801110631874068
2026-04-21 18:06:07,2026-04-21 18:00,KXBTCD-26APR2115-T75899.99,2026-04-21T19:00:00Z,75612.28,75899.99,0.3805,0.21,real,0.170851,0.9104,0.00098049,0.00094533,0.00064189,1.4727,0.02,0.00074809,1.0,-1.0,0,0.0,0,0.0988,2.0,-1.0,0.9908,0,-1.34e-06,-1,0.0,0,1.0,1.0,-0.8589,False,False,1.0,0.0,34.23,37.14,False,-1,neutral,0.0,0.0,0.039149,0.014232,trade,no,False,False,118.0,53.83,,0.186422,0.041089,41.09,1000.0,-1.0,1.0,0.4839,0.295,0.0809,-0.0467,False,,False,True,10.92,2026-04-21 18:06:07+00:00,BTC,,,,,,,,,,,,,,,,,,,,,,,,,,,,,,,,,,,,,,,,,,,,,,,,,,,,,,,,,,,,,,,,,,,,,,,,,,,,,,,,,,,,,,,,,,,,,,,,,,,,,,,,crashing,17,2026-W17,0.79,0.9999979625716556,1.8780135916294543e-07,1.8496269848787133e-06,0.6418649745704094,-105.53948501801295,0.2801110631874068
2026-04-21 18:11:23,2026-04-21 18:00,KXBTCD-26APR2115-T75699.99,2026-04-21T19:00:00Z,75543.78,75699.99,0.2068,0.305,real,0.25332,0.6237,0.00097475,0.0007074,0.00058112,1.2173,0.01,0.00062532,1.0,-1.0,0,0.0,0,-0.0257,2.0,-1.0,0.8811,0,-1.9e-06,-1,0.0,0,1.0,1.0,-0.8986,False,False,1.0,0.0,31.99,36.39,False,-1,neutral,0.0,0.0,0.05168,0.02344,trade,no,False,False,114.0,48.56,,0.169442,0.05,50.0,1000.0,-1.0,1.0,0.4839,-0.3766,-0.0886,-0.1093,False,,False,True,21.94,2026-04-21 18:11:23+00:00,BTC,,,,,,,,,,,,,,,,,,,,,,,,,,,,,,,,,,,,,,,,,,,,,,,,,,,,,,,,,,,,,,,,,,,,,,,,,,,,,,,,,,,,,,,,,,,,,,,,,,,,,,,,crashing,17,2026-W17,0.6950000000000001,0.9999979625716556,1.8780135916294543e-07,1.8496269848787133e-06,0.6418649745704094,-105.53948501801295,0.2801110631874068
2026-04-21 18:17:43,2026-04-21 18:00,KXBTCD-26APR2115-T75599.99,2026-04-21T19:00:00Z,75517.8,75599.99,0.1088,0.445,real,0.397019,0.2207,0.00095254,0.00060357,0.00121031,0.4987,0.01,0.00099795,1.0,-1.0,0,0.0,0,-0.0375,2.0,1.0,0.8095,0,-1.17e-06,-1,0.0,0,1.0,1.0,-0.9109,False,False,1.0,0.0,39.58,35.54,False,-1,neutral,0.0,0.0,0.047981,0.016224,trade,no,False,False,113.0,42.23,,0.107823,0.05,50.0,1000.0,-1.0,1.0,0.4839,-0.2122,-0.088,-0.078,False,,True,False,-50.0,2026-04-21 18:17:43+00:00,BTC,,,,,,,,,,,,,,,,,,,,,,,,,,,,,,,,,,,,,,,,,,,,,,,,,,,,,,,,,,,,,,,,,,,,,,,,,,,,,,,,,,,,,,,,,,,,,,,,,,,,,,,,crashing,17,2026-W17,0.5549999999999999,0.9999979625716556,1.8780135916294543e-07,1.8496269848787133e-06,0.6418649745704094,-105.53948501801295,0.2801110631874068
2026-04-23 19:16:34,2026-04-23 19:00,KXBTCD-26APR2317-T77999.99,2026-04-23T21:00:00Z,77781.87,77999.99,0.2804,0.345,real,0.267606,0.5819,0.00056015,0.00049701,0.00069054,0.7197,0.03,0.0006228,0.0,0.0,1,1.0,-1,-0.186,2.0,0.0,0.3632,1,-6.436e-05,0,0.0,0,0.0,0.0,-0.258,False,False,0.0,0.0,52.23,48.93,False,0,neutral,0.0,0.0,0.062394,0.033203,trade,no,False,False,156.0,103.37,,0.180853,0.05,50.0,1000.0,-1.0,0.0,0.488,-0.3121,0.0184,0.062,False,,False,True,26.34,2026-04-23 19:16:34+00:00,BTC,,,,,,,,,,,,,,,,,,,,,,,,,,,,,,,,,,,,,,,,,,,,,,,,,,,,,,,,,,,,,,,,,,,,,,,,,,,,,,,,,,,,,,,,,,,,,,,,,,,,,,,,crashing,17,2026-W17,0.655,0.2829153338028086,0.0001531022343377955,0.7169315639628422,0.8198647822115617,-39.318041003605146,0.4622795316436935
2026-04-25 19:09:35,2026-04-25 19:00,KXBTCD-26APR2517-T77499.99,2026-04-25T21:00:00Z,77308.15,77499.99,0.2481,0.21,real,0.076923,1.5475,0.00021261,9.723e-05,0.00029256,0.3324,0.02,0.00022419,0.0,0.0,1,1.0,-1,-0.1024,2.0,1.0,0.8901,0,-3.445e-05,0,-1.0,1,2.0,2.0,-0.367,False,False,0.0,0.0,27.58,27.78,False,-1,bearish,0.0,0.0,0.133077,0.113107,trade,no,False,False,142.0,110.36,,0.6337,0.05,50.0,1000.0,-3.0,3.0,0.4701,-0.0871,-0.012,-0.0026,False,,False,True,13.29,2026-04-25 19:09:35+00:00,BTC,,,,,,,,,,,,,,,,,,,,,,,,,,,,,,,,,,,,,,,,,,,,,,,,,,,,,,,,,,,,,,,,,,,,,,,,,,,,,,,,,,,,,,,,,,,,,,,,,,,,,,,,crashing,17,2026-W17,0.79,0.9999987270321642,1.2057480349428308e-06,6.721979751201639e-08,0.7280987626842333,-28.36453041321336,0.20661215682934672
2026-04-27 18:01:45,2026-04-27 18:00,KXBTCD-26APR2715-T76999.99,2026-04-27T19:00:00Z,76788.38,76999.99,0.2756,0.2,real,0.124341,1.072,0.00043676,0.00046905,0.00042862,1.0943,0.02,0.00044277,0.0,1.0,2,0.0,1,0.1399,2.0,0.0,0.7906,0,1.779e-05,0,0.0,0,1.0,1.0,-0.8497,False,False,0.0,1.0,13.1,12.96,True,-1,bearish,0.0,0.0,0.075659,0.053037,trade,no,False,False,90.0,58.2,,0.378293,0.05,50.0,1000.0,-3.0,7.0,0.4675,-0.164,-0.0505,0.0575,False,,False,True,12.5,2026-04-27 18:01:45+00:00,BTC,,,,,,,,,,,,,,,,,,,,,,,,,,,,,,,,,,,,,,,,,,,,,,,,,,,,,,,,,,,,,,,,,,,,,,,,,,,,,,,,,,,,,,,,,,,,,,,,,,,,,,,,crashing,18,2026-W18,0.8,1.0820474056423865e-05,3.516725811716786e-05,0.9999540122678313,1.1023009083556392,-166.8829782948512,0.10597857389701866
2026-04-27 18:07:06,2026-04-27 18:00,KXBTCD-26APR2715-T76899.99,2026-04-27T19:00:00Z,76788.94,76899.99,0.1446,0.33,real,0.267606,0.5688,0.00041858,0.00047466,0.0004519,1.0504,0.02,0.00045987,0.0,0.0,1,0.0,0,0.0692,2.0,0.0,0.6351,0,1.886e-05,0,0.0,0,1.0,1.0,-0.811,False,False,0.0,1.0,12.69,12.82,False,-1,bearish,0.0,0.0,0.062394,0.033675,trade,no,False,False,90.0,52.85,,0.189074,0.05,50.0,1000.0,-3.0,7.0,0.4675,-0.1242,0.0486,0.0549,False,,False,True,24.63,2026-04-27 18:07:06+00:00,BTC,,,,,,,,,,,,,,,,,,,,,,,,,,,,,,,,,,,,,,,,,,,,,,,,,,,,,,,,,,,,,,,,,,,,,,,,,,,,,,,,,,,,,,,,,,,,,,,,,,,,,,,,crashing,18,2026-W18,0.6699999999999999,1.0820474056423865e-05,3.516725811716786e-05,0.9999540122678313,1.1023009083556392,-166.8829782948512,0.10597857389701866
2026-04-27 18:12:25,2026-04-27 18:00,KXBTCD-26APR2715-T76799.99,2026-04-27T19:00:00Z,76697.02,76799.99,0.1343,0.335,real,0.267606,0.5504,0.00043591,0.00048108,0.00045662,1.0536,0.01,0.00046518,0.0,1.0,2,0.0,0,0.0067,2.0,0.0,0.6567,0,1.881e-05,0,-1.0,1,2.0,2.0,-0.9057,False,False,1.0,1.0,8.21,11.33,False,-1,bearish,0.0,0.0,0.067394,0.038675,trade,no,False,False,90.0,47.54,,0.201177,0.05,50.0,1000.0,-5.0,11.0,0.4855,-0.1583,-0.0415,-0.0963,False,,True,False,-50.0,2026-04-27 18:12:25+00:00,BTC,,,,,,,,,,,,,,,,,,,,,,,,,,,,,,,,,,,,,,,,,,,,,,,,,,,,,,,,,,,,,,,,,,,,,,,,,,,,,,,,,,,,,,,,,,,,,,,,,,,,,,,,crashing,18,2026-W18,0.665,1.0820474056423865e-05,3.516725811716786e-05,0.9999540122678313,1.1023009083556392,-166.8829782948512,0.10597857389701866
2026-05-08 04:01:01,2026-05-08 04:00,KXBTCD-26MAY0801-T79699.99,2026-05-08T05:00:00Z,79569.35,79699.99,0.1642,0.22,real,0.080752,1.2326,0.00032397,0.00017916,0.00027674,0.6474,0.03,0.00025496,0.0,0.0,1,0.0,1,0.2339,2.0,0.0,0.7979,0,4.478e-05,0,0.0,0,0.0,0.0,0.0996,False,False,0.0,0.0,51.26,45.64,False,-1,bearish,0.0,0.0,0.051107,0.026281,trade,no,False,False,89.0,58.93,,0.232304,0.05,50.0,1000.0,-3.0,0.0,0.3441,-0.0311,-0.069,0.0074,False,,False,True,14.1,2026-05-08 04:01:01+00:00,BTC,,0.0,,,,,,bearish,bearish,False,True,1.591,0.983,False,False,False,32.38,0.112,,4.0,,,,,,,,,,,,,,,,,,,,,,,,,,,,,,,,,,,,,,,,,,,,,,,,,,,,,,,,,,,,,,,,,,,,,,,,,,,,,,,,,,,,crashing,19,2026-W19,0.78,0.9999997922786081,6.214612291628759e-08,1.4557526465035829e-07,0.6973846842405012,-18.583125909840135,0.20593227229302552
2026-05-08 04:19:23,2026-05-08 04:00,KXBTCD-26MAY0801-T79799.99,2026-05-08T05:00:00Z,79691.23,79799.99,0.1365,0.23,real,0.089581,0.9303,0.00017371,0.00021986,0.0002898,0.7587,0.02,0.000274,0.0,0.0,1,1.0,1,0.3052,2.0,0.0,0.7776,0,8.48e-06,0,1.0,-1,-2.0,-2.0,0.2563,False,False,-1.0,0.0,70.58,61.76,False,0,bearish,0.0,0.0,0.046433,0.020942,trade,no,False,False,85.0,40.57,,0.201883,0.05,50.0,1000.0,-3.0,0.0,0.3441,0.0896,0.1078,-0.0223,False,,False,True,14.94,2026-05-08 04:19:23+00:00,BTC,,0.0,,,,,,bearish,bearish,False,True,1.436,1.134,False,False,False,31.96,0.1185,0.04,4.0,,,,,,,,,,,,,,,,,,,,,,,,,,,,,,,,,,,,,,,,,,,,,,,,,,,,,,,,,,,,,,,,,,,,,,,,,,,,,,,,,,,,crashing,19,2026-W19,0.77,0.9999997922786081,6.214612291628759e-08,1.4557526465035829e-07,0.6973846842405012,-18.583125909840135,0.20593227229302552
2026-05-08 07:30:23,2026-05-08 07:00,KXBTCD-26MAY0804-T79499.99,2026-05-08T08:00:00Z,79325.1,79499.99,0.2205,0.2,real,0.12379,1.1231,0.00043065,0.0002939,0.00048129,0.6106,0.02,0.00042936,-1.0,0.0,1,0.0,0,,2.0,0.0,0.451,0,-3.55e-06,0,0.0,0,1.0,1.0,-0.2654,False,False,1.0,1.0,0.0,6.36,False,-1,bearish,0.0,0.0,0.038674,0.014203,trade,no,False,False,82.0,29.56,,0.193372,0.05,50.0,1000.0,-3.0,7.0,0.4396,-0.2229,-0.06,0.0,False,,True,False,-50.0,2026-05-08 07:30:23+00:00,BTC,,0.0,,,,,,bearish,bearish,False,True,1.904,0.678,False,False,False,34.65,0.0374,0.1,7.0,,,,,,,,,,,,,,,,,,,,,,,,,,,,,,,,,,,,,,,,,,,,,,,,,,,,,,,,,,,,,,,,,,,,,,,,,,,,,,,,,,,,crashing,19,2026-W19,0.8,0.9999999980021954,1.9974943757664354e-09,3.078053300516839e-13,0.6474310238930285,11.50459358233502,0.24787900950789152
2026-05-12 11:02:36,2026-05-12 11:00,KXBTCD-26MAY1208-T80499.99,2026-05-12T12:00:00Z,80615.84,80499.99,-0.1437,0.75,real,0.625312,-0.7005,0.00025692,0.00026691,0.00028158,0.9479,0.01,0.00035672,0.0,1.0,2,0.0,0,-0.0391,2.0,0.0,0.1532,0,1.692e-05,0,-1.0,1,2.0,2.0,-0.4172,False,False,1.0,1.0,13.57,11.52,True,-1,bearish,0.0,0.0,0.063208,0.03315,trade,no,False,False,101.0,57.34,,0.084277,0.042138,42.14,1000.0,-3.0,7.0,0.4396,-0.0604,0.0576,0.0085,False,,True,False,-42.14,2026-05-12 11:02:36+00:00,BTC,,0.0,,,,,,bullish,bearish,True,True,1.909,2.268,False,False,False,28.1,0.0,,11.0,,,,,,,,,,,,,,,,,,,,,,,,,,,,,,,,,,,,,,,,,,,,,,,,,,,,,,,,,,,,,,,,,,,,,,,,,,,,,,,,,,,,crashing,20,2026-W20,0.25,0.9999978927185714,4.146671945611907e-07,1.6926142400179835e-06,0.5000518925823036,-97.05047445415585,0.151490552134984
2026-05-12 11:30:13,2026-05-12 11:00,KXBTCD-26MAY1208-T80399.99,2026-05-12T12:00:00Z,80611.74,80399.99,-0.2627,0.96,real,0.598249,-1.6512,0.00036197,0.00035333,0.00027549,1.2826,0.01,0.00038433,0.0,0.0,1,0.0,0,-0.0522,2.0,0.0,0.2231,0,1.839e-05,0,-1.0,1,2.0,2.0,-0.427,False,False,0.0,0.0,30.61,19.27,True,-1,bearish,0.0,0.0,0.109333,0.085441,trade,no,False,False,99.0,29.74,,0.113889,0.048145,48.15,1000.0,-3.0,4.0,0.4653,-0.0124,0.1319,0.0726,False,,True,False,-48.15,2026-05-12 11:30:13+00:00,BTC,,0.0,,,,,,bullish,bearish,True,True,1.914,2.263,False,False,False,28.3,0.2114,0.05,11.0,,,,,,,,,,,,,,,,,,,,,,,,,,,,,,,,,,,,,,,,,,,,,,,,,,,,,,,,,,,,,,,,,,,,,,,,,,,,,,,,,,,,crashing,20,2026-W20,0.040000000000000036,0.9999978927185714,4.146671945611907e-07,1.6926142400179835e-06,0.5000518925823036,-97.05047445415585,0.151490552134984
2026-05-12 11:41:00,2026-05-12 11:00,KXBTCD-26MAY1208-T80599.99,2026-05-12T12:00:00Z,80674.35,80599.99,-0.0922,0.83,real,0.517254,-0.8587,0.00034046,0.00023165,0.00022198,1.0436,0.02,0.00032455,0.0,0.0,1,1.0,-1,-0.1033,2.0,0.0,0.3327,0,1.836e-05,0,-1.0,1,2.0,2.0,-0.3768,False,False,0.0,0.0,39.56,22.25,True,-1,bearish,0.0,0.0,0.130822,0.101099,trade,no,False,False,98.0,18.96,,0.157617,0.05,50.0,1000.0,-3.0,2.0,0.3576,0.1069,0.0499,0.0381,False,,True,False,-50.0,2026-05-12 11:41:00+00:00,BTC,,0.0,,,,,,bullish,bearish,True,True,1.835,2.339,False,False,False,28.3,0.2264,0.56,11.0,,,,,,,,,,,,,,,,,,,,,,,,,,,,,,,,,,,,,,,,,,,,,,,,,,,,,,,,,,,,,,,,,,,,,,,,,,,,,,,,,,,,crashing,20,2026-W20,0.17000000000000004,0.9999978927185714,4.146671945611907e-07,1.6926142400179835e-06,0.5000518925823036,-97.05047445415585,0.151490552134984
2026-05-12 15:06:15,2026-05-12 15:00,KXBTCD-26MAY1212-T80699.99,2026-05-12T16:00:00Z,80496.22,80699.99,0.2531,0.28,real,0.221836,0.8548,0.00062568,0.00045641,0.00059198,0.771,0.01,0.00053108,0.0,0.0,1,0.0,0,-0.0389,2.0,0.0,0.0176,0,9.2e-06,1,-1.0,1,2.0,2.0,-0.4112,False,False,1.0,0.0,21.97,37.85,False,-1,bearish,0.0,0.0,0.050679,0.023307,trade,no,False,False,102.0,53.69,,0.180996,0.05,50.0,1000.0,-3.0,2.0,0.3576,-0.0392,-0.0308,0.0595,False,,False,True,19.44,2026-05-12 15:06:15+00:00,BTC,,0.0,,,,,,bullish,bearish,False,True,2.06,2.123,False,False,False,31.16,0.0088,,15.0,,,,,,,,,,,,,,,,,,,,,,,,,,,,,,,,,,,,,,,,,,,,,,,,,,,,,,,,,,,,,,,,,,,,,,,,,,,,,,,,,,,,crashing,20,2026-W20,0.72,0.99999997007825,2.99172938638837e-08,4.4579519079097986e-12,0.752417706812125,-91.073605183651,0.09697479433332978
2026-05-12 15:16:31,2026-05-12 15:00,KXBTCD-26MAY1212-T80399.99,2026-05-12T16:00:00Z,80509.46,80399.99,-0.136,0.71,real,0.587666,-0.6138,0.00060791,0.00042963,0.00037307,1.1516,0.01,0.00044256,0.0,-1.0,0,0.0,0,-0.0419,2.0,0.0,0.0225,0,8.96e-06,1,0.0,0,1.0,1.0,-0.2803,False,False,0.0,0.0,38.63,34.74,False,-1,bearish,0.0,0.0,0.049436,0.01874,trade,no,False,False,101.0,43.44,,0.069628,0.034814,34.81,1000.0,-3.0,0.0,0.3441,-0.1683,0.0519,-0.031,False,,False,True,85.22,2026-05-12 15:16:31+00:00,BTC,,0.0,,,,,,bullish,bearish,False,True,2.043,2.139,False,False,False,31.16,0.0452,-0.07,15.0,,,,,,,,,,,,,,,,,,,,,,,,,,,,,,,,,,,,,,,,,,,,,,,,,,,,,,,,,,,,,,,,,,,,,,,,,,,,,,,,,,,,crashing,20,2026-W20,0.29000000000000004,0.99999997007825,2.99172938638837e-08,4.4579519079097986e-12,0.752417706812125,-91.073605183651,0.09697479433332978
2026-05-12 17:13:07,2026-05-12 17:00,KXBTCD-26MAY1214-T79999.99,2026-05-12T18:00:00Z,80142.68,79999.99,-0.178,0.73,real,0.564656,-0.5609,0.00059322,0.00056648,0.00042486,1.3333,0.02,0.00050454,0.0,0.0,1,0.0,0,0.0134,2.0,1.0,0.8445,0,2.366e-05,-1,0.0,0,1.0,1.0,-0.4489,False,False,0.0,1.0,31.74,19.33,True,-1,bearish,0.0,0.0,0.059845,0.029372,trade,no,False,False,98.0,46.85,,0.08198,0.04099,40.99,1000.0,-4.0,1.0,0.424,-0.1092,0.074,0.1403,False,,True,False,-40.99,2026-05-12 17:13:07+00:00,BTC,,0.0,,,,,,bearish,bearish,False,False,2.51,1.691,False,False,False,34.96,0.6993,0.11,17.0,,,,,,,,,,,,,,,,,,,,,,,,,,,,,,,,,,,,,,,,,,,,,,,,,,,,,,,,,,,,,,,,,,,,,,,,,,,,,,,,,,,,crashing,20,2026-W20,0.27,0.999999989416324,1.0561744689533793e-08,2.1929033717343334e-11,0.8053468220296819,-82.47413515059483,0.3130515581591671
2026-05-12 17:19:12,2026-05-12 17:00,KXBTCD-26MAY1214-T80099.99,2026-05-12T18:00:00Z,80262.12,80099.99,-0.202,0.73,real,0.510457,-0.6504,0.00056061,0.0005577,0.00051765,1.0774,0.02,0.00053014,0.0,-1.0,0,0.0,0,0.0087,2.0,0.0,0.7827,0,2.427e-05,-1,0.0,0,1.0,1.0,-0.3234,False,False,0.0,0.0,41.91,29.72,True,-1,bearish,0.0,0.0,0.04712,0.016961,trade,no,False,False,98.0,40.63,,0.064548,0.032274,32.27,1000.0,-4.0,-1.0,0.2891,0.4186,0.2496,0.1005,False,,True,False,-32.27,2026-05-12 17:19:12+00:00,BTC,,0.0,,,,,,bearish,bearish,False,False,2.358,1.838,False,False,False,34.96,0.7022,0.28,17.0,,,,,,,,,,,,,,,,,,,,,,,,,,,,,,,,,,,,,,,,,,,,,,,,,,,,,,,,,,,,,,,,,,,,,,,,,,,,,,,,,,,,crashing,20,2026-W20,0.27,0.999999989416324,1.0561744689533793e-08,2.1929033717343334e-11,0.8053468220296819,-82.47413515059483,0.3130515581591671
2026-05-12 17:22:30,2026-05-12 17:00,KXBTCD-26MAY1214-T80199.99,2026-05-12T18:00:00Z,80345.36,80199.99,-0.1809,0.72,real,0.514879,-0.594,0.00057691,0.00061212,0.00050847,1.2038,0.03,0.00054231,0.0,-1.0,0,0.0,0,0.002,2.0,0.0,0.7786,0,2.427e-05,-1,0.0,0,0.0,0.0,-0.2116,False,False,-1.0,0.0,51.05,32.77,True,0,bearish,0.0,0.0,0.050923,0.020424,trade,no,False,False,99.0,37.34,,0.070726,0.035363,35.36,1000.0,-4.0,-1.0,0.2891,0.5656,0.2366,0.0846,False,,True,False,-35.36,2026-05-12 17:22:30+00:00,BTC,,0.0,,,,,,bearish,bearish,False,True,2.252,1.939,False,False,False,34.96,0.7027,0.3,17.0,,,,,,,,,,,,,,,,,,,,,,,,,,,,,,,,,,,,,,,,,,,,,,,,,,,,,,,,,,,,,,,,,,,,,,,,,,,,,,,,,,,,crashing,20,2026-W20,0.28,0.999999989416324,1.0561744689533793e-08,2.1929033717343334e-11,0.8053468220296819,-82.47413515059483,0.3130515581591671
2026-05-27 00:11:46+00:00,2026-05-27 00:00,KXBTCD-26MAY2621-T75799.99,2026-05-27T01:00:00Z,75856.1,75799.99,-0.074,0.66,real,0.645841,-0.5168,0.00015319,0.00017493,0.00025847,0.6768,0.01,0.00030333,0.0,-1.0,0,1.0,0,-0.0885,2.0,0.0,0.446,-1,7.155e-05,0,0.0,0,0.0,0.0,,False,False,0.0,0.0,67.09,55.87,False,0,bearish,0.0,0.0,0.046495,0.014897,trade,no,False,False,88.0,48.17,,0.070447,0.035223,35.22,1000.0,-4.0,2.0,0.3576,0.0409,0.0199,0.001,False,,True,False,-35.22,2026-05-27 00:11:46+00:00,BTC,,0.0,0.3442,1.0,0.9066,-1.0,0.7922,bearish,bearish,False,True,3.348,3.363,False,False,False,14.45,0.0025,0.015,0.0,1.0,1.0,57.25,-0.0444,,-1.0,17248321.68,0.0,0.001294,-0.00106,0.00113,76092.34,0.3114,0.3857,,,,,,,,,,,,,,,,,,,,,,,,,,,,,,,,,,,,,,,,,,,,,,,,,,0.3857,clear_loss,,,,,,,,,,,,,,,,,,,crashing,22,2026-W22,0.33999999999999997,0.9972546053331125,1.897628480616617e-06,0.0027434970384083088,0.754579436044932,-58.48020972593838,0.16860754370135272
2026-05-27 00:51:20+00:00,2026-05-27 00:00,KXBTCD-26MAY2621-T75899.99,2026-05-27T01:00:00Z,75888.25,75899.99,0.0155,0.49,real,0.483301,0.0475,0.00024982,0.00029223,0.00210161,0.1391,0.01,0.00162936,0.0,-1.0,0,2.0,0,-0.0406,2.0,0.0,0.5257,-1,6.672e-05,0,0.0,0,0.0,0.0,,False,False,0.0,-1.0,87.59,74.86,False,0,bearish,0.0,0.0,0.047944,0.015679,trade,no,False,False,85.0,8.62,,0.097846,0.048923,48.92,1000.0,-4.0,1.0,0.424,0.1451,0.0871,0.0084,False,,True,False,-48.92,2026-05-27 00:51:20+00:00,BTC,,0.0,0.5588,0.5499,0.4301,1.0,0.99,bearish,bearish,False,True,3.305,3.403,False,False,False,14.39,0.085,0.15,0.0,1.0,0.9916,57.28,0.1074,,-0.0101,7509491.54,0.0,0.013959,-0.00107,0.00112,76092.34,0.2689,0.2534,,,,,,,,,,,,,,,,,,,,,,,,,,,,,,,,,,,,,,,,,,,,,,,,,,0.2534,clear_loss,,,,,,,,,,,,,,,,,,,crashing,22,2026-W22,0.51,0.9972546053331125,1.897628480616617e-06,0.0027434970384083088,0.754579436044932,-58.48020972593838,0.16860754370135272
2026-05-27 02:01:49+00:00,2026-05-27 02:00,KXBTCD-26MAY2623-T75699.99,2026-05-27T03:00:00Z,75771.43,75699.99,-0.0943,0.65,real,0.594937,-0.4649,0.00034125,0.00038243,0.00032109,1.191,0.02,0.00039137,0.0,-1.0,0,1.0,0,-0.09,2.0,0.0,0.3879,-1,6.804e-05,0,0.0,0,0.0,0.0,-0.0507,False,False,0.0,0.0,50.61,48.09,False,-1,bearish,0.0,0.0,0.05989,0.027959,trade,no,False,False,87.0,58.12,,0.092139,0.046069,46.07,1000.0,-4.0,3.0,0.442,0.0327,-0.0988,-0.0988,False,,True,False,-46.07,2026-05-27 02:01:49+00:00,BTC,,0.0,0.4452,0.0,0.0219,1.0,0.863,bearish,bearish,False,True,3.464,3.255,False,False,False,13.59,0.0613,,2.0,-1.0,-1.0,57.77,0.0579,,-1.0,15503265.4,0.0,0.0024,-0.00105,0.00117,75892.26,0.1595,0.254,,,,,,,,,,,,,,,,,,,,,,,,,,,,,,,,,,,,,,,,,,,,,,,,,,0.254,marginal,,,,,,,,,,,,,,,,,,,crashing,22,2026-W22,0.35,0.9970486656314234,2.0484941816487005e-06,0.002949285874391797,0.7785196485725254,-39.36200717800995,0.06631306444948473
2026-05-27 02:10:25+00:00,2026-05-27 02:00,KXBTCD-26MAY2623-T75599.99,2026-05-27T03:00:00Z,75681.59,75599.99,-0.1078,0.7,real,0.655427,-0.5958,0.00034778,0.00035867,0.00029242,1.2266,0.01,0.00037846,0.0,-1.0,0,1.0,0,-0.0649,2.0,0.0,0.3577,-1,6.805e-05,0,0.0,0,1.0,1.0,-0.1637,False,False,1.0,0.0,28.05,40.57,False,-1,bearish,0.0,0.0,0.055231,0.024198,trade,no,False,False,86.0,49.49,,0.078902,0.039451,39.45,1000.0,-4.0,3.0,0.442,-0.0831,-0.1188,-0.0476,False,,True,False,-39.45,2026-05-27 02:10:25+00:00,BTC,,0.0,0.4818,0.0,0.0219,1.0,0.8632,bearish,bearish,False,True,3.587,3.14,False,False,False,13.59,0.0613,-0.085,2.0,-1.0,-1.0,57.78,0.0055,,-1.0,15721830.59,0.0,0.001035,-0.00103,0.00116,75892.26,0.2784,0.3866,,,,,,,,,,,,,,,,,,,,,,,,,,,,,,,,,,,,,,,,,,,,,,,,,,0.3866,clear_loss,,,,,,,,,,,,,,,,,,,crashing,22,2026-W22,0.30000000000000004,0.9970486656314234,2.0484941816487005e-06,0.002949285874391797,0.7785196485725254,-39.36200717800995,0.06631306444948473
2026-06-02 10:29:32+00:00,2026-06-02 10:00,KXBTCD-26JUN0207-T69599.99,2026-06-02T11:00:00Z,69533.7,69599.99,0.0953,0.42,real,0.408318,0.2999,0.00040945,0.00043936,0.00085585,0.5134,0.01,0.00062617,0.0,-1.0,0,1.0,0,0.0494,2.0,0.0,0.4959,-1,6e-05,0,0.0,0,1.0,1.0,-1.1669,False,False,0.0,0.0,32.79,23.98,True,-1,bearish,0.0,0.0,0.048855,0.017517,trade,no,False,False,70.0,30.42,,0.116321,0.05,50.0,1000.0,-4.0,4.0,0.4653,0.3597,-0.0279,0.0532,False,,False,True,36.21,2026-06-02 10:29:32+00:00,BTC,,0.0,0.235,0.0,0.8851,1.0,0.8985,bearish,bearish,False,False,4.26,6.765,False,False,False,66.28,0.0761,0.08,10.0,-2.0,-0.9053,67.75,-0.1489,,-1.0,6308959.23,0.0,0.000966,-0.0014,0.02109,69659.27,0.1806,0.0852,,,,,,,,,,,,,,,,,,,,,,,,,,,,,,,,,,,,,,,,,,,,,,,,,,0.0,win,,,,,,,,,,,,,,,,,,,crashing,23,2026-W23,0.5800000000000001,1.2206211689644281e-08,6.481544959973761e-06,0.999993506248809,1.0696376324546208,-77.39528647880684,0.12699255890006203
2026-06-03 01:44:39+00:00,2026-06-03 01:00,KXBTCD-26JUN0222-T66499.99,2026-06-03T02:00:00Z,66389.66,66499.99,0.1662,0.26,real,0.264411,0.7769,0.00068038,0.0006835,0.00065978,1.0359,0.01,0.00065043,-1.0,0.0,1,2.0,-1,-0.249,2.0,-1.0,0.8086,-1,5.856e-05,1,-1.0,1,2.0,2.0,-0.738,False,False,1.0,0.0,23.62,42.13,False,-1,bearish,0.0,0.0,0.056931,0.030603,trade,no,False,False,39.0,15.3,,0.218965,0.05,50.0,1000.0,-4.0,6.0,0.4288,-0.5307,-0.5788,-0.2206,True,,True,False,-50.0,2026-06-03 01:44:39+00:00,BTC,,0.0,0.2731,0.0,1.0,1.0,0.9131,bearish,bearish,False,False,4.61,2.35,False,False,False,74.39,0.2222,-0.345,1.0,-2.0,-1.0,69.3,-0.4295,,-1.0,12549323.06,0.0,0.001052,-0.00436,0.00151,66836.84,0.6736,0.5065,,,,,,,,,,,,,,,,,,,,,,,,,,,,,,,,,,,,,,,,,,,,,,,,,,0.5065,clear_loss,,,,,,,,,,,,,,,,,,,crashing,23,2026-W23,0.74,1.44133472505991e-27,0.9983292596331897,0.00167074036681407,1.0854626791489748,0.8965090695203344,0.16851017953359307
2026-06-03 21:43:06+00:00,2026-06-03 21:00,KXBTCD-26JUN0318-T65499.99,2026-06-03T22:00:00Z,65314.8,65499.99,0.2835,0.23,real,0.218933,0.8036,0.00111789,0.00099347,0.00093452,1.0631,0.01,0.00085913,0.0,-1.0,0,1.0,0,-0.0318,2.0,1.0,0.9533,-1,8.533e-05,-1,0.0,0,1.0,1.0,-1.2642,False,False,1.0,0.0,41.94,50.41,False,-1,bearish,0.0,0.0,0.0801,0.056179,trade,no,False,False,58.0,16.81,,0.348259,0.05,50.0,1000.0,-4.0,1.0,0.424,-0.2195,-0.3435,-0.1968,False,,True,False,-50.0,2026-06-03 21:43:06+00:00,BTC,,0.0,0.5314,0.0,0.5125,1.0,0.9684,bearish,bearish,False,False,6.331,,False,False,False,62.76,2.6695,-0.245,21.0,-1.0,0.5084,69.39,-0.046,,-1.0,11482825.69,0.0,0.001143,-0.00121,0.00239,65741.76,0.6537,0.3691,,,,,,,,,,,,,,,,,,,,,,,,,,,,,,,,,,,,,,,,,,,,,,,,,,0.3691,clear_loss,,,,,,,,,,,,,,,,,,,crashing,23,2026-W23,0.77,7.764252863821046e-26,0.9999999844596347,1.554034290049845e-08,1.3291536210538335,-34.009405667826286,0.36672392852844415
2026-06-05 09:02:03+00:00,2026-06-05 08:00,KXBTCD-26JUN0506-T62299.99,2026-06-05T10:00:00Z,62461.3,62299.99,-0.2583,0.69,real,0.659512,-0.506,0.0007844,0.00069245,0.0006858,1.0097,0.01,0.00067209,0.0,0.0,1,0.0,1,0.1286,2.0,-1.0,0.9439,0,-2.357e-05,1,0.0,0,0.0,0.0,-0.2897,False,False,1.0,0.0,63.0,57.73,False,-1,bearish,0.0,0.0,0.130138,0.097889,trade,no,False,False,103.0,57.83,,0.188606,0.05,50.0,1000.0,-4.0,0.0,0.3441,-0.763,-0.1876,0.0482,False,,True,False,-50.0,2026-06-05 09:02:03+00:00,BTC,,0.0,0.36,0.2872,0.5932,-1.0,0.8969,bearish,bearish,False,False,4.806,,False,False,True,33.73,1.1852,,9.0,0.0,1.0,67.04,0.2116,,-1.0,13002428.54,0.0,0.000783,-0.00113,0.00146,62852.84,0.6269,0.8874,,,,,,,,,,,,,,,,,,,,,,,,,,,,,,,,,,,,,,,,,,,,,,,,,,0.8874,clear_loss,,,,,,,,,,,,,,,,,,,crashing,23,2026-W23,0.31000000000000005,6.13369271555655e-29,0.9999999999999432,8.087663041955728e-14,0.9418454925353108,5.258621043009725,0.5117822111537651
2026-06-26 11:39:57+00:00,2026-06-26 11:00,KXBTCD-26JUN2608-T59499.99,2026-06-26T12:00:00Z,59387.09,59499.99,0.1901,0.2,real,0.162098,1.0,0.00069279,0.00051335,0.00050651,1.0135,0.01,0.00056085,1.0,-1.0,0,1.0,-1,-0.1107,2.0,0.0,0.5584,0,-3.593e-05,0,0.0,0,0.0,0.0,0.5124,False,False,0.0,0.0,22.08,15.16,False,0,bearish,0.0,0.0,0.040209,0.015811,trade,no,False,False,79.0,19.85,,0.201045,0.020104,40.21,2000.0,-4.0,1.0,0.4186,0.1148,0.1711,0.0724,False,,False,True,10.05,2026-06-26 11:39:57+00:00,BTC,,0.0,0.5226,1.0,0.3626,-1.0,0.1534,bearish,bullish,True,False,3.195,,False,False,True,20.61,0.1111,,11.0,0.0,0.9167,66.99,-0.0265,,-1.0,3672612.47,0.0,0.001321,-0.00483,0.02154,59350.64,-0.0614,-0.251,,1.0,0.3907,-0.359,-1.1722,,,,,,,,,,,,,,,,,,,,,,,,,,,,,,,,,,,,,,,,,,,,,0.0,win,,,,,,,,,,,,,,,,,,,crashing,26,2026-W26,0.8,3.8014424595484264e-83,1.0,2.6932373178484455e-50,1.5485594861391376,33.62202669267975,0.4129722379411979
2026-06-28 03:04:17,2026-06-28 03:00,KXBTCD-26JUN2800-T60199.99,2026-06-28T04:00:00Z,60115.68,60199.99,0.1403,0.28,real,0.22095,0.6808,0.00031768,0.00027729,0.00032276,0.8591,0.01,0.00040636,0.0,-1.0,0,0.0,0,-0.0104,2.0,0.0,0.4802,0,-2.801e-05,0,0.0,0,-1.0,-1.0,0.1383,False,False,0.0,0.0,54.03,49.84,False,0,bearish,0.0,0.0,0.041202,0.013478,trade,no,False,False,101.0,55.51,,0.147151,0.014715,29.43,2000.0,0.0,0.0,0.492,0.1013,0.0072,0.0323,False,,False,True,11.44,2026-06-28 03:04:17+00:00,BTC,,0.0,0.4797,0.0,0.3699,1.0,0.1342,bullish,bullish,False,True,1.944,,False,False,True,10.29,0.0002,,3.0,-2.0,-1.0,67.12,0.0225,,-1.0,10098411.08,0.0,0.003724,-0.00175,0.0016,60165.68,0.0832,-0.057,,0.5,0.0146,-0.0565,0.0135,,,,,,,,,,,,,,,,,,,,,,,,,,,,,,,,,,,,,,,,,,,,,0.0,win,,,,,,,,,,,,,,,,,,,crashing,26,2026-W26,0.72,0.999981600334191,7.02231013114223e-07,1.7697434790176207e-05,0.7589998339237568,-48.90554213012091,0.28184546927894005
2026-06-29 00:00:09,2026-06-29 00:00,KXBTCD-26JUN2821-T59699.99,2026-06-29T01:00:00Z,59438.65,59699.99,0.4397,0.17,real,0.031872,1.1612,0.0008642,0.00088128,0.00059552,1.4798,0.01,0.00071961,0.0,-1.0,0,0.0,0,-0.0558,2.0,0.0,0.5231,0,3.379e-05,0,0.0,0,0.0,0.0,,False,False,0.0,0.0,63.56,71.08,True,0,bearish,0.0,0.0,0.088058,0.067792,trade,no,False,False,99.0,59.61,,0.51799,0.05,100.0,2000.0,-2.0,0.0,0.3381,-0.0677,-0.3553,-0.247,False,,False,True,20.48,2026-06-29 00:00:09+00:00,BTC,,0.0,0.3497,0.0,0.9467,-1.0,0.0879,bullish,bearish,False,True,3.105,,False,False,False,27.03,0.0003,,0.0,0.0,1.0,69.93,-0.039,,-1.0,5323450.48,0.0,0.003112,-0.00235,0.00577,59643.48,0.3446,-0.0947,,0.0,0.0485,0.8622,0.242,,,,,,,,,,,,,,,,,,,,,,,,,,,,,,,,,,,,,,,,,,,,,0.0,win,,,,,,,,,,,,,,,,,,,crashing,27,2026-W27,0.83,0.9998311163633744,5.746719231026559e-07,0.00016830896470103364,0.7712339892862979,-40.220037156110806,0.44571146832194597
2026-06-29 00:06:09,2026-06-29 00:00,KXBTCD-26JUN2821-T59499.99,2026-06-29T01:00:00Z,59234.81,59499.99,0.4477,0.2,real,0.033374,1.1764,0.00072262,0.00087906,0.00072482,1.2128,0.01,0.00076258,0.0,-1.0,0,1.0,-1,-0.1145,2.0,0.0,0.4759,0,4.424e-05,0,0.0,0,0.0,0.0,,False,False,1.0,0.0,43.7,64.46,True,-1,bearish,0.0,0.0,0.118548,0.098311,trade,no,False,False,95.0,53.62,,0.592739,0.05,100.0,2000.0,-2.0,0.0,0.3381,-0.5601,-0.5652,-0.2298,True,,True,False,-100.0,2026-06-29 00:06:09+00:00,BTC,,0.0,0.3497,0.0,0.9467,-1.0,0.0729,bullish,bearish,False,True,3.46,,False,False,False,27.03,0.0277,,0.0,-2.0,-0.9452,69.79,0.1033,,-1.0,5482516.63,0.0,0.003187,-0.00241,0.00923,59643.48,0.6899,0.2412,,0.1729,-0.1337,0.6785,0.0595,,,,,,,,,,,,,,,,,,,,,,,,,,,,,,,,,,,,,,,,,,,,,0.2412,marginal,,,,,,,,,,,,,,,,,,,crashing,27,2026-W27,0.8,0.9998311163633744,5.746719231026559e-07,0.00016830896470103364,0.7712339892862979,-40.220037156110806,0.44571146832194597
2026-06-29 02:09:34,2026-06-29 02:00,KXBTCD-26JUN2823-T59299.99,2026-06-29T03:00:00Z,59168.58,59299.99,0.2221,0.33,real,0.116937,0.5705,0.0006676,0.00076686,0.00071183,1.0773,0.01,0.00072221,-1.0,-1.0,0,0.0,0,0.0652,2.0,1.0,0.8249,0,4.266e-05,0,0.0,0,0.0,0.0,-0.0254,False,False,1.0,0.0,37.65,55.1,False,-1,bearish,0.0,0.0,0.111463,0.084509,trade,no,False,False,95.0,50.19,,0.337768,0.033777,67.55,2000.0,-3.0,0.0,0.375,-0.2532,-0.3328,-0.2021,False,,True,False,-67.55,2026-06-29 02:09:34+00:00,BTC,,0.0,0.3533,0.0947,0.8697,-1.0,0.4157,bullish,bearish,False,True,3.576,,False,False,False,30.35,0.0073,,2.0,-2.0,-1.0,70.24,0.0202,,-1.0,5113691.04,0.0,0.002251,-0.0021,0.00723,59828.92,1.116,0.892,,0.0,-0.1983,-0.4817,-0.281,,,,,,,,,,,,,,,,,,,,,,,,,,,,,,,,,,,,,,,,,,,,,0.892,clear_loss,,,,,,,,,,,,,,,,,,,crashing,27,2026-W27,0.6699999999999999,0.9983569228127522,1.7219879730623303e-06,0.0016413551992785498,0.7524464971267613,-3.1267693982261164,0.5196733110116704
2026-06-30 09:01:02,2026-06-30 09:00,KXBTCD-26JUN3006-T59399.99,2026-06-30T10:00:00Z,59223.76,59399.99,0.2976,0.21,real,0.079822,1.0514,0.00046277,0.00037026,0.00048077,0.7701,0.01,0.0004852,0.0,0.0,1,0.0,0,0.0201,2.0,0.0,0.6148,0,4.779e-05,0,-1.0,1,2.0,2.0,-0.9121,False,False,1.0,0.0,20.98,16.22,True,-1,bearish,0.0,0.0,0.088935,0.066486,trade,no,False,False,97.0,58.73,,0.4235,0.063525,127.05,2000.0,-5.0,5.0,0.3902,-0.1796,0.067,0.0388,False,,False,True,33.77,2026-06-30 09:01:02+00:00,BTC,,0.0,0.4007,0.0,0.2288,1.0,0.2023,bullish,bullish,True,True,3.479,,False,False,False,21.45,0.0005,,9.0,-2.0,-0.9992,71.65,0.1916,,-1.0,3163517.14,0.0,0.001121,-0.00378,0.02999,59387.08,0.2758,-0.0217,,0.5,0.0388,-0.3793,-0.4345,,,,,,,,,,,,,,,,,,,,,,,,,,,,,,,,,,,,,,,,,,,,,0.0,win,,,,,,,,,,,,,,,,,,,crashing,27,2026-W27,0.79,0.0027509889987897026,7.343382043965098e-05,0.9971755771807739,0.7639358502905106,-84.25841035132018,0.22061463083341462
2026-06-30 09:09:13,2026-06-30 09:00,KXBTCD-26JUN3006-T59299.99,2026-06-30T10:00:00Z,59212.55,59299.99,0.1477,0.35,real,0.188597,0.5541,0.00048496,0.00037162,0.00053853,0.6901,0.01,0.00049278,0.0,0.0,1,0.0,0,-0.099,2.0,0.0,0.6493,0,4.788e-05,0,-1.0,1,2.0,2.0,-0.8776,False,False,1.0,0.0,25.09,17.58,True,-1,bearish,0.0,0.0,0.096569,0.068325,trade,no,False,False,98.0,50.57,,0.275911,0.041387,82.77,2000.0,-5.0,5.0,0.3902,0.0782,0.0729,-0.08,False,,False,True,44.57,2026-06-30 09:09:13+00:00,BTC,,0.0,0.4007,0.8267,0.2288,1.0,0.3957,bullish,bullish,True,True,3.499,,False,False,False,21.45,0.0128,,9.0,0.0,0.7931,71.88,0.2576,,-1.0,3261816.8,0.0,0.001486,-0.00359,0.03019,59387.08,0.2948,0.1469,,0.2985,0.0729,-0.3454,-0.4005,,,,,,,,,,,,,,,,,,,,,,,,,,,,,,,,,,,,,,,,,,,,,0.0,win,,,,,,,,,,,,,,,,,,,crashing,27,2026-W27,0.65,0.0027509889987897026,7.343382043965098e-05,0.9971755771807739,0.7639358502905106,-84.25841035132018,0.22061463083341462
2026-06-30 13:02:23,2026-06-30 13:00,KXBTCD-26JUN3010-T58799.99,2026-06-30T14:00:00Z,58380.22,58799.99,0.719,0.16,real,0.08107,1.3979,0.00073541,0.00081609,0.00095084,0.8583,0.01,0.00080525,0.0,1.0,2,2.0,-1,-0.1122,2.0,0.0,0.5723,-1,7.008e-05,0,-1.0,1,2.0,2.0,-1.7599,False,False,1.0,1.0,6.84,5.43,True,-1,bearish,0.0,0.0,0.076969,0.05664,trade,no,False,False,93.0,57.41,,0.481057,0.072159,144.32,2000.0,-8.0,13.0,0.555,-0.6188,-0.3488,-0.1082,False,,False,True,27.49,2026-06-30 13:02:23+00:00,BTC,,0.0,0.5124,0.0,1.0,-1.0,0.0404,bearish,bearish,False,False,4.974,,False,False,False,28.15,0.0155,,13.0,-2.0,-1.0,72.12,0.2208,,-1.0,11513754.98,0.0,0.000975,-0.00179,0.00106,58805.5,0.7285,0.0094,,0.5127,0.1036,-1.2155,-1.4886,,,,,,,,,,,,,,,,,,,,,,,,,,,,,,,,,,,,,,,,,,,,,0.0,win,,,,,,,,,,,,,,,,,,,crashing,27,2026-W27,0.84,5.6241133262403044e-06,6.731227422655755e-05,0.9999270636124463,0.9089790391933789,-130.4452373441618,0.1753930131004373
2026-06-30 13:13:40,2026-06-30 13:00,KXBTCD-26JUN3010-T58699.99,2026-06-30T14:00:00Z,58370.26,58699.99,0.5649,0.21,real,0.158063,1.0025,0.00091382,0.00101032,0.0010286,0.9822,0.01,0.0008994,0.0,1.0,2,1.0,0,-0.0726,2.0,-1.0,0.8572,-1,7.166e-05,0,-1.0,1,2.0,2.0,-1.6281,False,False,1.0,1.0,15.98,8.48,True,-1,bearish,0.0,0.0,0.049128,0.024679,trade,no,False,False,94.0,46.12,,0.233944,0.015783,31.56,2000.0,-7.0,11.0,0.555,-0.5614,0.2961,-0.0739,False,,False,True,8.39,2026-06-30 13:13:40+00:00,BTC,,0.0,0.5124,0.8758,1.0,-1.0,0.0175,bearish,bearish,False,False,4.992,,False,False,False,28.24,0.0995,0.02,13.0,-2.0,-0.9633,72.53,-0.0633,,-1.0,10514887.89,0.0,0.001015,-0.00183,0.00141,58805.5,0.7457,0.1797,,0.5336,0.1648,-1.1552,-1.4284,,,,,,,,,,,,,,,,,,,,,,,,,,,,,,,,,,,,,,,,,,,,,0.0,win,,,,,,,,,,,,,,,,,,,crashing,27,2026-W27,0.79,5.6241133262403044e-06,6.731227422655755e-05,0.9999270636124463,0.9089790391933789,-130.4452373441618,0.1753930131004373
2026-06-30 13:32:29,2026-06-30 13:00,KXBTCD-26JUN3010-T58599.99,2026-06-30T14:00:00Z,58333.26,58599.99,0.4573,0.25,real,0.180602,0.9131,0.0010103,0.00115669,0.0012945,0.8935,0.01,0.00103937,0.0,1.0,3,1.0,1,0.1508,2.0,-1.0,0.8088,-1,7.298e-05,0,-1.0,1,2.0,2.0,-1.7454,False,False,1.0,1.0,8.04,10.78,False,-1,bearish,0.0,0.0,0.067037,0.041572,trade,no,False,False,91.0,27.3,,0.268146,0.040222,80.44,2000.0,-8.0,13.0,0.555,0.0742,-0.2392,-0.1479,False,,True,False,-80.44,2026-06-30 13:32:29+00:00,BTC,,0.0,0.5124,0.2678,0.342,-1.0,0.0177,bearish,bearish,False,False,5.059,,False,False,False,28.24,0.2381,-0.02,13.0,-2.0,-0.8883,73.28,2.054,,-1.0,7456833.08,0.0,0.000853,-0.00164,0.00292,58805.5,0.8096,0.3507,,0.2195,0.0167,-1.3013,-1.5741,,,,,,,,,,,,,,,,,,,,,,,,,,,,,,,,,,,,,,,,,,,,,0.3507,clear_loss,,,,,,,,,,,,,,,,,,,crashing,27,2026-W27,0.75,5.6241133262403044e-06,6.731227422655755e-05,0.9999270636124463,0.9089790391933789,-130.4452373441618,0.1753930131004373
2026-06-30 16:05:12,2026-06-30 16:00,KXBTCD-26JUN3013-T58599.99,2026-06-30T17:00:00Z,58342.53,58599.99,0.4413,0.24,real,0.157341,0.8235,0.00083417,0.0010918,0.00084421,1.2933,0.01,0.00086193,0.0,1.0,2,1.0,0,-0.0179,2.0,0.0,0.4821,-1,8.142e-05,0,-1.0,1,2.0,2.0,-1.3107,False,False,1.0,1.0,21.98,20.75,True,-1,bearish,0.0,0.0,0.051697,0.025998,trade,no,False,False,92.0,54.53,,0.215405,0.032311,64.62,2000.0,-5.0,4.0,0.4474,0.032,-0.1896,0.0115,False,,False,True,20.41,2026-06-30 16:05:12+00:00,BTC,,0.0,0.4433,0.7906,0.2259,-1.0,0.0846,bearish,bearish,False,False,5.042,,False,False,False,29.78,0.0523,,16.0,0.0,1.0,74.03,-0.0098,,-1.0,4800919.62,0.0,0.001308,-0.00137,0.00166,58477.96,0.2321,-0.2082,,0.4684,0.0741,-0.2165,-0.4522,,,,,,,,,,,,,,,,,,,,,,,,,,,,,,,,,,,,,,,,,,,,,0.0,win,,,,,,,,,,,,,,,,,,,crashing,27,2026-W27,0.76,2.7766871684648628e-06,3.143311978027941e-05,0.9999657901930532,0.8788680900933764,-123.91108661597747,0.11480639933654123
2026-06-30 16:14:04,2026-06-30 16:00,KXBTCD-26JUN3013-T58499.99,2026-06-30T17:00:00Z,58305.67,58499.99,0.3333,0.27,real,0.193226,0.6997,0.00084477,0.00106216,0.00080343,1.322,0.01,0.00083772,0.0,1.0,2,1.0,0,-0.0427,2.0,0.0,0.5447,-1,8.335e-05,0,-1.0,1,2.0,2.0,-1.3308,False,False,1.0,1.0,20.77,20.35,True,-1,bearish,0.0,0.0,0.044915,0.017706,trade,no,False,False,91.0,45.67,,0.166353,0.024953,49.91,2000.0,-5.0,4.0,0.4474,-0.0622,-0.0475,-0.211,False,,False,True,18.46,2026-06-30 16:14:04+00:00,BTC,,0.0,0.4433,0.789,0.2259,-1.0,0.0777,bearish,bearish,False,False,5.109,,False,False,False,29.78,0.061,-0.03,16.0,0.0,1.0,74.03,-0.0098,,-1.0,5111059.62,0.0,0.001103,-0.0016,0.00174,58477.96,0.2955,-0.0377,,0.2392,0.0847,-0.2059,-0.4416,,,,,,,,,,,,,,,,,,,,,,,,,,,,,,,,,,,,,,,,,,,,,0.0,win,,,,,,,,,,,,,,,,,,,crashing,27,2026-W27,0.73,2.7766871684648628e-06,3.143311978027941e-05,0.9999657901930532,0.8788680900933764,-123.91108661597747,0.11480639933654123
2026-06-30 18:00:54,2026-06-30 18:00,KXBTCD-26JUN3015-T58499.99,2026-06-30T19:00:00Z,58379.33,58499.99,0.2067,0.29,real,0.18538,0.6231,0.00048177,0.00059296,0.00048615,1.2197,0.01,0.00056812,-1.0,0.0,1,1.0,0,0.0017,2.0,0.0,0.7843,-1,0.0001,0,-1.0,1,2.0,2.0,-0.7938,False,False,0.0,0.0,38.91,27.1,False,0,bearish,0.0,0.0,0.052304,0.02462,trade,no,False,False,90.0,58.9,,0.180358,0.018036,36.07,2000.0,-5.0,3.0,0.4552,0.2124,0.2298,0.0881,False,,True,False,-36.07,2026-06-30 18:00:54+00:00,BTC,,0.0,0.4283,0.3374,0.3742,1.0,0.2361,bearish,bearish,False,False,4.976,,False,False,False,30.62,0.0011,,18.0,-1.0,-0.5833,74.32,0.1116,,-1.0,7872287.6,0.0,0.001368,-0.00195,0.00099,58660.61,0.4818,0.2746,,0.9805,0.1007,-0.01,0.1697,,,,,,,,,,,,,,,,,,,,,,,,,,,,,,,,,,,,,,,,,,,,,0.2746,marginal,,,,,,,,,,,,,,,,,,,crashing,27,2026-W27,0.71,8.431494575559379e-05,3.447228835635276e-05,0.999881212765887,0.8373451658664443,-76.07019378122163,0.21640634370012488
2026-06-30 18:06:25,2026-06-30 18:00,KXBTCD-26JUN3015-T58399.99,2026-06-30T19:00:00Z,58276.67,58399.99,0.2116,0.28,real,0.195422,0.6525,0.00052363,0.00062912,0.00049659,1.2669,0.01,0.00058366,-1.0,0.0,1,1.0,0,-0.0042,2.0,0.0,0.6332,-1,0.0001,0,-1.0,1,2.0,2.0,-0.9743,False,False,0.0,0.0,22.54,21.64,False,-1,bearish,0.0,0.0,0.04455,0.016949,trade,no,False,False,89.0,53.34,,0.159108,0.023866,47.73,2000.0,-6.0,4.0,0.4474,-0.1108,-0.1032,-0.0793,False,,True,False,-47.73,2026-06-30 18:06:25+00:00,BTC,,0.0,0.4433,0.0752,0.3742,1.0,0.2571,bearish,bearish,False,False,5.161,,False,False,False,30.62,0.0236,,18.0,0.0,1.0,74.35,-0.0111,,-1.0,7625382.54,0.0,0.001384,-0.00178,0.00174,58660.61,0.6588,0.4463,,0.0208,-0.0915,-0.202,-0.0226,,,,,,,,,,,,,,,,,,,,,,,,,,,,,,,,,,,,,,,,,,,,,0.4463,clear_loss,,,,,,,,,,,,,,,,,,,crashing,27,2026-W27,0.72,8.431494575559379e-05,3.447228835635276e-05,0.999881212765887,0.8373451658664443,-76.07019378122163,0.21640634370012488
