feature,split,n_rescued,wr_rescued,edge_rescued,pnl_rescued,n_weeks,worst_wk_share,edge_remainder,n_remainder,pnl_remainder
adx_1h,>=27.67(q0.3),23,0.391304347826087,-0.17434782608695648,-436.03999999999996,4,36.015044491331075,-0.1090000000000001,10,-149.35000000000002
adx_1h,<27.67(q0.3),10,0.5,-0.1090000000000001,-149.35000000000002,3,88.2129672957937,-0.17434782608695648,23,-436.03999999999996
adx_1h,>=28.24(q0.4),21,0.38095238095238093,-0.18666666666666665,-421.39,4,43.79078763141033,-0.09833333333333327,12,-164.00000000000003
adx_1h,<28.24(q0.4),12,0.5,-0.09833333333333327,-164.00000000000003,4,65.35439137134051,-0.18666666666666665,21,-421.39
adx_1h,>=29.78(q0.5),17,0.4117647058823529,-0.18647058823529428,-251.19,4,45.300370237668695,-0.12062499999999998,16,-334.2
adx_1h,<29.78(q0.5),16,0.4375,-0.12062499999999998,-334.2,4,44.981176096293545,-0.18647058823529428,17,-251.19
adx_1h,>=30.62(q0.6),14,0.35714285714285715,-0.21500000000000014,-222.50999999999996,4,51.13927463934205,-0.11000000000000004,19,-362.88
adx_1h,<30.62(q0.6),19,0.47368421052631576,-0.11000000000000004,-362.88,4,41.802592026807275,-0.21500000000000014,14,-222.50999999999996
adx_1h,>=31.48(q0.7),10,0.3,-0.25700000000000006,-243.37,3,46.75596827875251,-0.10999999999999999,23,-342.02
adx_1h,<31.48(q0.7),23,0.4782608695652174,-0.10999999999999999,-342.02,4,44.067532467532466,-0.25700000000000006,10,-243.37
avg_funding_rate,>=-2.535e-05(q0.2),55,0.38181818181818183,-0.2542727272727271,-1078.8600000000001,9,21.89046427578538,-0.13142857142857156,14,-109.86
avg_funding_rate,<-2.535e-05(q0.2),14,0.5714285714285714,-0.13142857142857156,-109.86,4,43.084877208099954,-0.2542727272727271,55,-1078.8600000000001
avg_funding_rate,>=-1.46e-06(q0.3),48,0.375,-0.25406249999999997,-927.79,9,23.960562751681252,-0.17285714285714293,21,-260.92999999999995
avg_funding_rate,<-1.46e-06(q0.3),21,0.5238095238095238,-0.17285714285714293,-260.92999999999995,6,40.51282051282051,-0.25406249999999997,48,-927.79
avg_funding_rate,>=8.56e-06(q0.4),41,0.34146341463414637,-0.27048780487804863,-857.58,8,25.163133057869903,-0.1691071428571429,28,-331.14
avg_funding_rate,<8.56e-06(q0.4),28,0.5357142857142857,-0.1691071428571429,-331.14,6,49.162294431462456,-0.27048780487804863,41,-857.58
avg_funding_rate,>=1.839e-05(q0.5),35,0.3142857142857143,-0.31685714285714284,-832.6,8,25.893355018587354,-0.13926470588235307,34,-356.12
avg_funding_rate,<1.839e-05(q0.5),34,0.5294117647058824,-0.13926470588235307,-356.12,8,51.64384079903148,-0.31685714285714284,35,-832.6
avg_funding_rate,>=3.194e-05(q0.6),28,0.35714285714285715,-0.325,-630.46,6,30.803449427625786,-0.16402439024390242,41,-558.26
avg_funding_rate,<3.194e-05(q0.6),41,0.4634146341463415,-0.16402439024390242,-558.26,8,40.10488585950583,-0.325,28,-630.46
avg_funding_rate,>=4.782e-05(q0.7),21,0.3333333333333333,-0.32261904761904764,-461.26,5,36.781858387894026,-0.18854166666666666,48,-727.46
avg_funding_rate,<4.782e-05(q0.7),48,0.4583333333333333,-0.18854166666666666,-727.46,9,32.121090900534156,-0.32261904761904764,21,-461.26
avg_funding_rate,>=6.269e-05(q0.8),14,0.2857142857142857,-0.3489285714285715,-359.15000000000003,4,47.239315049422245,-0.19890909090909087,55,-829.5699999999999
avg_funding_rate,<6.269e-05(q0.8),55,0.45454545454545453,-0.19890909090909087,-829.5699999999999,9,32.26721285646762,-0.3489285714285715,14,-359.15000000000003
bearish_rejection,==False,40,0.4,-0.28625,-861.16,6,35.72566195500696,-0.15086206896551724,29,-327.56
bearish_rejection,==False,29,0.4482758620689655,-0.15086206896551724,-327.56,5,46.487004372819726,-0.28625,40,-861.16
body_15m,>=0.4022(q0.5),11,0.36363636363636365,-0.28909090909090907,-309.12,3,36.81094720496894,-0.11636363636363634,11,-111.06
body_15m,<0.4022(q0.5),11,0.5454545454545454,-0.11636363636363634,-111.06,3,55.51804726045183,-0.28909090909090907,11,-309.12
bp_5m,>=0.08495(q0.5),11,0.45454545454545453,-0.18363636363636365,-216.32,4,39.011081972760344,-0.22181818181818175,11,-203.85999999999996
bp_5m,<0.08495(q0.5),11,0.45454545454545453,-0.22181818181818175,-203.85999999999996,4,37.71720913821999,-0.18363636363636365,11,-216.32
bullish_rejection,==False,40,0.4,-0.28625,-861.16,6,35.72566195500696,-0.15086206896551724,29,-327.56
bullish_rejection,==False,29,0.4482758620689655,-0.15086206896551724,-327.56,5,46.487004372819726,-0.28625,40,-861.16
chg_10m,>=-0.1896(q0.2),41,0.4878048780487805,-0.10939024390243901,-394.98,9,29.946693966886716,-0.4350000000000001,10,-352.76
chg_10m,<-0.1896(q0.2),10,0.3,-0.4350000000000001,-352.76,4,51.64738690353232,-0.10939024390243901,41,-394.98
chg_10m,>=-0.0886(q0.3),36,0.5277777777777778,-0.08458333333333323,-232.14000000000001,9,27.178008892908284,-0.38599999999999995,15,-515.5999999999999
chg_10m,<-0.0886(q0.3),15,0.26666666666666666,-0.38599999999999995,-515.5999999999999,5,41.32552897549625,-0.08458333333333323,36,-232.14000000000001
chg_10m,>=-0.0505(q0.4),31,0.5161290322580645,-0.07951612903225802,-174.84999999999994,9,25.78333065222442,-0.3185000000000001,20,-572.89
chg_10m,<-0.0505(q0.4),20,0.35,-0.3185000000000001,-572.89,6,39.6830107001344,-0.07951612903225802,31,-174.84999999999994
chg_10m,>=-0.0279(q0.5),26,0.5,-0.06673076923076926,-155.25000000000003,9,29.642708389924127,-0.2839999999999999,25,-592.49
chg_10m,<-0.0279(q0.5),25,0.4,-0.2839999999999999,-592.49,8,33.08361182824651,-0.06673076923076926,26,-155.25000000000003
chg_10m,>=0.0199(q0.6),20,0.45,-0.09275000000000005,-187.31,8,39.95264943496619,-0.22516129032258064,31,-560.43
chg_10m,<0.0199(q0.6),31,0.45161290322580644,-0.22516129032258064,-560.43,9,30.724424505405608,-0.09275000000000005,20,-187.31
chg_10m,>=0.0576(q0.7),16,0.375,-0.18093749999999997,-251.26,7,46.86852026390198,-0.16971428571428576,35,-496.48
chg_10m,<0.0576(q0.7),35,0.4857142857142857,-0.16971428571428576,-496.48,9,30.433895736806825,-0.18093749999999997,16,-251.26
chg_10m,>=0.0871(q0.8),11,0.2727272727272727,-0.285909090909091,-257.39,6,37.667957185151444,-0.14225,40,-490.35
chg_10m,<0.0871(q0.8),40,0.5,-0.14225,-490.35,9,22.023518296694952,-0.285909090909091,11,-257.39
chg_30m,>=-0.2137(q0.2),44,0.5,-0.1080681818181819,-429.43,9,28.140186760876425,-0.35090909090909095,11,-303.39000000000004
chg_30m,<-0.2137(q0.2),11,0.36363636363636365,-0.35090909090909095,-303.39000000000004,5,37.50468808601076,-0.1080681818181819,44,-429.43
chg_30m,>=-0.1515(q0.3),38,0.47368421052631576,-0.12907894736842113,-467.59000000000003,9,29.675275130290846,-0.21823529411764708,17,-265.23
chg_30m,<-0.1515(q0.3),17,0.47058823529411764,-0.21823529411764708,-265.23,7,34.42972892326762,-0.12907894736842113,38,-467.59000000000003
chg_30m,>=-0.07386(q0.4),33,0.48484848484848486,-0.12590909090909097,-377.34,8,31.041865674099938,-0.2027272727272727,22,-355.4800000000001
chg_30m,<-0.07386(q0.4),22,0.45454545454545453,-0.2027272727272727,-355.4800000000001,8,32.114412948531296,-0.12590909090909097,33,-377.34
chg_30m,>=-0.0311(q0.5),28,0.4642857142857143,-0.1367857142857143,-373.58,8,27.473401610818332,-0.17722222222222223,27,-359.24
chg_30m,<-0.0311(q0.5),27,0.48148148148148145,-0.17722222222222223,-359.24,8,35.25761564497931,-0.1367857142857143,28,-373.58
chg_30m,>=0.05318(q0.6),22,0.5,-0.13181818181818195,-228.65,8,27.337377117757793,-0.17318181818181816,33,-504.17
chg_30m,<0.05318(q0.6),33,0.45454545454545453,-0.17318181818181816,-504.17,8,28.44626500540479,-0.13181818181818195,22,-228.65
chg_30m,>=0.1058(q0.7),17,0.4117647058823529,-0.18705882352941172,-223.26000000000002,7,31.609071854678344,-0.14302631578947367,38,-509.56
chg_30m,<0.1058(q0.7),38,0.5,-0.14302631578947367,-509.56,9,26.9988120522697,-0.18705882352941172,17,-223.26000000000002
chg_30m,>=0.1572(q0.8),11,0.45454545454545453,-0.1213636363636364,-110.62,5,29.786967418546368,-0.1654545454545454,44,-622.1999999999999
chg_30m,<0.1572(q0.8),44,0.4772727272727273,-0.1654545454545454,-622.1999999999999,9,24.648419339841936,-0.1213636363636364,11,-110.62
chg_5m,>=-0.0988(q0.2),41,0.4634146341463415,-0.12731707317073165,-468.12000000000006,9,28.591169531513316,-0.36150000000000004,10,-279.62
chg_5m,<-0.0988(q0.2),10,0.4,-0.36150000000000004,-279.62,4,56.123647604327665,-0.12731707317073165,41,-468.12000000000006
chg_5m,>=-0.0739(q0.3),35,0.4857142857142857,-0.0997142857142857,-327.28,9,27.456356674670644,-0.33406249999999993,16,-420.46000000000004
chg_5m,<-0.0739(q0.3),16,0.375,-0.33406249999999993,-420.46000000000004,6,41.937401893164626,-0.0997142857142857,35,-327.28
chg_5m,>=-0.0136(q0.4),31,0.45161290322580644,-0.14000000000000007,-398.91,9,34.44719657734744,-0.22474999999999995,20,-348.8300000000001
chg_5m,<-0.0136(q0.4),20,0.45,-0.22474999999999995,-348.8300000000001,8,32.109623964308476,-0.14000000000000007,31,-398.91
chg_5m,>=0.001(q0.5),26,0.46153846153846156,-0.09192307692307689,-328.87,9,38.390243086343325,-0.2578,25,-418.87
chg_5m,<0.001(q0.5),25,0.44,-0.2578,-418.87,8,29.921433540920738,-0.09192307692307689,26,-328.87
chg_5m,>=0.0216(q0.6),20,0.45,-0.10100000000000015,-254.35999999999999,7,44.15244649759592,-0.2198387096774193,31,-493.38
chg_5m,<0.0216(q0.6),31,0.45161290322580644,-0.2198387096774193,-493.38,8,27.980077841546276,-0.10100000000000015,20,-254.35999999999999
chg_5m,>=0.0482(q0.7),16,0.375,-0.156875,-253.67000000000002,7,34.937985076489234,-0.18071428571428566,35,-494.07
chg_5m,<0.0482(q0.7),35,0.4857142857142857,-0.18071428571428566,-494.07,9,31.200691468819535,-0.156875,16,-253.67000000000002
chg_5m,>=0.062(q0.8),11,0.18181818181818182,-0.3118181818181819,-296.45,5,42.45863012214609,-0.13512500000000005,40,-451.28999999999996
chg_5m,<0.062(q0.8),40,0.525,-0.13512500000000005,-451.28999999999996,9,32.25291333193924,-0.3118181818181819,11,-296.45
choch_1h,==False,27,0.4074074074074074,-0.2,-533.49,6,42.518467926020456,-0.24821428571428578,42,-655.2299999999999
choch_4h,==True,10,0.4,-0.19599999999999995,-226.95000000000005,3,67.91017892166674,-0.235,59,-961.7700000000001
choch_4h,==False,12,0.5,-0.20833333333333337,-193.22999999999996,3,53.33989593587399,-0.23377192982456135,57,-995.4899999999999
cmf_score,==0.0,33,0.42424242424242425,-0.15454545454545449,-585.3900000000001,6,27.000015914190683,-0.29791666666666666,36,-603.33
composite_p_up,>=0.3522(q0.2),55,0.41818181818181815,-0.23772727272727273,-935.8300000000002,10,27.014768829548995,-0.19642857142857145,14,-252.89000000000001
composite_p_up,<0.3522(q0.2),14,0.42857142857142855,-0.19642857142857145,-252.89000000000001,6,38.39087100967789,-0.23772727272727273,55,-935.8300000000002
composite_p_up,>=0.3931(q0.3),48,0.3958333333333333,-0.2698958333333334,-894.94,10,29.48634782095889,-0.1366666666666666,21,-293.78000000000003
composite_p_up,<0.3931(q0.3),21,0.47619047619047616,-0.1366666666666666,-293.78000000000003,7,37.76786221792758,-0.2698958333333334,48,-894.94
composite_p_up,>=0.425(q0.4),41,0.43902439024390244,-0.22902439024390248,-645.08,10,33.44660583843952,-0.22982142857142857,28,-543.64
composite_p_up,<0.425(q0.4),28,0.39285714285714285,-0.22982142857142857,-543.64,8,32.628413367212374,-0.22902439024390248,41,-645.08
composite_p_up,>=0.4474(q0.5),36,0.5,-0.19305555555555565,-417.42,8,42.21404207895714,-0.268939393939394,33,-771.3000000000001
composite_p_up,<0.4474(q0.5),33,0.3333333333333333,-0.268939393939394,-771.3000000000001,8,25.636846095526916,-0.19305555555555565,36,-417.42
composite_p_up,>=0.4671(q0.6),28,0.5,-0.20928571428571419,-347.22,6,55.604982206405694,-0.24304878048780487,41,-841.5
composite_p_up,<0.4671(q0.6),41,0.36585365853658536,-0.24304878048780487,-841.5,8,25.09517177344475,-0.20928571428571419,28,-347.22
composite_p_up,>=0.4787(q0.7),21,0.5238095238095238,-0.17452380952380964,-197.64,6,33.272381509654764,-0.2533333333333333,48,-991.0799999999999
composite_p_up,<0.4787(q0.7),48,0.375,-0.2533333333333333,-991.0799999999999,10,24.550817431341162,-0.17452380952380964,21,-197.64
composite_p_up,>=0.4839(q0.8),18,0.5555555555555556,-0.12388888888888894,-161.74,6,23.187673654963376,-0.2665686274509803,51,-1026.98
composite_p_up,<0.4839(q0.8),51,0.37254901960784315,-0.2665686274509803,-1026.98,10,23.78301623806537,-0.12388888888888894,18,-161.74
composite_rev,>=1(q0.4),42,0.35714285714285715,-0.2702380952380952,-915.8500000000001,10,31.160090156527527,-0.16574074074074086,27,-272.87
composite_rev,<1(q0.4),27,0.5185185185185185,-0.16574074074074086,-272.87,8,33.297108831986236,-0.2702380952380952,42,-915.8500000000001
composite_rev,>=1(q0.5),42,0.35714285714285715,-0.2702380952380952,-915.8500000000001,10,31.160090156527527,-0.16574074074074086,27,-272.87
composite_rev,<1(q0.5),27,0.5185185185185185,-0.16574074074074086,-272.87,8,33.297108831986236,-0.2702380952380952,42,-915.8500000000001
composite_rev,>=2(q0.6),31,0.3548387096774194,-0.27903225806451615,-636.1100000000001,9,37.72502980277355,-0.18881578947368421,38,-552.6099999999999
composite_rev,<2(q0.6),38,0.47368421052631576,-0.18881578947368421,-552.6099999999999,9,33.569679729404605,-0.27903225806451615,31,-636.1100000000001
composite_rev,>=3(q0.7),26,0.38461538461538464,-0.2690384615384614,-470.33,9,30.186552896902864,-0.2053488372093023,43,-718.3899999999999
composite_rev,<3(q0.7),43,0.4418604651162791,-0.2053488372093023,-718.3899999999999,9,27.19029769478547,-0.2690384615384614,26,-470.33
composite_rev,>=5(q0.8),15,0.4,-0.30466666666666664,-296.23,7,34.36048269606092,-0.2084259259259258,54,-892.49
composite_rev,<5(q0.8),54,0.42592592592592593,-0.2084259259259258,-892.49,9,23.969060155631144,-0.30466666666666664,15,-296.23
composite_trend,>=-4(q0.2),59,0.3898305084745763,-0.24440677966101693,-1127.57,10,24.390814839425815,-0.14050000000000007,10,-61.149999999999984
composite_trend,<-4(q0.2),10,0.6,-0.14050000000000007,-61.149999999999984,2,81.76614881439085,-0.24440677966101693,59,-1127.57
composite_trend,>=-4(q0.3),59,0.3898305084745763,-0.24440677966101693,-1127.57,10,24.390814839425815,-0.14050000000000007,10,-61.149999999999984
composite_trend,<-4(q0.3),10,0.6,-0.14050000000000007,-61.149999999999984,2,81.76614881439085,-0.24440677966101693,59,-1127.57
composite_trend,>=-3(q0.4),47,0.44680851063829785,-0.23191489361702122,-745.5499999999997,8,35.02640453702599,-0.22386363636363626,22,-443.16999999999996
composite_trend,<-3(q0.4),22,0.36363636363636365,-0.22386363636363626,-443.16999999999996,6,36.62227210913723,-0.23191489361702122,47,-745.5499999999997
composite_trend,>=-3(q0.5),47,0.44680851063829785,-0.23191489361702122,-745.5499999999997,8,35.02640453702599,-0.22386363636363626,22,-443.16999999999996
composite_trend,<-3(q0.5),22,0.36363636363636365,-0.22386363636363626,-443.16999999999996,6,36.62227210913723,-0.23191489361702122,47,-745.5499999999997
composite_trend,>=-3(q0.6),47,0.44680851063829785,-0.23191489361702122,-745.5499999999997,8,35.02640453702599,-0.22386363636363626,22,-443.16999999999996
composite_trend,<-3(q0.6),22,0.36363636363636365,-0.22386363636363626,-443.16999999999996,6,36.62227210913723,-0.23191489361702122,47,-745.5499999999997
composite_trend,>=-1.4(q0.7),21,0.47619047619047616,-0.2188095238095238,-216.41000000000003,4,51.332945484411894,-0.23395833333333332,48,-972.3100000000001
composite_trend,<-1.4(q0.7),48,0.3958333333333333,-0.23395833333333332,-972.3100000000001,10,19.91089215792108,-0.2188095238095238,21,-216.41000000000003
composite_trend,>=-1(q0.8),21,0.47619047619047616,-0.2188095238095238,-216.41000000000003,4,51.332945484411894,-0.23395833333333332,48,-972.3100000000001
composite_trend,<-1(q0.8),48,0.3958333333333333,-0.23395833333333332,-972.3100000000001,10,19.91089215792108,-0.2188095238095238,21,-216.41000000000003
confirmation_bias,==1.0,15,0.4666666666666667,-0.20666666666666667,-246.83999999999995,6,36.881575206141605,-0.23564814814814822,54,-941.88
confirmation_bias,==0.0,26,0.46153846153846156,-0.1907692307692307,-321.18000000000006,8,26.617745163442297,-0.2526744186046512,43,-867.5400000000001
confirmation_bias,==-1.0,28,0.35714285714285715,-0.27732142857142855,-620.7,8,24.27667916320865,-0.19658536585365854,41,-568.02
confirmation_score,>=0.2(q0.4),41,0.4634146341463415,-0.19658536585365854,-568.02,8,25.375476679378117,-0.27732142857142855,28,-620.7
confirmation_score,<0.2(q0.4),28,0.35714285714285715,-0.27732142857142855,-620.7,8,24.27667916320865,-0.19658536585365854,41,-568.02
confirmation_score,>=1(q0.5),41,0.4634146341463415,-0.19658536585365854,-568.02,8,25.375476679378117,-0.27732142857142855,28,-620.7
confirmation_score,<1(q0.5),28,0.35714285714285715,-0.27732142857142855,-620.7,8,24.27667916320865,-0.19658536585365854,41,-568.02
confirmation_score,>=1(q0.6),41,0.4634146341463415,-0.19658536585365854,-568.02,8,25.375476679378117,-0.27732142857142855,28,-620.7
confirmation_score,<1(q0.6),28,0.35714285714285715,-0.27732142857142855,-620.7,8,24.27667916320865,-0.19658536585365854,41,-568.02
confirmation_score,>=1(q0.7),41,0.4634146341463415,-0.19658536585365854,-568.02,8,25.375476679378117,-0.27732142857142855,28,-620.7
confirmation_score,<1(q0.7),28,0.35714285714285715,-0.27732142857142855,-620.7,8,24.27667916320865,-0.19658536585365854,41,-568.02
confirmation_score,>=2(q0.8),15,0.4666666666666667,-0.20666666666666667,-246.83999999999995,6,36.881575206141605,-0.23564814814814822,54,-941.88
confirmation_score,<2(q0.8),54,0.4074074074074074,-0.23564814814814822,-941.88,10,22.983041423408395,-0.20666666666666667,15,-246.83999999999995
confirmation_score,>=2(q0.9),15,0.4666666666666667,-0.20666666666666667,-246.83999999999995,6,36.881575206141605,-0.23564814814814822,54,-941.88
confirmation_score,<2(q0.9),54,0.4074074074074074,-0.23564814814814822,-941.88,10,22.983041423408395,-0.20666666666666667,15,-246.83999999999995
dir_15m,==-1.0,11,0.5454545454545454,-0.14727272727272722,-227.93,4,61.589323872112246,-0.24491379310344819,58,-960.7900000000001
dir_15m,==1.0,11,0.36363636363636365,-0.2581818181818182,-192.25,4,62.49244642774136,-0.22387931034482755,58,-996.4700000000001
ema_alignment,==neutral,13,0.5384615384615384,-0.16038461538461546,-78.61999999999999,3,67.75679826542596,-0.24535714285714288,56,-1110.1
ema_alignment,==bearish,56,0.39285714285714285,-0.24535714285714288,-1110.1,10,29.849278605699954,-0.16038461538461546,13,-78.61999999999999
ema_stack_bias,==0,16,0.375,-0.32843750000000005,-359.14,5,49.241519944295234,-0.19943396226415078,53,-829.58
ema_stack_bias,==-1,24,0.4166666666666667,-0.258125,-502.0199999999999,5,28.411218676546753,-0.21400000000000002,45,-686.7
ema_stack_bias,==-1,20,0.45,-0.09449999999999997,-264.25000000000006,5,41.22719620709795,-0.28438775510204073,49,-924.47
ema_stretch_score,==1.0,28,0.4642857142857143,-0.21410714285714283,-492.01,9,28.730678618628968,-0.2397560975609756,41,-696.71
ema_stretch_score,==0.0,31,0.3548387096774194,-0.24693548387096764,-587.0600000000001,10,28.274785677124566,-0.21500000000000002,38,-601.66
ema_stretch_score,==-1.0,10,0.5,-0.21750000000000003,-109.64999999999999,4,60.058911684150694,-0.23135593220338968,59,-1079.07
funding_bias,==-1,18,0.3333333333333333,-0.3147222222222223,-405.83,5,41.80568218219451,-0.19921568627450975,51,-782.89
funding_bias,==0,19,0.3684210526315789,-0.3507894736842106,-520.2499999999999,5,48.47220496067325,-0.18319999999999997,50,-668.4700000000001
funding_bias,==0,25,0.48,-0.12380000000000002,-233.89999999999998,5,55.32755446455968,-0.2893181818181819,44,-954.82
hour_utc,>=9(q0.4),21,0.47619047619047616,-0.07095238095238099,-209.13999999999996,4,62.925318443552605,-0.30083333333333334,12,-376.25000000000006
hour_utc,<9(q0.4),12,0.3333333333333333,-0.30083333333333334,-376.25000000000006,5,42.50745371182322,-0.07095238095238099,21,-209.13999999999996
hour_utc,>=11(q0.5),17,0.4117647058823529,-0.1270588235294119,-273.69000000000005,4,49.09969706252765,-0.18375000000000008,16,-311.70000000000005
hour_utc,<11(q0.5),16,0.4375,-0.18375000000000008,-311.70000000000005,5,50.7083507681272,-0.1270588235294119,17,-273.69000000000005
hour_utc,>=11.4(q0.6),13,0.46153846153846156,-0.14615384615384597,-143.45000000000002,3,62.384105960264904,-0.16000000000000003,20,-441.94
hour_utc,<11.4(q0.6),20,0.4,-0.16000000000000003,-441.94,6,34.98721438587808,-0.14615384615384597,13,-143.45000000000002
hour_utc,>=13.8(q0.7),10,0.4,-0.1519999999999999,-98.89,3,50.56122964910506,-0.1556521739130436,23,-486.5
hour_utc,<13.8(q0.7),23,0.43478260869565216,-0.1556521739130436,-486.5,6,32.042758933293044,-0.1519999999999999,10,-98.89
in_demand_zone,==False,33,0.42424242424242425,-0.15454545454545449,-585.3900000000001,6,27.000015914190683,-0.29791666666666666,36,-603.33
in_supply_zone,==False,33,0.42424242424242425,-0.15454545454545449,-585.3900000000001,6,27.000015914190683,-0.29791666666666666,36,-603.33
liq_bias,>=-0.7358(q0.5),11,0.45454545454545453,-0.19363636363636377,-153.96999999999997,4,46.66137837711726,-0.21181818181818185,11,-266.21
liq_bias,<-0.7358(q0.5),11,0.45454545454545453,-0.21181818181818185,-266.21,4,61.69013110104119,-0.19363636363636377,11,-153.96999999999997
ls_long_pct,>=69.86(q0.5),11,0.6363636363636364,-0.11272727272727279,-58.21999999999999,1,100.0,-0.2927272727272727,11,-361.96000000000004
ls_long_pct,<69.86(q0.5),11,0.2727272727272727,-0.2927272727272727,-361.96000000000004,4,41.8975650713686,-0.11272727272727279,11,-58.21999999999999
net_edge,>=0.01865(q0.2),55,0.38181818181818183,-0.2713636363636365,-1078.4799999999998,9,28.321028816384853,-0.06428571428571439,14,-110.24000000000001
net_edge,<0.01865(q0.2),14,0.5714285714285714,-0.06428571428571439,-110.24000000000001,8,25.90836309890381,-0.2713636363636365,55,-1078.4799999999998
net_edge,>=0.02437(q0.3),48,0.3333333333333333,-0.33552083333333343,-1160.5700000000002,9,29.346308841273473,0.013333333333333197,21,-28.150000000000006
net_edge,<0.02437(q0.3),21,0.6190476190476191,0.013333333333333197,-28.150000000000006,8,35.5460323851707,-0.33552083333333343,48,-1160.5700000000002
net_edge,>=0.02824(q0.4),41,0.3170731707317073,-0.3451219512195121,-1051.3300000000002,7,31.14480050239256,-0.05982142857142847,28,-137.39000000000001
net_edge,<0.02824(q0.4),28,0.5714285714285714,-0.05982142857142847,-137.39000000000001,9,40.6926822248339,-0.3451219512195121,41,-1051.3300000000002
net_edge,>=0.03868(q0.5),35,0.3142857142857143,-0.365,-949.1699999999998,7,34.03740712272611,-0.08970588235294119,34,-239.54999999999998
net_edge,<0.03868(q0.5),34,0.5294117647058824,-0.08970588235294119,-239.54999999999998,10,39.04268783799332,-0.365,35,-949.1699999999998
net_edge,>=0.06129(q0.6),28,0.32142857142857145,-0.3367857142857143,-738.7199999999999,6,40.78400627205018,-0.15597560975609748,41,-450.0
net_edge,<0.06129(q0.6),41,0.4878048780487805,-0.15597560975609748,-450.0,10,30.528664483391516,-0.3367857142857143,28,-738.7199999999999
net_edge,>=0.0847(q0.7),21,0.2857142857142857,-0.3426190476190476,-649.99,6,43.17661143710185,-0.17979166666666674,48,-538.73
net_edge,<0.0847(q0.7),48,0.4791666666666667,-0.17979166666666674,-538.73,10,31.514425728377166,-0.3426190476190476,21,-649.99
net_edge,>=0.09728(q0.8),14,0.35714285714285715,-0.2703571428571429,-444.7299999999999,6,36.51948823491969,-0.2189090909090909,55,-743.99
net_edge,<0.09728(q0.8),55,0.43636363636363634,-0.2189090909090909,-743.99,10,28.23107787924609,-0.2703571428571429,14,-444.7299999999999
no_score,==1.0,26,0.38461538461538464,-0.2871153846153846,-549.9,9,31.949229908413578,-0.19441860465116267,43,-638.82
no_score,==0.0,38,0.4473684210526316,-0.17921052631578932,-534.4999999999999,9,37.78218524251806,-0.2908064516129034,31,-654.22
ob_ask_frac,>=0.001301(q0.5),11,0.45454545454545453,-0.22909090909090907,-239.39,3,58.74915890498282,-0.17636363636363633,11,-180.79
ob_ask_frac,<0.001301(q0.5),11,0.45454545454545453,-0.17636363636363633,-180.79,3,58.01764136032224,-0.22909090909090907,11,-239.39
ob_ask_wall_pct,>=0.0017(q0.5),11,0.5454545454545454,-0.19000000000000017,-182.17999999999998,3,88.21435633774965,-0.21545454545454545,11,-238.00000000000003
ob_ask_wall_pct,<0.0017(q0.5),11,0.36363636363636365,-0.21545454545454545,-238.00000000000003,4,56.30558874286474,-0.19000000000000017,11,-182.17999999999998
ob_bid_wall_pct,>=-0.001765(q0.5),11,0.36363636363636365,-0.19272727272727264,-263.58000000000004,4,59.226419046289195,-0.21272727272727276,11,-156.6
ob_bid_wall_pct,<-0.001765(q0.5),11,0.5454545454545454,-0.21272727272727276,-156.6,3,66.01584606677984,-0.19272727272727264,11,-263.58000000000004
ob_imbalance,==-1.0,21,0.47619047619047616,-0.1880952380952382,-371.26,4,38.195249130938585,-0.24739583333333331,48,-817.46
ob_path_ask_usd,>=7.567e+06(q0.5),11,0.2727272727272727,-0.3263636363636364,-307.22,4,45.44077552256891,-0.07909090909090899,11,-112.96000000000001
ob_path_ask_usd,<7.567e+06(q0.5),11,0.6363636363636364,-0.07909090909090899,-112.96000000000001,4,53.67919018882616,-0.3263636363636364,11,-307.22
ob_path_bid_usd,==0.0,22,0.45454545454545453,-0.2027272727272727,-420.18,4,36.63096985922791,-0.24180851063829795,47,-768.54
obi_raw,>=-0.08498(q0.2),54,0.4444444444444444,-0.2084259259259259,-779.1700000000001,10,25.920243616118643,-0.2692857142857143,14,-359.55
obi_raw,<-0.08498(q0.2),14,0.35714285714285715,-0.2692857142857143,-359.55,8,21.79076507376174,-0.2084259259259259,54,-779.1700000000001
obi_raw,>=-0.04263(q0.3),47,0.425531914893617,-0.23553191489361697,-718.0,10,26.438938938938932,-0.1883333333333334,21,-420.72
obi_raw,<-0.04263(q0.3),21,0.42857142857142855,-0.1883333333333334,-420.72,8,22.366961314103712,-0.23553191489361697,47,-718.0
obi_raw,>=-0.03542(q0.4),41,0.43902439024390244,-0.24560975609756103,-631.6,9,24.361466535433067,-0.18351851851851847,27,-507.12000000000006
obi_raw,<-0.03542(q0.4),27,0.4074074074074074,-0.18351851851851847,-507.12000000000006,8,29.975265017667844,-0.24560975609756103,41,-631.6
obi_raw,>=-0.0117(q0.5),34,0.4411764705882353,-0.22897058823529415,-521.0600000000001,9,30.076855311522223,-0.2129411764705883,34,-617.66
obi_raw,<-0.0117(q0.5),34,0.4117647058823529,-0.2129411764705883,-617.66,8,26.845374746792704,-0.22897058823529415,34,-521.0600000000001
obi_raw,>=0.0093(q0.6),27,0.5185185185185185,-0.17629629629629628,-281.07000000000005,8,31.506907635651487,-0.2503658536585366,41,-857.6500000000001
obi_raw,<0.0093(q0.6),41,0.36585365853658536,-0.2503658536585366,-857.6500000000001,9,26.932028535241454,-0.17629629629629628,27,-281.07000000000005
obi_raw,>=0.04578(q0.7),21,0.5714285714285714,-0.1445238095238096,-169.21,7,41.348383671872824,-0.2551063829787234,47,-969.51
obi_raw,<0.04578(q0.7),47,0.3617021276595745,-0.2551063829787234,-969.51,9,29.299073993607756,-0.1445238095238096,21,-169.21
obi_raw,>=0.09362(q0.8),14,0.5714285714285714,-0.1617857142857143,-132.5,7,29.580054423769948,-0.23629629629629628,54,-1006.2200000000001
obi_raw,<0.09362(q0.8),54,0.3888888888888889,-0.23629629629629628,-1006.2200000000001,9,26.430982710707422,-0.1617857142857143,14,-132.5
obi_score,==0,27,0.4074074074074074,-0.2561111111111111,-461.48,6,41.291601288297954,-0.21214285714285713,42,-727.24
obi_score,==0,20,0.35,-0.20424999999999993,-335.98999999999995,5,44.415012351558076,-0.23959183673469392,49,-852.73
offset_pct,>=0.1073(q0.2),55,0.4909090909090909,-0.23927272727272725,-791.5799999999999,9,32.23707683589733,-0.19035714285714295,14,-397.14000000000004
offset_pct,<0.1073(q0.2),14,0.14285714285714285,-0.19035714285714295,-397.14000000000004,4,42.720451226267805,-0.23927272727272725,55,-791.5799999999999
offset_pct,>=0.142(q0.3),48,0.5,-0.23302083333333334,-660.8499999999999,9,29.36554401750223,-0.220952380952381,21,-527.8699999999999
offset_pct,<0.142(q0.3),21,0.23809523809523808,-0.220952380952381,-527.8699999999999,9,29.21998518850214,-0.23302083333333334,48,-660.8499999999999
offset_pct,>=0.1611(q0.4),41,0.5365853658536586,-0.20219512195121947,-505.04999999999995,9,30.864117210779018,-0.2691071428571429,28,-683.6699999999997
offset_pct,<0.1611(q0.4),28,0.25,-0.2691071428571429,-683.6699999999997,10,31.748973436534754,-0.20219512195121947,41,-505.04999999999995
offset_pct,>=0.1707(q0.5),35,0.5428571428571428,-0.19300000000000006,-436.58000000000004,9,36.37259663457419,-0.26676470588235285,34,-752.1399999999999
offset_pct,<0.1707(q0.5),34,0.29411764705882354,-0.26676470588235285,-752.1399999999999,10,33.84260062456627,-0.19300000000000006,35,-436.58000000000004
offset_pct,>=0.2066(q0.6),28,0.6071428571428571,-0.15107142857142875,-243.73999999999995,8,41.63039908030875,-0.28280487804878046,41,-944.98
offset_pct,<0.2066(q0.6),41,0.2926829268292683,-0.28280487804878046,-944.98,10,27.49431808171392,-0.15107142857142875,28,-243.73999999999995
offset_pct,>=0.2498(q0.7),21,0.7142857142857143,-0.049761904761904674,-57.62000000000001,7,23.648824499002348,-0.30791666666666667,48,-1131.1000000000001
offset_pct,<0.2498(q0.7),48,0.2916666666666667,-0.30791666666666667,-1131.1000000000001,10,26.583367402562008,-0.049761904761904674,21,-57.62000000000001
offset_pct,>=0.2994(q0.8),14,0.7142857142857143,-0.05535714285714288,-56.34000000000001,4,62.70974389166911,-0.27363636363636357,55,-1132.38
offset_pct,<0.2994(q0.8),55,0.34545454545454546,-0.27363636363636357,-1132.38,10,26.59908218606592,-0.05535714285714288,14,-56.34000000000001
oi_chg_pct,>=0.01285(q0.5),11,0.36363636363636365,-0.28181818181818186,-311.78000000000003,4,53.25703699276878,-0.12363636363636366,11,-108.4
oi_chg_pct,<0.01285(q0.5),11,0.5454545454545454,-0.12363636363636366,-108.4,4,44.30928079753144,-0.28181818181818186,11,-311.78000000000003
p_gbdt,>=0.2466(q0.5),11,0.18181818181818182,-0.3581818181818182,-354.1600000000001,3,47.90490173932686,-0.047272727272727244,11,-66.02
p_gbdt,<0.2466(q0.5),11,0.7272727272727273,-0.047272727272727244,-66.02,2,80.28440366972475,-0.3581818181818182,11,-354.1600000000001
p_market,>=0.21(q0.2),57,0.40350877192982454,-0.21271929824561403,-1046.23,10,27.836478300143362,-0.30833333333333346,12,-142.48999999999998
p_market,<0.21(q0.2),12,0.5,-0.30833333333333346,-142.48999999999998,6,35.57201106059896,-0.21271929824561403,57,-1046.23
p_market,>=0.23(q0.3),49,0.3469387755102041,-0.24142857142857138,-1070.8,10,30.31247834822975,-0.1997500000000001,20,-117.91999999999999
p_market,<0.23(q0.3),20,0.6,-0.1997500000000001,-117.91999999999999,7,54.96948232989225,-0.24142857142857138,49,-1070.8
p_market,>=0.25(q0.4),42,0.30952380952380953,-0.24952380952380948,-987.74,9,23.999232024575214,-0.19796296296296312,27,-200.98
p_market,<0.25(q0.4),27,0.5925925925925926,-0.19796296296296312,-200.98,8,36.22219405539007,-0.24952380952380948,42,-987.74
p_market,>=0.28(q0.5),35,0.2571428571428571,-0.2655714285714287,-866.8000000000001,9,24.353700206815937,-0.19205882352941184,34,-321.91999999999996
p_market,<0.28(q0.5),34,0.5882352941176471,-0.19205882352941184,-321.91999999999996,8,27.33798559871989,-0.2655714285714287,35,-866.8000000000001
p_market,>=0.295(q0.6),29,0.2413793103448276,-0.24103448275862074,-713.8799999999999,8,23.76589903064941,-0.22087499999999993,40,-474.8399999999999
p_market,<0.295(q0.6),40,0.55,-0.22087499999999993,-474.8399999999999,9,26.030633124699083,-0.24103448275862074,29,-713.8799999999999
p_market,>=0.338(q0.7),21,0.23809523809523808,-0.16857142857142854,-467.90000000000003,7,30.457417779692662,-0.25593749999999993,48,-720.82
p_market,<0.338(q0.7),48,0.5,-0.25593749999999993,-720.82,9,32.061323292092524,-0.16857142857142854,21,-467.90000000000003
p_market,>=0.463(q0.8),14,0.07142857142857142,-0.22785714285714284,-483.34999999999997,4,35.10085859108306,-0.22972727272727278,55,-705.3700000000001
p_market,<0.463(q0.8),55,0.509090909090909,-0.22972727272727278,-705.3700000000001,9,37.26766120937316,-0.22785714285714284,14,-483.34999999999997
p_up_v2,>=0.4433(q0.5),12,0.5,-0.17000000000000004,-216.36999999999998,4,51.83728552149604,-0.2420000000000001,10,-203.80999999999997
p_up_v2,<0.4433(q0.5),10,0.4,-0.2420000000000001,-203.80999999999997,3,51.42044060644718,-0.17000000000000004,12,-216.36999999999998
p_yes_model,>=0.121(q0.2),55,0.36363636363636365,-0.2515454545454544,-1086.33,10,25.375772903749695,-0.14214285714285724,14,-102.38999999999997
p_yes_model,<0.121(q0.2),14,0.6428571428571429,-0.14214285714285724,-102.38999999999997,5,45.87543437583535,-0.2515454545454544,55,-1086.33
p_yes_model,>=0.1576(q0.3),48,0.3541666666666667,-0.23874999999999996,-955.9100000000001,9,24.526292771508164,-0.20785714285714296,21,-232.81000000000003
p_yes_model,<0.1576(q0.3),21,0.5714285714285714,-0.20785714285714296,-232.81000000000003,6,43.25398220753191,-0.23874999999999996,48,-955.9100000000001
p_yes_model,>=0.181(q0.4),41,0.34146341463414637,-0.22024390243902442,-784.8299999999999,9,28.370629120518842,-0.24267857142857152,28,-403.88999999999993
p_yes_model,<0.181(q0.4),28,0.5357142857142857,-0.24267857142857152,-403.88999999999993,7,44.834241370298145,-0.22024390243902442,41,-784.8299999999999
p_yes_model,>=0.1996(q0.5),35,0.3142857142857143,-0.21914285714285708,-729.4199999999998,8,25.955474992979138,-0.2398529411764706,34,-459.29999999999995
p_yes_model,<0.1996(q0.5),34,0.5294117647058824,-0.2398529411764706,-459.29999999999995,7,40.34043630838248,-0.21914285714285708,35,-729.4199999999998
p_yes_model,>=0.2252(q0.6),28,0.25,-0.23285714285714293,-673.79,7,25.179952210629423,-0.2269512195121951,41,-514.93
p_yes_model,<0.2252(q0.6),41,0.5365853658536586,-0.2269512195121951,-514.93,9,31.644743376896113,-0.23285714285714293,28,-673.79
p_yes_model,>=0.2985(q0.7),21,0.14285714285714285,-0.26809523809523816,-613.8100000000001,6,27.640475065574037,-0.21239583333333334,48,-574.91
p_yes_model,<0.2985(q0.7),48,0.5416666666666666,-0.21239583333333334,-574.91,9,32.646154949956355,-0.26809523809523816,21,-613.8100000000001
p_yes_model,>=0.3916(q0.8),14,0.14285714285714285,-0.17964285714285722,-397.14000000000004,4,42.720451226267805,-0.24200000000000005,55,-791.5800000000002
p_yes_model,<0.3916(q0.8),55,0.4909090909090909,-0.24200000000000005,-791.5800000000002,9,30.67696165023648,-0.17964285714285722,14,-397.14000000000004
raw_edge,>=0.04797(q0.2),55,0.36363636363636365,-0.28227272727272723,-1122.57,9,31.699193294204836,-0.021428571428571463,14,-66.15
raw_edge,<0.04797(q0.2),14,0.6428571428571429,-0.021428571428571463,-66.15,7,28.49016354586395,-0.28227272727272723,55,-1122.57
raw_edge,>=0.05078(q0.3),48,0.3333333333333333,-0.31302083333333336,-1151.83,9,27.02026596683472,-0.03809523809523818,21,-36.89000000000001
raw_edge,<0.05078(q0.3),21,0.6190476190476191,-0.03809523809523818,-36.89000000000001,9,21.746659429841568,-0.31302083333333336,48,-1151.83
raw_edge,>=0.05712(q0.4),41,0.3170731707317073,-0.3356097560975609,-1047.4,8,31.25343936946373,-0.07374999999999998,28,-141.32000000000002
raw_edge,<0.05712(q0.4),28,0.5714285714285714,-0.07374999999999998,-141.32000000000002,9,35.46952129491447,-0.3356097560975609,41,-1047.4
raw_edge,>=0.06704(q0.5),35,0.3142857142857143,-0.365,-949.1699999999998,7,34.03740712272611,-0.08970588235294119,34,-239.54999999999998
raw_edge,<0.06704(q0.5),34,0.5294117647058824,-0.08970588235294119,-239.54999999999998,10,39.04268783799332,-0.365,35,-949.1699999999998
raw_edge,>=0.08487(q0.6),28,0.32142857142857145,-0.3367857142857143,-738.7199999999999,6,40.78400627205018,-0.15597560975609748,41,-450.0
raw_edge,<0.08487(q0.6),41,0.4878048780487805,-0.15597560975609748,-450.0,10,30.528664483391516,-0.3367857142857143,28,-738.7199999999999
raw_edge,>=0.1076(q0.7),21,0.2857142857142857,-0.33571428571428585,-697.54,6,37.579406728166596,-0.1828125,48,-491.18000000000006
raw_edge,<0.1076(q0.7),48,0.4791666666666667,-0.1828125,-491.18000000000006,10,33.01746623964077,-0.33571428571428585,21,-697.54
raw_edge,>=0.1182(q0.8),14,0.35714285714285715,-0.2703571428571429,-444.7299999999999,6,36.51948823491969,-0.2189090909090909,55,-743.99
raw_edge,<0.1182(q0.8),55,0.43636363636363634,-0.2189090909090909,-743.99,10,28.23107787924609,-0.2703571428571429,14,-444.7299999999999
rvol_1h,>=0.02036(q0.3),23,0.34782608695652173,-0.19913043478260883,-561.6,6,31.10022348289496,-0.052000000000000046,10,-23.789999999999996
rvol_1h,<0.02036(q0.3),10,0.6,-0.052000000000000046,-23.789999999999996,4,38.261814231395974,-0.19913043478260883,23,-561.6
rvol_1h,>=0.04364(q0.4),20,0.4,-0.11299999999999999,-363.87,6,30.412849225200773,-0.2184615384615386,13,-221.51999999999998
rvol_1h,<0.04364(q0.4),13,0.46153846153846156,-0.2184615384615386,-221.51999999999998,5,51.1620294599018,-0.11299999999999999,20,-363.87
rvol_1h,>=0.0613(q0.5),17,0.29411764705882354,-0.20470588235294118,-487.96000000000004,6,36.52276821987495,-0.10124999999999995,16,-97.42999999999998
rvol_1h,<0.0613(q0.5),16,0.5625,-0.10124999999999995,-97.42999999999998,5,35.12125534950071,-0.20470588235294118,17,-487.96000000000004
rvol_1h,>=0.0879(q0.6),13,0.3076923076923077,-0.21076923076923082,-389.73,5,44.190122032014706,-0.1180000000000001,20,-195.65999999999997
rvol_1h,<0.0879(q0.6),20,0.5,-0.1180000000000001,-195.65999999999997,6,40.78365384615385,-0.21076923076923082,13,-389.73
rvol_1h,>=0.1146(q0.7),10,0.1,-0.33699999999999997,-422.27000000000004,4,45.73039920380405,-0.07521739130434801,23,-163.11999999999995
rvol_1h,<0.1146(q0.7),23,0.5652173913043478,-0.07521739130434801,-163.11999999999995,6,42.0408365546635,-0.33699999999999997,10,-422.27000000000004
sharp_move_active,==False,24,0.5416666666666666,-0.11250000000000004,-255.26,5,51.71299683004147,-0.2916666666666667,45,-933.46
sharp_move_active,==False,29,0.4482758620689655,-0.15086206896551724,-327.56,5,46.487004372819726,-0.28625,40,-861.16
smc_1h,==bearish,29,0.3448275862068966,-0.2117241379310345,-685.22,5,34.52321882023291,-0.24212500000000003,40,-503.5
smc_4h,==bearish,22,0.36363636363636365,-0.235,-492.47,6,33.09986928614629,-0.22670212765957432,47,-696.2499999999999
smc_4h,==bullish,11,0.5454545454545454,0.006363636363636238,-92.91999999999999,3,59.35233160621761,-0.2740517241379311,58,-1095.8
spread,==0.01,38,0.42105263157894735,-0.23118421052631577,-657.44,9,21.69894124746283,-0.2270967741935485,31,-531.2800000000001
spread,==0.02,22,0.4090909090909091,-0.21636363636363637,-396.69,7,26.340970228745782,-0.23542553191489363,47,-792.03
squeeze_1h,==False,11,0.36363636363636365,-0.05818181818181817,-165.21000000000004,2,87.3131166394286,-0.26181034482758625,58,-1023.5100000000001
squeeze_1h,==False,19,0.42105263157894735,-0.24368421052631584,-391.67,3,43.31707815252636,-0.22390000000000015,50,-797.05
stoch_bias,==1.0,16,0.375,-0.30000000000000004,-351.69,6,42.651198498677815,-0.20801886792452828,53,-837.03
stoch_bias,==0.0,46,0.43478260869565216,-0.19336956521739118,-742.2099999999999,9,25.39202618203886,-0.301304347826087,23,-446.51
stoch_crossover_active,==False,21,0.23809523809523808,-0.40523809523809523,-694.64,6,31.424039478322168,-0.1523958333333334,48,-494.08000000000004
stoch_crossover_active,==True,19,0.5789473684210527,-0.15473684210526306,-166.51999999999998,4,45.32739328636552,-0.25770000000000004,50,-1022.2000000000002
stoch_crossover_active,==False,22,0.5454545454545454,-0.14977272727272728,-91.15,5,49.80130010263968,-0.26659574468085095,47,-1097.57
stoch_d,>=16.13(q0.2),55,0.4,-0.23427272727272708,-980.7900000000001,9,29.685870755750276,-0.21000000000000008,14,-207.93
stoch_d,<16.13(q0.2),14,0.5,-0.21000000000000008,-207.93,7,34.33948010027128,-0.23427272727272708,55,-980.7900000000001
stoch_d,>=21.03(q0.3),48,0.375,-0.2705208333333333,-958.8599999999999,9,25.800486009362828,-0.13523809523809527,21,-229.86
stoch_d,<21.03(q0.3),21,0.5238095238095238,-0.13523809523809527,-229.86,7,33.213580934068716,-0.2705208333333333,48,-958.8599999999999
stoch_d,>=27.24(q0.4),41,0.3902439024390244,-0.2626829268292683,-794.5999999999999,9,26.44200870646766,-0.18053571428571424,28,-394.12
stoch_d,<27.24(q0.4),28,0.4642857142857143,-0.18053571428571424,-394.12,8,37.251356238698015,-0.2626829268292683,41,-794.5999999999999
stoch_d,>=36.09(q0.5),35,0.4,-0.2799999999999999,-725.4799999999999,9,22.251162045199553,-0.1772058823529411,34,-463.24000000000007
stoch_d,<36.09(q0.5),34,0.4411764705882353,-0.1772058823529411,-463.24000000000007,9,29.45336116309199,-0.2799999999999999,35,-725.4799999999999
stoch_d,>=40.16(q0.6),28,0.35714285714285715,-0.3307142857142857,-675.0399999999998,8,21.39412375723401,-0.16012195121951217,41,-513.6800000000001
stoch_d,<40.16(q0.6),41,0.4634146341463415,-0.16012195121951217,-513.6800000000001,9,32.39708066095858,-0.3307142857142857,28,-675.0399999999998
stoch_d,>=51.2(q0.7),21,0.3333333333333333,-0.37833333333333347,-541.4,6,30.284624002240584,-0.16416666666666674,48,-647.32
stoch_d,<51.2(q0.7),48,0.4583333333333333,-0.16416666666666674,-647.32,10,26.640685892439592,-0.37833333333333347,21,-541.4
stoch_d,>=62.24(q0.8),14,0.35714285714285715,-0.3921428571428573,-337.66999999999996,4,36.42905795599254,-0.18790909090909086,55,-851.05
stoch_d,<62.24(q0.8),55,0.43636363636363634,-0.18790909090909086,-851.05,10,22.698838248436104,-0.3921428571428573,14,-337.66999999999996
stoch_k,>=21.98(q0.2),55,0.4,-0.23718181818181805,-1010.82,9,22.915442595981126,-0.19857142857142862,14,-177.89999999999998
stoch_k,<21.98(q0.2),14,0.5,-0.19857142857142862,-177.89999999999998,6,25.874560132477747,-0.23718181818181805,55,-1010.82
stoch_k,>=25.76(q0.3),48,0.375,-0.25072916666666667,-971.45,9,25.667235027519858,-0.18047619047619046,21,-217.26999999999995
stoch_k,<25.76(q0.3),21,0.5238095238095238,-0.18047619047619046,-217.26999999999995,8,34.817729187702376,-0.25072916666666667,48,-971.45
stoch_k,>=31.79(q0.4),41,0.34146341463414637,-0.3020731707317073,-905.0000000000001,9,32.072165359034614,-0.12285714285714289,28,-283.72
stoch_k,<31.79(q0.4),28,0.5357142857142857,-0.12285714285714289,-283.72,10,25.155195681511472,-0.3020731707317073,41,-905.0000000000001
stoch_k,>=38.91(q0.5),35,0.2857142857142857,-0.3590000000000001,-971.7400000000001,9,28.699534530255534,-0.09588235294117653,34,-216.98000000000002
stoch_k,<38.91(q0.5),34,0.5588235294117647,-0.09588235294117653,-216.98000000000002,10,27.480076944215444,-0.3590000000000001,35,-971.7400000000001
stoch_k,>=41.93(q0.6),28,0.35714285714285715,-0.3173214285714285,-653.4,9,25.681032730229724,-0.1692682926829267,41,-535.32
stoch_k,<41.93(q0.6),41,0.4634146341463415,-0.1692682926829267,-535.32,10,25.762572135201978,-0.3173214285714285,28,-653.4
stoch_k,>=51.84(q0.7),21,0.42857142857142855,-0.27857142857142864,-336.07,8,35.8592244077352,-0.2078125,48,-852.65
stoch_k,<51.84(q0.7),48,0.4166666666666667,-0.2078125,-852.65,10,22.797558833664976,-0.27857142857142864,21,-336.07
stoch_k,>=62.74(q0.8),14,0.42857142857142855,-0.2575,-237.95000000000002,6,39.8361345898507,-0.2221818181818181,55,-950.77
stoch_k,<62.74(q0.8),55,0.41818181818181815,-0.2221818181818181,-950.77,10,27.112042860470538,-0.2575,14,-237.95000000000002
structure_bias,==1.0,12,0.5833333333333334,-0.11916666666666664,-74.91,4,66.64001066240169,-0.25254385964912274,57,-1113.81
structure_bias,==0.0,40,0.475,-0.1150000000000001,-590.34,10,23.050788744404173,-0.38706896551724146,29,-598.3800000000001
structure_bias,==-1.0,17,0.17647058823529413,-0.5761764705882353,-523.47,4,51.98387682197642,-0.11596153846153845,52,-665.2499999999999
supply_pct,>=2.316(q0.3),23,0.391304347826087,-0.22956521739130425,-504.88,5,32.317421616061566,0.01799999999999996,10,-80.51000000000002
supply_pct,<2.316(q0.3),10,0.5,0.01799999999999996,-80.51000000000002,3,68.66234645516975,-0.22956521739130425,23,-504.88
supply_pct,>=3.177(q0.4),20,0.4,-0.24550000000000005,-452.1,4,37.844133841592544,-0.01461538461538453,13,-133.29000000000005
supply_pct,<3.177(q0.4),13,0.46153846153846156,-0.01461538461538453,-133.29000000000005,4,73.17506214173389,-0.24550000000000005,20,-452.1
supply_pct,>=3.46(q0.5),17,0.4117647058823529,-0.2505882352941178,-378.01,3,47.27388164334277,-0.05249999999999999,16,-207.37999999999997
supply_pct,<3.46(q0.5),16,0.4375,-0.05249999999999999,-207.37999999999997,5,49.51599615543045,-0.2505882352941178,17,-378.01
supply_pct,>=3.514(q0.6),13,0.38461538461538464,-0.2823076923076923,-310.28000000000003,3,50.61235013536161,-0.07150000000000006,20,-275.10999999999996
supply_pct,<3.514(q0.6),20,0.45,-0.07150000000000006,-275.10999999999996,5,45.34880065390298,-0.2823076923076923,13,-310.28000000000003
supply_pct,>=4.4(q0.7),10,0.4,-0.31199999999999994,-239.48999999999998,2,62.633095327571084,-0.0860869565217392,23,-345.9
supply_pct,<4.4(q0.7),23,0.43478260869565216,-0.0860869565217392,-345.9,6,36.778668978972476,-0.31199999999999994,10,-239.48999999999998
tau_minutes,>=39.88(q0.2),55,0.4909090909090909,-0.16909090909090901,-682.1100000000001,10,32.40205561555717,-0.4660714285714285,14,-506.61
tau_minutes,<39.88(q0.2),14,0.14285714285714285,-0.4660714285714285,-506.61,8,25.347914412105332,-0.16909090909090901,55,-682.1100000000001
tau_minutes,>=46.41(q0.3),48,0.4791666666666667,-0.19260416666666674,-701.85,10,26.59824329976513,-0.31333333333333346,21,-486.87000000000006
tau_minutes,<46.41(q0.3),21,0.2857142857142857,-0.31333333333333346,-486.87000000000006,9,17.752529735487308,-0.19260416666666674,48,-701.85
tau_minutes,>=49.14(q0.4),41,0.5121951219512195,-0.1730487804878048,-514.6899999999999,10,25.528266615097017,-0.31178571428571433,28,-674.03
tau_minutes,<49.14(q0.4),28,0.2857142857142857,-0.31178571428571433,-674.03,10,18.008154092172937,-0.1730487804878048,41,-514.6899999999999
tau_minutes,>=52.83(q0.5),35,0.5142857142857142,-0.17400000000000004,-451.71999999999997,10,27.78385811303811,-0.2863235294117648,34,-737.0
tau_minutes,<52.83(q0.5),34,0.3235294117647059,-0.2863235294117648,-737.0,10,16.510368511425177,-0.17400000000000004,35,-451.71999999999997
tau_minutes,>=54.39(q0.6),28,0.5,-0.18625000000000014,-321.87,10,32.75404183944462,-0.25878048780487806,41,-866.85
tau_minutes,<54.39(q0.6),41,0.36585365853658536,-0.25878048780487806,-866.85,10,25.2889114380743,-0.18625000000000014,28,-321.87
tau_minutes,>=57.87(q0.7),21,0.5238095238095238,-0.18809523809523798,-214.06999999999996,7,32.55791667664886,-0.24739583333333337,48,-974.65
tau_minutes,<57.87(q0.7),48,0.375,-0.24739583333333337,-974.65,10,18.386840010612897,-0.18809523809523798,21,-214.06999999999996
tau_minutes,>=58.95(q0.8),14,0.5714285714285714,-0.16392857142857142,-122.30000000000003,4,49.05428818943113,-0.24599999999999989,55,-1066.42
tau_minutes,<58.95(q0.8),55,0.38181818181818183,-0.24599999999999989,-1066.42,10,21.94249143681269,-0.16392857142857142,14,-122.30000000000003
vol_60m,>=0.000331(q0.2),55,0.4,-0.24136363636363634,-977.3,10,27.734404752837232,-0.18214285714285716,14,-211.42000000000002
vol_60m,<0.000331(q0.2),14,0.5,-0.18214285714285716,-211.42000000000002,7,38.56596438424881,-0.24136363636363634,55,-977.3
vol_60m,>=0.0003725(q0.3),48,0.4583333333333333,-0.2111458333333333,-673.63,9,29.639054443179536,-0.270952380952381,21,-515.09
vol_60m,<0.0003725(q0.3),21,0.3333333333333333,-0.270952380952381,-515.09,7,27.78696818335127,-0.2111458333333333,48,-673.63
vol_60m,>=0.0004336(q0.4),41,0.4634146341463415,-0.19902439024390234,-551.58,8,25.3314121037464,-0.27375,28,-637.14
vol_60m,<0.0004336(q0.4),28,0.35714285714285715,-0.27375,-637.14,9,27.59068639580343,-0.19902439024390234,41,-551.58
vol_60m,>=0.0005217(q0.5),35,0.45714285714285713,-0.19671428571428567,-506.35,7,34.60482938364085,-0.26294117647058823,34,-682.37
vol_60m,<0.0005217(q0.5),34,0.38235294117647056,-0.26294117647058823,-682.37,10,25.091416420076733,-0.19671428571428567,35,-506.35
vol_60m,>=0.0005992(q0.6),28,0.5,-0.18571428571428583,-333.01000000000005,7,27.14912826345815,-0.25914634146341453,41,-855.71
vol_60m,<0.0005992(q0.6),41,0.36585365853658536,-0.25914634146341453,-855.71,10,26.4988789346482,-0.18571428571428583,28,-333.01000000000005
vol_60m,>=0.0007156(q0.7),21,0.5238095238095238,-0.16166666666666674,-290.17,5,34.43407596157157,-0.2589583333333333,48,-898.5500000000001
vol_60m,<0.0007156(q0.7),48,0.375,-0.2589583333333333,-898.5500000000001,10,26.744972031465824,-0.16166666666666674,21,-290.17
vol_60m,>=0.0008242(q0.8),14,0.5,-0.18035714285714288,-212.57999999999998,5,46.98806503148201,-0.2418181818181817,55,-976.1400000000001
vol_60m,<0.0008242(q0.8),55,0.4,-0.2418181818181817,-976.1400000000001,10,24.855696571314116,-0.18035714285714288,14,-212.57999999999998
vol_60m_model,>=0.0002669(q0.2),55,0.41818181818181815,-0.2194545454545455,-936.9200000000001,10,26.26788791851436,-0.2682142857142857,14,-251.80000000000004
vol_60m_model,<0.0002669(q0.2),14,0.42857142857142855,-0.2682142857142857,-251.80000000000004,6,51.42067407715627,-0.2194545454545455,55,-936.9200000000001
vol_60m_model,>=0.0003361(q0.3),48,0.4375,-0.19854166666666673,-713.97,9,35.32065210485521,-0.2997619047619048,21,-474.75
vol_60m_model,<0.0003361(q0.3),21,0.38095238095238093,-0.2997619047619048,-474.75,7,52.08027317296503,-0.19854166666666673,48,-713.97
vol_60m_model,>=0.0004316(q0.4),41,0.43902439024390244,-0.2304878048780487,-693.8600000000001,8,30.847068641769244,-0.22767857142857145,28,-494.86000000000007
vol_60m_model,<0.0004316(q0.4),28,0.39285714285714285,-0.22767857142857145,-494.86000000000007,8,38.94579172610556,-0.2304878048780487,41,-693.8600000000001
vol_60m_model,>=0.000497(q0.5),35,0.4,-0.2657142857142857,-686.6400000000001,7,31.140246952584054,-0.19191176470588234,34,-502.0800000000001
vol_60m_model,<0.000497(q0.5),34,0.4411764705882353,-0.19191176470588234,-502.0800000000001,10,34.97258659561385,-0.2657142857142857,35,-686.6400000000001
vol_60m_model,>=0.0005498(q0.6),28,0.35714285714285715,-0.2944642857142859,-653.47,6,36.18730017897845,-0.1848780487804877,41,-535.25
vol_60m_model,<0.0005498(q0.6),41,0.4634146341463415,-0.1848780487804877,-535.25,10,30.79326407922489,-0.2944642857142859,28,-653.47
vol_60m_model,>=0.0006471(q0.7),21,0.47619047619047616,-0.22142857142857142,-391.05,5,31.09365140751898,-0.23281249999999992,48,-797.67
vol_60m_model,<0.0006471(q0.7),48,0.3958333333333333,-0.23281249999999992,-797.67,10,29.900226707700394,-0.22142857142857142,21,-391.05
vol_60m_model,>=0.0008287(q0.8),14,0.42857142857142855,-0.27678571428571436,-304.52000000000004,5,33.25205054311682,-0.21727272727272734,55,-884.2
vol_60m_model,<0.0008287(q0.8),55,0.41818181818181815,-0.21727272727272734,-884.2,10,28.728217863456525,-0.27678571428571436,14,-304.52000000000004
vol_eff,>=0.0002916(q0.2),55,0.41818181818181815,-0.20127272727272733,-922.1400000000001,10,26.64924757376921,-0.33964285714285697,14,-266.5799999999999
vol_eff,<0.0002916(q0.2),14,0.42857142857142855,-0.33964285714285697,-266.5799999999999,4,77.72747978590138,-0.20127272727272733,55,-922.1400000000001
vol_eff,>=0.0003974(q0.3),48,0.4791666666666667,-0.1866666666666667,-611.11,10,31.30083025699778,-0.32690476190476203,21,-577.61
vol_eff,<0.0003974(q0.3),21,0.2857142857142857,-0.32690476190476203,-577.61,6,41.22336811270328,-0.1866666666666667,48,-611.11
vol_eff,>=0.0004453(q0.4),41,0.4634146341463415,-0.19731707317073172,-606.94,9,23.26901582446026,-0.27624999999999994,28,-581.7800000000001
vol_eff,<0.0004453(q0.4),28,0.35714285714285715,-0.27624999999999994,-581.7800000000001,8,41.60215774716567,-0.19731707317073172,41,-606.94
vol_eff,>=0.0005045(q0.5),35,0.42857142857142855,-0.2255714285714286,-627.0200000000001,8,33.792354722587284,-0.2332352941176471,34,-561.6999999999999
vol_eff,<0.0005045(q0.5),34,0.4117647058823529,-0.2332352941176471,-561.6999999999999,9,35.55558449677016,-0.2255714285714286,35,-627.0200000000001
vol_eff,>=0.0005678(q0.6),28,0.42857142857142855,-0.25607142857142867,-531.2199999999999,6,40.497141096312525,-0.21109756097560978,41,-657.5
vol_eff,<0.0005678(q0.6),41,0.4146341463414634,-0.21109756097560978,-657.5,9,30.89257021295856,-0.25607142857142867,28,-531.2199999999999
vol_eff,>=0.0006458(q0.7),21,0.38095238095238093,-0.29785714285714293,-527.2699999999999,6,28.971873992451684,-0.19937499999999997,48,-661.45
vol_eff,<0.0006458(q0.7),48,0.4375,-0.19937499999999997,-661.45,10,30.334781497572195,-0.29785714285714293,21,-527.2699999999999
vol_eff,>=0.0007577(q0.8),14,0.2857142857142857,-0.3878571428571429,-424.61,6,28.26122795035444,-0.1889999999999999,55,-764.1099999999999
vol_eff,<0.0007577(q0.8),55,0.45454545454545453,-0.1889999999999999,-764.1099999999999,10,27.672082628042045,-0.3878571428571429,14,-424.61
vol_implied_kalshi,>=0.0003148(q0.2),53,0.4528301886792453,-0.22386792452830173,-793.0799999999999,10,26.536030056919163,-0.22500000000000003,14,-295.64
vol_implied_kalshi,<0.0003148(q0.2),14,0.35714285714285715,-0.22500000000000003,-295.64,6,36.88929792269261,-0.22386792452830173,53,-793.0799999999999
vol_implied_kalshi,>=0.0003681(q0.3),47,0.48936170212765956,-0.18872340425531914,-558.4499999999999,10,27.127179438453137,-0.30724999999999997,20,-530.27
vol_implied_kalshi,<0.0003681(q0.3),20,0.3,-0.30724999999999997,-530.27,7,45.01497311111459,-0.18872340425531914,47,-558.4499999999999
vol_implied_kalshi,>=0.0004379(q0.4),40,0.5,-0.1895,-512.29,10,27.031829287044474,-0.27537037037037043,27,-576.4300000000001
vol_implied_kalshi,<0.0004379(q0.4),27,0.3333333333333333,-0.27537037037037043,-576.4300000000001,8,40.496777014542225,-0.1895,40,-512.29
vol_implied_kalshi,>=0.0004862(q0.5),34,0.47058823529411764,-0.2095588235294118,-491.46000000000004,8,34.01183390022675,-0.23909090909090913,33,-597.26
vol_implied_kalshi,<0.0004862(q0.5),33,0.3939393939393939,-0.23909090909090913,-597.26,9,38.22277601993672,-0.2095588235294118,34,-491.46000000000004
vol_implied_kalshi,>=0.0005788(q0.6),27,0.5185185185185185,-0.1864814814814817,-344.65,7,35.00057280329935,-0.24949999999999994,40,-744.0699999999999
vol_implied_kalshi,<0.0005788(q0.6),40,0.375,-0.24949999999999994,-744.0699999999999,9,33.554564113909265,-0.1864814814814817,27,-344.65
vol_implied_kalshi,>=0.0006281(q0.7),20,0.5,-0.18999999999999995,-326.87,6,43.85489709642306,-0.23861702127659573,47,-761.8500000000001
vol_implied_kalshi,<0.0006281(q0.7),47,0.40425531914893614,-0.23861702127659573,-761.8500000000001,9,32.91727878232247,-0.18999999999999995,20,-326.87
vol_implied_kalshi,>=0.0006908(q0.8),14,0.42857142857142855,-0.2839285714285715,-314.72,6,55.045754956786986,-0.20830188679245276,53,-774.0
vol_implied_kalshi,<0.0006908(q0.8),53,0.4339622641509434,-0.20830188679245276,-774.0,10,29.03109535128395,-0.2839285714285715,14,-314.72
vol_ratio,>=0.6731(q0.2),53,0.4339622641509434,-0.20924528301886802,-817.0600000000002,10,19.178397453108815,-0.2803571428571429,14,-271.66
vol_ratio,<0.6731(q0.2),14,0.42857142857142855,-0.2803571428571429,-271.66,6,35.75040688212043,-0.20924528301886802,53,-817.0600000000002
vol_ratio,>=0.7678(q0.3),47,0.40425531914893614,-0.2346808510638298,-851.7900000000002,9,20.380699691460386,-0.19925000000000004,20,-236.93
vol_ratio,<0.7678(q0.3),20,0.5,-0.19925000000000004,-236.93,7,30.869030590479056,-0.2346808510638298,47,-851.7900000000002
vol_ratio,>=0.8677(q0.4),40,0.35,-0.27149999999999996,-877.26,9,26.468524458700887,-0.15388888888888874,27,-211.45999999999998
vol_ratio,<0.8677(q0.4),27,0.5555555555555556,-0.15388888888888874,-211.45999999999998,9,40.01614929122555,-0.27149999999999996,40,-877.26
vol_ratio,>=0.9822(q0.5),34,0.38235294117647056,-0.22735294117647054,-680.9100000000001,9,22.915444617784708,-0.2207575757575756,33,-407.81
vol_ratio,<0.9822(q0.5),33,0.48484848484848486,-0.2207575757575756,-407.81,9,40.26250699597393,-0.22735294117647054,34,-680.9100000000001
vol_ratio,>=1.059(q0.6),27,0.37037037037037035,-0.24388888888888893,-523.98,8,29.57395027879609,-0.21075,40,-564.74
vol_ratio,<1.059(q0.6),40,0.475,-0.21075,-564.74,10,33.02481933420211,-0.24388888888888893,27,-523.98
vol_ratio,>=1.153(q0.7),20,0.35,-0.26250000000000007,-437.24000000000007,6,23.163652601027014,-0.20776595744680848,47,-651.4799999999998
vol_ratio,<1.153(q0.7),47,0.46808510638297873,-0.20776595744680848,-651.4799999999998,10,39.312559398669464,-0.26250000000000007,20,-437.24000000000007
vol_ratio,>=1.225(q0.8),14,0.42857142857142855,-0.19285714285714278,-191.68,6,32.85903863167208,-0.23235849056603786,53,-897.0400000000001
vol_ratio,<1.225(q0.8),53,0.4339622641509434,-0.23235849056603786,-897.0400000000001,10,28.34523858964243,-0.19285714285714278,14,-191.68
vol_score,==0,34,0.38235294117647056,-0.3091176470588236,-776.08,6,36.233005788127606,-0.15185714285714286,35,-412.64
vol_score,==0,18,0.3888888888888889,-0.23527777777777786,-310.39,5,45.143077120492755,-0.22725490196078424,51,-878.33
vpin_raw,>=0.449(q0.2),55,0.4727272727272727,-0.2214545454545453,-833.69,10,28.46738757484864,-0.26035714285714273,14,-355.03
vpin_raw,<0.449(q0.2),14,0.21428571428571427,-0.26035714285714273,-355.03,5,42.922665620171195,-0.2214545454545453,55,-833.69
vpin_raw,>=0.4901(q0.3),48,0.5,-0.2003124999999999,-565.54,10,22.07325439198258,-0.2957142857142859,21,-623.1800000000001
vpin_raw,<0.4901(q0.3),21,0.23809523809523808,-0.2957142857142859,-623.1800000000001,8,28.62294988121476,-0.2003124999999999,48,-565.54
vpin_raw,>=0.5489(q0.4),41,0.4878048780487805,-0.21573170731707314,-523.44,9,23.868627076570554,-0.24928571428571428,28,-665.28
vpin_raw,<0.5489(q0.4),28,0.32142857142857145,-0.24928571428571428,-665.28,9,30.740476600349208,-0.21573170731707314,41,-523.44
vpin_raw,>=0.6332(q0.5),35,0.45714285714285713,-0.2277142857142857,-558.85,8,27.779417475728152,-0.23102941176470604,34,-629.87
vpin_raw,<0.6332(q0.5),34,0.38235294117647056,-0.23102941176470604,-629.87,9,29.791341444522562,-0.2277142857142857,35,-558.85
vpin_raw,>=0.7784(q0.6),28,0.4642857142857143,-0.21410714285714272,-475.26,8,31.636291600633914,-0.2397560975609756,41,-713.46
vpin_raw,<0.7784(q0.6),41,0.3902439024390244,-0.2397560975609756,-713.46,10,32.735367290820996,-0.21410714285714272,28,-475.26
vpin_raw,>=0.8087(q0.7),21,0.47619047619047616,-0.22238095238095235,-365.27000000000004,6,35.604070494019226,-0.2323958333333333,48,-823.4499999999999
vpin_raw,<0.8087(q0.7),48,0.3958333333333333,-0.2323958333333333,-823.4499999999999,10,32.640271567059436,-0.22238095238095235,21,-365.27000000000004
vpin_raw,>=0.8219(q0.8),14,0.5714285714285714,-0.10821428571428582,-141.82,5,37.22453841572364,-0.26018181818181807,55,-1046.9
vpin_raw,<0.8219(q0.8),55,0.38181818181818183,-0.26018181818181807,-1046.9,10,29.637207765992592,-0.10821428571428582,14,-141.82
vpin_score,==0.0,47,0.40425531914893614,-0.22159574468085103,-773.4499999999999,10,31.863031448812034,-0.2459090909090909,22,-415.27000000000004
vpin_score,==1.0,10,0.3,-0.39100000000000007,-288.26,6,24.28363283147159,-0.20194915254237272,59,-900.46
vpin_score,==-1.0,12,0.5833333333333334,-0.125,-127.00999999999999,4,44.00440044004401,-0.25131578947368427,57,-1061.71
vwap_distance_pct,>=-0.9099(q0.2),49,0.42857142857142855,-0.20642857142857146,-733.8800000000001,10,32.327735832682464,-0.16230769230769226,13,-141.17999999999998
vwap_distance_pct,<-0.9099(q0.2),13,0.5384615384615384,-0.16230769230769226,-141.17999999999998,5,35.415781272134865,-0.20642857142857146,49,-733.8800000000001
vwap_distance_pct,>=-0.8401(q0.3),43,0.3953488372093023,-0.22662790697674412,-723.81,10,27.70101975851939,-0.1305263157894737,19,-151.24999999999997
vwap_distance_pct,<-0.8401(q0.3),19,0.5789473684210527,-0.1305263157894737,-151.24999999999997,6,37.25227238861571,-0.22662790697674412,43,-723.81
vwap_distance_pct,>=-0.4879(q0.4),37,0.43243243243243246,-0.18378378378378368,-567.3699999999999,9,32.338568176215546,-0.21700000000000008,25,-307.69
vwap_distance_pct,<-0.4879(q0.4),25,0.48,-0.21700000000000008,-307.69,6,38.96989575552885,-0.18378378378378368,37,-567.3699999999999
vwap_distance_pct,>=-0.4121(q0.5),31,0.41935483870967744,-0.2296774193548386,-501.01,9,35.781789009225825,-0.1646774193548387,31,-374.05
vwap_distance_pct,<-0.4121(q0.5),31,0.4838709677419355,-0.1646774193548387,-374.05,7,35.074407544951775,-0.2296774193548386,31,-501.01
vwap_distance_pct,>=-0.3032(q0.6),25,0.44,-0.22900000000000004,-351.47,9,22.494285453049283,-0.1756756756756757,37,-523.5899999999999
vwap_distance_pct,<-0.3032(q0.6),37,0.4594594594594595,-0.1756756756756757,-523.5899999999999,7,36.336549117930275,-0.22900000000000004,25,-351.47
vwap_distance_pct,>=-0.2662(q0.7),19,0.47368421052631576,-0.21815789473684216,-249.57999999999998,8,27.345758354755784,-0.1879069767441861,43,-625.4800000000001
vwap_distance_pct,<-0.2662(q0.7),43,0.4418604651162791,-0.1879069767441861,-625.4800000000001,7,51.68020849302469,-0.21815789473684216,19,-249.57999999999998
vwap_distance_pct,>=-0.0733(q0.8),13,0.5384615384615384,-0.20115384615384624,-115.21000000000001,5,31.234105516252836,-0.1961224489795918,49,-759.85
vwap_distance_pct,<-0.0733(q0.8),49,0.42857142857142855,-0.1961224489795918,-759.85,9,38.48335021147316,-0.20115384615384624,13,-115.21000000000001
vwap_score,==-1.0,22,0.4090909090909091,-0.2220454545454545,-396.45000000000005,7,26.412413943831275,-0.23276595744680845,47,-792.2699999999999
vwap_score,==0.0,46,0.41304347826086957,-0.24282608695652158,-807.2099999999999,10,26.304290184016548,-0.2023913043478261,23,-381.51000000000005
vwap_signal,==1,12,0.5,-0.24291666666666678,-136.14999999999998,3,55.086301872934264,-0.22649122807017558,57,-1052.57
vwap_signal,==0,28,0.35714285714285715,-0.3048214285714284,-725.0099999999999,6,32.29338923683902,-0.17780487804878048,41,-463.71000000000004
vwap_signal,==1,10,0.3,-0.197,-260.3,4,37.601120099564405,-0.23483050847457626,59,-928.4200000000001
vwap_signal,==0,18,0.5,-0.1463888888888889,-82.19999999999999,5,39.59167333867094,-0.25862745098039214,51,-1106.52
vwap_stretch_score,==2.0,22,0.4090909090909091,-0.2220454545454545,-396.45000000000005,7,26.412413943831275,-0.23276595744680845,47,-792.2699999999999
vwap_stretch_score,==1.0,20,0.45,-0.172,-231.37000000000003,8,48.69361974456719,-0.2527551020408163,49,-957.35
vwap_stretch_score,==0.0,24,0.3333333333333333,-0.34416666666666657,-593.95,9,30.044752708905936,-0.1681111111111112,45,-594.77
vwap_total,==2.0,22,0.4090909090909091,-0.2220454545454545,-396.45000000000005,7,26.412413943831275,-0.23276595744680845,47,-792.2699999999999
vwap_total,==1.0,20,0.45,-0.172,-231.37000000000003,8,48.69361974456719,-0.2527551020408163,49,-957.35
vwap_total,==0.0,24,0.3333333333333333,-0.34416666666666657,-593.95,9,30.044752708905936,-0.1681111111111112,45,-594.77
z_score,>=0.2938(q0.2),55,0.509090909090909,-0.2225454545454545,-730.3700000000001,9,30.97617295029897,-0.2560714285714286,14,-458.34999999999997
z_score,<0.2938(q0.2),14,0.07142857142857142,-0.2560714285714286,-458.34999999999997,5,37.015381258863314,-0.2225454545454545,55,-730.3700000000001
z_score,>=0.5286(q0.3),48,0.5416666666666666,-0.21239583333333334,-574.91,9,32.646154949956355,-0.26809523809523816,21,-613.8100000000001
z_score,<0.5286(q0.3),21,0.14285714285714285,-0.26809523809523816,-613.8100000000001,6,27.640475065574037,-0.21239583333333334,48,-574.91
z_score,>=0.6232(q0.4),41,0.5365853658536586,-0.22999999999999998,-533.94,9,35.56577473228942,-0.22839285714285712,28,-654.78
z_score,<0.6232(q0.4),28,0.25,-0.22839285714285712,-654.78,8,25.910993005284215,-0.22999999999999998,41,-533.94
z_score,>=0.755(q0.5),35,0.5142857142857142,-0.26042857142857145,-505.31,9,34.97044110959527,-0.19735294117647056,34,-683.41
z_score,<0.755(q0.5),34,0.3235294117647059,-0.19735294117647056,-683.41,9,23.008801551459914,-0.26042857142857145,35,-505.31
z_score,>=0.8539(q0.6),28,0.5714285714285714,-0.20892857142857135,-321.95000000000005,8,49.083305821503245,-0.2432926829268292,41,-866.77
z_score,<0.8539(q0.6),41,0.3170731707317073,-0.2432926829268292,-866.77,9,27.51403777437468,-0.20892857142857135,28,-321.95000000000005
z_score,>=0.9635(q0.7),21,0.5714285714285714,-0.21642857142857153,-202.17000000000002,7,44.91875114113566,-0.23500000000000004,48,-986.5500000000001
z_score,<0.9635(q0.7),48,0.3541666666666667,-0.23500000000000004,-986.5500000000001,10,21.7875355923203,-0.21642857142857153,21,-202.17000000000002
z_score,>=1.06(q0.8),14,0.5714285714285714,-0.21892857142857158,-171.04999999999998,6,32.794322418362306,-0.23199999999999998,55,-1017.6700000000001
z_score,<1.06(q0.8),55,0.38181818181818183,-0.23199999999999998,-1017.6700000000001,10,23.72644190826009,-0.21892857142857158,14,-171.04999999999998
