logged_at,logged_at_parsed,contract_ticker,side,would_win,would_pnl,p_up_v3_backfill,v3_agree_backfill
2026-06-17 00:05:51+00:00,2026-06-17 00:05:51+00:00,KXBTCD-26JUN1621-T65799.99,no,True,10.24,0.5501320838611428,0
2026-06-17 02:02:03+00:00,2026-06-17 02:02:03+00:00,KXBTCD-26JUN1623-T65999.99,no,True,14.94,0.46925454806099176,1
2026-06-17 02:07:04+00:00,2026-06-17 02:07:04+00:00,KXBTCD-26JUN1623-T65899.99,no,True,19.44,0.46925454806099176,1
2026-06-17 02:23:07+00:00,2026-06-17 02:23:07+00:00,KXBTCD-26JUN1623-T66099.99,no,True,14.94,0.46925454806099176,1
2026-06-17 02:23:07+00:00,2026-06-17 02:23:07+00:00,KXBTCD-26JUN1623-T66099.99,no,True,14.94,0.46925454806099176,1
2026-06-17 03:06:40+00:00,2026-06-17 03:06:40+00:00,KXBTCD-26JUN1700-T65899.99,no,True,19.44,0.4814548167252092,1
2026-06-17 03:06:40+00:00,2026-06-17 03:06:40+00:00,KXBTCD-26JUN1700-T65899.99,no,True,19.44,0.4814548167252092,1
2026-06-17 03:42:39+00:00,2026-06-17 03:42:39+00:00,KXBTCD-26JUN1700-T65799.99,no,True,31.97,0.4814548167252092,1
2026-06-17 04:00:22+00:00,2026-06-17 04:00:22+00:00,KXBTCD-26JUN1701-T65999.99,no,True,8.82,0.4978080323566525,1
2026-06-17 04:08:12+00:00,2026-06-17 04:08:12+00:00,KXBTCD-26JUN1701-T65899.99,no,True,14.94,0.4978080323566525,1
2026-06-17 04:19:54+00:00,2026-06-17 04:19:54+00:00,KXBTCD-26JUN1701-T65799.99,no,False,-50.0,0.4978080323566525,1
2026-06-17 05:00:24+00:00,2026-06-17 05:00:24+00:00,KXBTCD-26JUN1702-T65999.99,no,True,10.98,0.49110003371673683,1
2026-06-17 05:06:32+00:00,2026-06-17 05:06:32+00:00,KXBTCD-26JUN1702-T65899.99,no,True,29.37,0.49110003371673683,1
2026-06-17 05:11:57+00:00,2026-06-17 05:11:57+00:00,KXBTCD-26JUN1702-T65799.99,no,True,25.76,0.49110003371673683,1
2026-06-17 06:00:33+00:00,2026-06-17 06:00:33+00:00,KXBTCD-26JUN1703-T65899.99,no,True,13.29,0.5531491383647694,0
2026-06-17 06:26:15+00:00,2026-06-17 06:26:15+00:00,KXBTCD-26JUN1703-T65799.99,no,True,17.57,0.5531491383647694,0
2026-06-17 06:34:33+00:00,2026-06-17 06:34:33+00:00,KXBTCD-26JUN1703-T65699.99,no,True,28.12,0.5531491383647694,0
2026-06-17 07:10:58+00:00,2026-06-17 07:10:58+00:00,KXBTCD-26JUN1704-T65799.99,no,True,6.7,0.5588130448177353,0
2026-06-17 07:16:39+00:00,2026-06-17 07:16:39+00:00,KXBTCD-26JUN1704-T65699.99,no,True,20.75,0.5588130448177353,0
2026-06-17 08:00:02+00:00,2026-06-17 08:00:02+00:00,KXBTCD-26JUN1705-T65599.99,no,True,5.53,0.5496030812062345,0
2026-06-17 08:08:54+00:00,2026-06-17 08:08:54+00:00,KXBTCD-26JUN1705-T65499.99,no,True,20.42,0.5496030812062345,0
2026-06-17 09:26:51+00:00,2026-06-17 09:26:51+00:00,KXBTCD-26JUN1706-T65199.99,no,True,4.24,0.5571737975381826,0
2026-06-17 11:24:42+00:00,2026-06-17 11:24:42+00:00,KXBTCD-26JUN1708-T64599.99,yes,True,56.38,0.5724635862410146,1
2026-06-17 12:00:39+00:00,2026-06-17 12:00:39+00:00,KXBTCD-26JUN1709-T64899.99,no,False,-50.0,0.5110549083437796,0
2026-06-17 12:21:08+00:00,2026-06-17 12:21:08+00:00,KXBTCD-26JUN1709-T64799.99,no,False,-50.0,0.5110549083437796,0
2026-06-17 13:02:42+00:00,2026-06-17 13:02:42+00:00,KXBTCD-26JUN1710-T65299.99,no,True,7.47,0.4765872996816949,1
2026-06-17 13:11:05+00:00,2026-06-17 13:11:05+00:00,KXBTCD-26JUN1710-T65199.99,no,False,-50.0,0.4765872996816949,1
2026-06-17 13:16:05+00:00,2026-06-17 13:16:05+00:00,KXBTCD-26JUN1710-T65099.99,no,False,-50.0,0.4765872996816949,1
2026-06-17 14:01:09+00:00,2026-06-17 14:01:09+00:00,KXBTCD-26JUN1711-T65399.99,no,True,15.79,0.5029718778845805,0
2026-06-17 14:10:58+00:00,2026-06-17 14:10:58+00:00,KXBTCD-26JUN1711-T65299.99,no,True,30.65,0.5029718778845805,0
2026-06-17 14:17:58+00:00,2026-06-17 14:17:58+00:00,KXBTCD-26JUN1711-T65499.99,no,True,14.1,0.5029718778845805,0
2026-06-17 17:02:50+00:00,2026-06-17 17:02:50+00:00,KXBTCD-26JUN1714-T66099.99,no,True,12.5,0.5438836902282316,0
2026-06-17 17:08:31+00:00,2026-06-17 17:08:31+00:00,KXBTCD-26JUN1714-T65999.99,no,False,-50.0,0.5438836902282316,0
2026-06-17 17:16:17+00:00,2026-06-17 17:16:17+00:00,KXBTCD-26JUN1714-T65899.99,no,False,-50.0,0.5438836902282316,0
2026-06-17 20:51:12+00:00,2026-06-17 20:51:12+00:00,KXBTCD-26JUN1717-T64249.99,no,False,-24.98,0.5249799839712954,0
2026-06-17 21:41:51+00:00,2026-06-17 21:41:51+00:00,KXBTCD-26JUN1718-T64299.99,no,True,31.61,0.5219943436597126,0
2026-06-17 21:53:22+00:00,2026-06-17 21:53:22+00:00,KXBTCD-26JUN1718-T64199.99,no,False,-44.16,0.5219943436597126,0
2026-06-18 09:03:27+00:00,2026-06-18 09:03:27+00:00,KXBTCD-26JUN1806-T64499.99,no,True,23.46,0.5399389433227627,0
2026-06-18 09:08:45+00:00,2026-06-18 09:08:45+00:00,KXBTCD-26JUN1806-T64399.99,no,True,44.93,0.5399389433227627,0
2026-06-18 09:17:22+00:00,2026-06-18 09:17:22+00:00,KXBTCD-26JUN1806-T64599.99,no,True,14.94,0.5399389433227627,0
2026-06-18 10:01:43+00:00,2026-06-18 10:01:43+00:00,KXBTCD-26JUN1807-T64299.99,no,True,19.05,0.5351694098392706,0
2026-06-18 10:13:47+00:00,2026-06-18 10:13:47+00:00,KXBTCD-26JUN1807-T64099.99,no,True,28.21,0.5351694098392706,0
2026-06-18 10:19:44+00:00,2026-06-18 10:19:44+00:00,KXBTCD-26JUN1807-T63999.99,no,False,-100.0,0.5351694098392706,0
2026-06-18 11:04:25+00:00,2026-06-18 11:04:25+00:00,KXBTCD-26JUN1808-T64299.99,no,True,20.48,0.47351753563132504,1
2026-06-18 11:09:26+00:00,2026-06-18 11:09:26+00:00,KXBTCD-26JUN1808-T64199.99,no,True,36.99,0.47351753563132504,1
2026-06-18 11:14:49+00:00,2026-06-18 11:14:49+00:00,KXBTCD-26JUN1808-T64099.99,no,True,42.86,0.47351753563132504,1
2026-06-18 12:00:04+00:00,2026-06-18 12:00:04+00:00,KXBTCD-26JUN1809-T64099.99,no,False,-92.15,0.5156390661541241,0
2026-06-18 12:05:05+00:00,2026-06-18 12:05:05+00:00,KXBTCD-26JUN1809-T64199.99,no,False,-100.0,0.5156390661541241,0
2026-06-18 12:11:11+00:00,2026-06-18 12:11:11+00:00,KXBTCD-26JUN1809-T63999.99,no,False,-100.0,0.5156390661541241,0
2026-06-18 13:00:08+00:00,2026-06-18 13:00:08+00:00,KXBTCD-26JUN1810-T64499.99,no,True,26.58,0.46968572101797434,1
2026-06-18 13:07:15+00:00,2026-06-18 13:07:15+00:00,KXBTCD-26JUN1810-T64599.99,no,True,19.05,0.46968572101797434,1
2026-06-18 13:12:50+00:00,2026-06-18 13:12:50+00:00,KXBTCD-26JUN1810-T64399.99,no,True,66.67,0.46968572101797434,1
2026-06-18 14:00:08+00:00,2026-06-18 14:00:08+00:00,KXBTCD-26JUN1811-T64199.99,no,True,23.46,0.5223967716070596,0
2026-06-18 14:06:45+00:00,2026-06-18 14:06:45+00:00,KXBTCD-26JUN1811-T64099.99,no,True,26.58,0.5223967716070596,0
2026-06-18 14:11:47+00:00,2026-06-18 14:11:47+00:00,KXBTCD-26JUN1811-T63999.99,no,True,28.21,0.5223967716070596,0
2026-06-18 23:49:10+00:00,2026-06-18 23:49:10+00:00,KXBTCD-26JUN1821-T62999.99,no,True,19.53,0.4948575910489238,1
2026-06-19 01:26:21+00:00,2026-06-19 01:26:21+00:00,KXBTCD-26JUN1822-T62999.99,no,True,11.64,0.5611336516992349,0
2026-06-19 01:49:59+00:00,2026-06-19 01:49:59+00:00,KXBTCD-26JUN1822-T62899.99,no,False,-25.32,0.5611336516992349,0
2026-06-19 02:00:55+00:00,2026-06-19 02:00:55+00:00,KXBTCD-26JUN1823-T63099.99,no,True,13.05,0.4800864302782132,1
2026-06-19 02:13:31+00:00,2026-06-19 02:13:31+00:00,KXBTCD-26JUN1823-T62999.99,no,True,21.03,0.4800864302782132,1
2026-06-19 03:00:58+00:00,2026-06-19 03:00:58+00:00,KXBTCD-26JUN1900-T63099.99,no,True,18.23,0.46994526012948473,1
2026-06-19 03:08:00+00:00,2026-06-19 03:08:00+00:00,KXBTCD-26JUN1900-T62899.99,no,True,31.86,0.46994526012948473,1
2026-06-19 04:00:23+00:00,2026-06-19 04:00:23+00:00,KXBTCD-26JUN1901-T62899.99,no,True,23.46,0.4915362985330502,1
2026-06-19 04:06:10+00:00,2026-06-19 04:06:10+00:00,KXBTCD-26JUN1901-T62799.99,no,True,28.21,0.4915362985330502,1
2026-06-19 05:02:02+00:00,2026-06-19 05:02:02+00:00,KXBTCD-26JUN1902-T62699.99,no,True,12.5,0.5711538782099097,0
2026-06-19 05:18:30+00:00,2026-06-19 05:18:30+00:00,KXBTCD-26JUN1902-T62599.99,no,False,-28.97,0.5711538782099097,0
2026-06-19 06:06:43+00:00,2026-06-19 06:06:43+00:00,KXBTCD-26JUN1903-T62899.99,no,True,19.37,0.4553858337594923,1
2026-06-19 06:12:03+00:00,2026-06-19 06:12:03+00:00,KXBTCD-26JUN1903-T62799.99,no,False,-55.0,0.4553858337594923,1
2026-06-19 07:00:59+00:00,2026-06-19 07:00:59+00:00,KXBTCD-26JUN1904-T62999.99,no,True,23.68,0.46925209454800426,1
2026-06-19 07:06:43+00:00,2026-06-19 07:06:43+00:00,KXBTCD-26JUN1904-T62899.99,no,True,28.21,0.46925209454800426,1
2026-06-19 08:00:45+00:00,2026-06-19 08:00:45+00:00,KXBTCD-26JUN1905-T62699.99,no,True,17.11,0.49263982040508014,1
2026-06-19 08:10:54+00:00,2026-06-19 08:10:54+00:00,KXBTCD-26JUN1905-T62599.99,no,True,20.05,0.49263982040508014,1
2026-06-19 09:02:24+00:00,2026-06-19 09:02:24+00:00,KXBTCD-26JUN1906-T62699.99,no,True,12.6,0.5165302030716165,0
2026-06-19 09:09:40+00:00,2026-06-19 09:09:40+00:00,KXBTCD-26JUN1906-T62599.99,no,True,20.18,0.5165302030716165,0
2026-06-19 10:09:09+00:00,2026-06-19 10:09:09+00:00,KXBTCD-26JUN1907-T62599.99,no,True,15.72,0.552161758041888,0
2026-06-19 10:15:45+00:00,2026-06-19 10:15:45+00:00,KXBTCD-26JUN1907-T62499.99,no,True,23.11,0.552161758041888,0
2026-06-19 11:15:41+00:00,2026-06-19 11:15:41+00:00,KXBTCD-26JUN1908-T62499.99,no,False,-27.75,0.48480121099930124,1
2026-06-19 11:24:57+00:00,2026-06-19 11:24:57+00:00,KXBTCD-26JUN1908-T62699.99,no,True,26.01,0.48480121099930124,1
2026-06-19 12:06:36+00:00,2026-06-19 12:06:36+00:00,KXBTCD-26JUN1909-T62699.99,no,False,-45.47,0.5141029160552378,0
2026-06-19 12:15:31+00:00,2026-06-19 12:15:31+00:00,KXBTCD-26JUN1909-T62599.99,no,False,-44.25,0.5141029160552378,0
2026-06-19 13:02:38+00:00,2026-06-19 13:02:38+00:00,KXBTCD-26JUN1910-T62999.99,no,False,-91.12,0.4857851623907802,1
2026-06-19 13:22:32+00:00,2026-06-19 13:22:32+00:00,KXBTCD-26JUN1910-T62799.99,no,False,-63.08,0.4857851623907802,1
2026-06-19 14:49:54+00:00,2026-06-19 14:49:54+00:00,KXBTCD-26JUN1911-T63299.99,no,True,17.89,0.47904969683863685,1
2026-06-19 15:15:36+00:00,2026-06-19 15:15:36+00:00,KXBTCD-26JUN1912-T63199.99,no,True,12.9,0.5291454547082224,0
2026-06-19 15:23:15+00:00,2026-06-19 15:23:15+00:00,KXBTCD-26JUN1912-T63099.99,no,False,-53.86,0.5291454547082224,0
2026-06-19 16:00:40+00:00,2026-06-19 16:00:40+00:00,KXBTCD-26JUN1913-T63299.99,no,True,26.02,0.4859427180524524,1
2026-06-19 16:09:56+00:00,2026-06-19 16:09:56+00:00,KXBTCD-26JUN1913-T63099.99,no,True,28.37,0.4859427180524524,1
2026-06-19 17:34:07+00:00,2026-06-19 17:34:07+00:00,KXBTCD-26JUN1914-T62999.99,no,False,-9.5,0.5350478598724006,0
2026-06-19 17:50:12+00:00,2026-06-19 17:50:12+00:00,KXBTCD-26JUN1914-T63199.99,no,True,17.47,0.5350478598724006,0
2026-06-19 18:00:31+00:00,2026-06-19 18:00:31+00:00,KXBTCD-26JUN1915-T63199.99,no,True,25.96,0.463757042845543,1
2026-06-19 18:27:34+00:00,2026-06-19 18:27:34+00:00,KXBTCD-26JUN1915-T63099.99,no,True,20.2,0.463757042845543,1
2026-06-19 19:02:20+00:00,2026-06-19 19:02:20+00:00,KXBTCD-26JUN1916-T63099.99,no,True,20.53,0.47912690173922906,1
2026-06-19 19:11:47+00:00,2026-06-19 19:11:47+00:00,KXBTCD-26JUN1916-T62999.99,no,True,17.58,0.47912690173922906,1
2026-06-19 19:34:22+00:00,2026-06-19 19:34:22+00:00,KXBTCD-26JUN1917-T62999.99,no,False,-42.41,0.47912690173922906,1
2026-06-19 21:01:06+00:00,2026-06-19 21:01:06+00:00,KXBTCD-26JUN1918-T63299.99,no,True,24.39,0.46210930136448347,1
2026-06-19 21:08:30+00:00,2026-06-19 21:08:30+00:00,KXBTCD-26JUN1918-T63199.99,no,True,25.72,0.46210930136448347,1
2026-06-19 22:00:06+00:00,2026-06-19 22:00:06+00:00,KXBTCD-26JUN1919-T63099.99,no,False,-40.38,0.5361615761890143,0
2026-06-19 22:17:01+00:00,2026-06-19 22:17:01+00:00,KXBTCD-26JUN1919-T63199.99,no,False,-100.0,0.5361615761890143,0
2026-06-20 00:05:44+00:00,2026-06-20 00:05:44+00:00,KXBTCD-26JUN1921-T63599.99,no,True,21.92,0.39415842520516714,1
2026-06-20 04:19:43+00:00,2026-06-20 04:19:43+00:00,KXBTCD-26JUN2001-T63499.99,no,False,-30.23,0.512894269807232,0
2026-06-20 05:01:21+00:00,2026-06-20 05:01:21+00:00,KXBTCD-26JUN2002-T63599.99,no,False,-54.38,0.43788759748783984,1
2026-06-20 06:08:53+00:00,2026-06-20 06:08:53+00:00,KXBTCD-26JUN2003-T63699.99,no,True,21.74,0.4279409165868434,1
2026-06-20 07:16:12+00:00,2026-06-20 07:16:12+00:00,KXBTCD-26JUN2004-T63699.99,no,True,14.12,0.4116953496308334,1
2026-06-20 07:25:23+00:00,2026-06-20 07:25:23+00:00,KXBTCD-26JUN2004-T63799.99,no,True,13.13,0.4116953496308334,1
2026-06-20 08:01:28+00:00,2026-06-20 08:01:28+00:00,KXBTCD-26JUN2005-T63699.99,no,True,20.48,0.46936435884968586,1
2026-06-20 08:14:41+00:00,2026-06-20 08:14:41+00:00,KXBTCD-26JUN2005-T63599.99,no,True,10.9,0.46936435884968586,1
2026-06-20 09:00:27+00:00,2026-06-20 09:00:27+00:00,KXBTCD-26JUN2006-T63499.99,no,False,-44.33,0.5622715381476284,0
2026-06-20 10:07:47+00:00,2026-06-20 10:07:47+00:00,KXBTCD-26JUN2007-T63799.99,no,True,11.86,0.4021850002228448,1
2026-06-20 10:20:35+00:00,2026-06-20 10:20:35+00:00,KXBTCD-26JUN2007-T63699.99,no,True,18.32,0.4021850002228448,1
2026-06-20 11:04:50+00:00,2026-06-20 11:04:50+00:00,KXBTCD-26JUN2008-T63699.99,no,True,13.28,0.496939648144043,1
2026-06-20 12:08:10+00:00,2026-06-20 12:08:10+00:00,KXBTCD-26JUN2009-T63799.99,no,True,11.37,0.5122454583930286,0
2026-06-20 12:16:56+00:00,2026-06-20 12:16:56+00:00,KXBTCD-26JUN2009-T63699.99,no,True,30.04,0.5122454583930286,0
2026-06-20 13:07:17+00:00,2026-06-20 13:07:17+00:00,KXBTCD-26JUN2010-T63699.99,no,True,13.78,0.5310564932061156,0
2026-06-20 14:20:08+00:00,2026-06-20 14:20:08+00:00,KXBTCD-26JUN2011-T63199.99,yes,True,8.78,0.5667281089036834,1
2026-06-20 21:03:16+00:00,2026-06-20 21:03:16+00:00,KXBTCD-26JUN2018-T63999.99,no,True,15.73,0.47006423798504954,1
2026-06-20 22:18:53+00:00,2026-06-20 22:18:53+00:00,KXBTCD-26JUN2019-T64099.99,no,False,-54.51,0.44069851786484937,1
2026-06-20 23:42:40+00:00,2026-06-20 23:42:40+00:00,KXBTCD-26JUN2020-T64199.99,no,False,-13.7,0.41525003057372273,1
2026-06-21 00:04:45+00:00,2026-06-21 00:04:45+00:00,KXBTCD-26JUN2021-T64299.99,no,True,20.4,0.4397864159466792,1
2026-06-21 01:07:01+00:00,2026-06-21 01:07:01+00:00,KXBTCD-26JUN2022-T64299.99,no,True,18.35,0.4800477642890389,1
2026-06-21 01:41:51+00:00,2026-06-21 01:41:51+00:00,KXBTCD-26JUN2022-T64199.99,no,True,10.19,0.4800477642890389,1
2026-06-21 02:33:12+00:00,2026-06-21 02:33:12+00:00,KXBTCD-26JUN2023-T64199.99,no,True,12.12,0.4934368648833931,1
2026-06-21 03:15:23+00:00,2026-06-21 03:15:23+00:00,KXBTCD-26JUN2100-T64299.99,no,False,-33.71,0.49971853537840893,1
2026-06-21 03:40:37+00:00,2026-06-21 03:40:37+00:00,KXBTCD-26JUN2100-T64399.99,no,True,12.08,0.49971853537840893,1
2026-06-21 04:07:34+00:00,2026-06-21 04:07:34+00:00,KXBTCD-26JUN2101-T64399.99,no,True,12.28,0.4284555513865848,1
2026-06-21 04:21:42+00:00,2026-06-21 04:21:42+00:00,KXBTCD-26JUN2101-T64499.99,no,True,10.38,0.4284555513865848,1
2026-06-21 08:00:42+00:00,2026-06-21 08:00:42+00:00,KXBTCD-26JUN2105-T64199.99,no,True,12.69,0.5291578804702594,0
2026-06-21 08:18:45+00:00,2026-06-21 08:18:45+00:00,KXBTCD-26JUN2105-T64099.99,no,True,10.91,0.5291578804702594,0
2026-06-21 09:02:44+00:00,2026-06-21 09:02:44+00:00,KXBTCD-26JUN2106-T63999.99,no,False,-32.5,0.5445710442327963,0
2026-06-21 10:19:11+00:00,2026-06-21 10:19:11+00:00,KXBTCD-26JUN2107-T64299.99,no,True,9.57,0.4936402994364497,1
2026-06-21 10:40:20+00:00,2026-06-21 10:40:20+00:00,KXBTCD-26JUN2107-T64199.99,no,False,-21.65,0.4936402994364497,1
2026-06-21 12:42:38+00:00,2026-06-21 12:42:38+00:00,KXBTCD-26JUN2109-T63999.99,yes,True,15.73,0.5788348333348777,1
2026-06-21 13:11:12+00:00,2026-06-21 13:11:12+00:00,KXBTCD-26JUN2110-T64299.99,no,True,17.65,0.45279742393658856,1
2026-06-21 13:16:52+00:00,2026-06-21 13:16:52+00:00,KXBTCD-26JUN2110-T64199.99,no,True,17.01,0.45279742393658856,1
2026-06-21 14:12:38+00:00,2026-06-21 14:12:38+00:00,KXBTCD-26JUN2111-T64099.99,no,True,10.07,0.46987106692784814,1
2026-06-21 16:02:42+00:00,2026-06-21 16:02:42+00:00,KXBTCD-26JUN2113-T64299.99,no,True,17.45,0.5074238195037291,0
2026-06-21 16:11:11+00:00,2026-06-21 16:11:11+00:00,KXBTCD-26JUN2113-T64199.99,no,True,12.53,0.5074238195037291,0
2026-06-21 17:30:41+00:00,2026-06-21 17:30:41+00:00,KXBTCD-26JUN2114-T64099.99,no,True,13.21,0.5369081761958591,0
2026-06-21 18:02:05+00:00,2026-06-21 18:02:05+00:00,KXBTCD-26JUN2115-T64099.99,no,False,-41.4,0.4754554767537938,1
2026-06-21 18:13:08+00:00,2026-06-21 18:13:08+00:00,KXBTCD-26JUN2115-T63999.99,yes,True,40.73,0.4754554767537938,0
2026-06-21 20:04:54+00:00,2026-06-21 20:04:54+00:00,KXBTCD-26JUN2117-T64249.99,no,True,17.03,0.49459342028524783,1
2026-06-21 22:01:55+00:00,2026-06-21 22:01:55+00:00,KXBTCD-26JUN2119-T63899.99,no,True,18.19,0.5775234789560766,0
2026-06-21 22:08:01+00:00,2026-06-21 22:08:01+00:00,KXBTCD-26JUN2119-T63799.99,no,True,19.18,0.5775234789560766,0
2026-06-21 23:00:49+00:00,2026-06-21 23:00:49+00:00,KXBTCD-26JUN2120-T63799.99,no,True,29.98,0.5042596395121259,0
2026-06-21 23:10:46+00:00,2026-06-21 23:10:46+00:00,KXBTCD-26JUN2120-T63699.99,no,True,35.26,0.5042596395121259,0
2026-06-22 00:01:50+00:00,2026-06-22 00:01:50+00:00,KXBTCD-26JUN2121-T63499.99,no,False,-25.98,0.5691549460435753,0
2026-06-22 00:09:18+00:00,2026-06-22 00:09:18+00:00,KXBTCD-26JUN2121-T63599.99,no,False,-53.34,0.5691549460435753,0
2026-06-22 01:00:37+00:00,2026-06-22 01:00:37+00:00,KXBTCD-26JUN2122-T63999.99,no,False,-25.37,0.5134494985548205,0
2026-06-22 01:06:59+00:00,2026-06-22 01:06:59+00:00,KXBTCD-26JUN2122-T64099.99,no,False,-42.53,0.5134494985548205,0
2026-06-22 04:03:59+00:00,2026-06-22 04:03:59+00:00,KXBTCD-26JUN2201-T64099.99,no,True,16.76,0.5373228465309838,0
2026-06-22 05:08:29+00:00,2026-06-22 05:08:29+00:00,KXBTCD-26JUN2202-T64299.99,no,True,16.29,0.45572088776778136,1
2026-06-22 06:06:41+00:00,2026-06-22 06:06:41+00:00,KXBTCD-26JUN2203-T64199.99,no,True,13.66,0.5069151082673372,0
2026-06-22 06:14:29+00:00,2026-06-22 06:14:29+00:00,KXBTCD-26JUN2203-T64299.99,no,True,13.11,0.5069151082673372,0
2026-06-22 07:03:22+00:00,2026-06-22 07:03:22+00:00,KXBTCD-26JUN2204-T64099.99,no,False,-49.99,0.5451030558186273,0
2026-06-22 19:16:05+00:00,2026-06-22 19:16:05+00:00,KXBTCD-26JUN2217-T64499.99,no,True,13.19,0.5514623410916483,0
2026-06-22 19:17:19+00:00,2026-06-22 19:17:19+00:00,KXBTCD-26JUN2216-T64399.99,no,False,-41.36,0.5514623410916483,0
2026-06-22 20:05:01+00:00,2026-06-22 20:05:01+00:00,KXBTCD-26JUN2217-T64749.99,no,True,12.53,0.4716849000678198,1
2026-06-23 00:00:32+00:00,2026-06-23 00:00:32+00:00,KXBTCD-26JUN2221-T64099.99,no,True,19.86,0.5326666023994001,0
2026-06-23 01:02:49+00:00,2026-06-23 01:02:49+00:00,KXBTCD-26JUN2222-T63999.99,yes,True,5.5,0.4700745510014146,0
2026-06-23 01:07:42+00:00,2026-06-23 01:07:42+00:00,KXBTCD-26JUN2222-T64199.99,no,True,12.73,0.4700745510014146,1
2026-06-23 02:01:30+00:00,2026-06-23 02:01:30+00:00,KXBTCD-26JUN2223-T63999.99,yes,True,20.83,0.47195808129220745,0
2026-06-23 02:08:57+00:00,2026-06-23 02:08:57+00:00,KXBTCD-26JUN2223-T64099.99,no,False,-39.66,0.47195808129220745,1
2026-06-23 02:15:19+00:00,2026-06-23 02:15:19+00:00,KXBTCD-26JUN2223-T64199.99,no,True,25.36,0.47195808129220745,1
2026-06-23 03:00:59+00:00,2026-06-23 03:00:59+00:00,KXBTCD-26JUN2300-T64299.99,no,True,16.28,0.49456812653704846,1
2026-06-23 03:46:19+00:00,2026-06-23 03:46:19+00:00,KXBTCD-26JUN2300-T63999.99,no,True,29.37,0.49456812653704846,1
2026-06-23 04:00:33+00:00,2026-06-23 04:00:33+00:00,KXBTCD-26JUN2301-T64199.99,no,True,16.28,0.46588120126936305,1
2026-06-23 04:06:40+00:00,2026-06-23 04:06:40+00:00,KXBTCD-26JUN2301-T64099.99,no,True,10.12,0.46588120126936305,1
2026-06-23 05:15:52+00:00,2026-06-23 05:15:52+00:00,KXBTCD-26JUN2302-T63699.99,no,True,38.36,0.5698828449029378,0
2026-06-23 05:20:54+00:00,2026-06-23 05:20:54+00:00,KXBTCD-26JUN2302-T63599.99,no,True,19.02,0.5698828449029378,0
2026-06-23 06:05:52+00:00,2026-06-23 06:05:52+00:00,KXBTCD-26JUN2303-T63399.99,no,True,18.0,0.5463700949518314,0
2026-06-23 07:04:17+00:00,2026-06-23 07:04:17+00:00,KXBTCD-26JUN2304-T63099.99,no,True,15.1,0.547297768514363,0
2026-06-23 07:33:56+00:00,2026-06-23 07:33:56+00:00,KXBTCD-26JUN2304-T62999.99,no,True,14.07,0.547297768514363,0
2026-06-23 07:45:17+00:00,2026-06-23 07:45:17+00:00,KXBTCD-26JUN2304-T62899.99,no,True,25.59,0.547297768514363,0
2026-06-23 09:00:06+00:00,2026-06-23 09:00:06+00:00,KXBTCD-26JUN2306-T62499.99,no,True,17.34,0.5567607581892076,0
2026-06-23 10:38:47+00:00,2026-06-23 10:38:47+00:00,KXBTCD-26JUN2307-T62299.99,no,True,29.2,0.5366079551020725,0
2026-06-23 12:02:07+00:00,2026-06-23 12:02:07+00:00,KXBTCD-26JUN2309-T62599.99,no,True,18.34,0.544585106832164,0
2026-06-23 12:22:57+00:00,2026-06-23 12:22:57+00:00,KXBTCD-26JUN2309-T62199.99,no,True,133.28,0.544585106832164,0
2026-06-23 13:39:00+00:00,2026-06-23 13:39:00+00:00,KXBTCD-26JUN2310-T62399.99,no,True,9.89,0.5445943140521631,0
2026-06-23 14:06:17+00:00,2026-06-23 14:06:17+00:00,KXBTCD-26JUN2311-T62699.99,no,True,17.49,0.4927493733741465,1
2026-06-23 14:54:48+00:00,2026-06-23 14:54:48+00:00,KXBTCD-26JUN2311-T62499.99,no,True,11.83,0.4927493733741465,1
2026-06-23 15:02:00+00:00,2026-06-23 15:02:00+00:00,KXBTCD-26JUN2312-T62699.99,no,True,16.5,0.5460656107404976,0
2026-06-23 15:09:33+00:00,2026-06-23 15:09:33+00:00,KXBTCD-26JUN2312-T62499.99,no,True,26.2,0.5460656107404976,0
2026-06-23 16:53:29+00:00,2026-06-23 16:53:29+00:00,KXBTCD-26JUN2313-T62499.99,no,False,-40.37,0.49418410963337506,1
2026-06-23 17:01:18+00:00,2026-06-23 17:01:18+00:00,KXBTCD-26JUN2314-T62599.99,no,True,25.54,0.5260662583310245,0
2026-06-23 17:07:00+00:00,2026-06-23 17:07:00+00:00,KXBTCD-26JUN2314-T62499.99,no,True,18.36,0.5260662583310245,0
2026-06-23 18:00:28+00:00,2026-06-23 18:00:28+00:00,KXBTCD-26JUN2315-T62499.99,no,True,30.94,0.5456998442798975,0
2026-06-23 18:09:49+00:00,2026-06-23 18:09:49+00:00,KXBTCD-26JUN2315-T62399.99,no,True,30.3,0.5456998442798975,0
2026-06-23 19:06:27+00:00,2026-06-23 19:06:27+00:00,KXBTCD-26JUN2316-T62499.99,no,True,9.16,0.506196552329637,0
2026-06-23 19:10:07+00:00,2026-06-23 19:10:07+00:00,KXBTCD-26JUN2317-T62499.99,no,True,23.81,0.506196552329637,0
2026-06-23 20:51:20+00:00,2026-06-23 20:51:20+00:00,KXBTCD-26JUN2318-T62399.99,no,False,-44.14,0.4762483367526107,1
2026-06-23 21:17:55+00:00,2026-06-23 21:17:55+00:00,KXBTCD-26JUN2318-T62499.99,no,False,-44.0,0.5065734373162234,0
2026-06-23 22:00:59+00:00,2026-06-23 22:00:59+00:00,KXBTCD-26JUN2319-T62699.99,no,True,19.05,0.5083946489522644,0
2026-06-23 22:23:52+00:00,2026-06-23 22:23:52+00:00,KXBTCD-26JUN2319-T62599.99,no,True,30.65,0.5083946489522644,0
2026-06-23 23:01:04+00:00,2026-06-23 23:01:04+00:00,KXBTCD-26JUN2320-T62599.99,no,False,-97.23,0.4995529821497369,1
2026-06-23 23:07:01+00:00,2026-06-23 23:07:01+00:00,KXBTCD-26JUN2320-T62499.99,no,False,-40.1,0.4995529821497369,1
2026-06-24 00:01:14+00:00,2026-06-24 00:01:14+00:00,KXBTCD-26JUN2321-T62899.99,no,False,-100.0,0.4648444945273781,1
2026-06-24 07:00:42+00:00,2026-06-24 07:00:42+00:00,KXBTCD-26JUN2404-T62799.99,no,True,18.42,0.5468981457847157,0
2026-06-24 07:06:53+00:00,2026-06-24 07:06:53+00:00,KXBTCD-26JUN2404-T62699.99,no,True,23.43,0.5468981457847157,0
2026-06-24 07:37:43+00:00,2026-06-24 07:37:43+00:00,KXBTCD-26JUN2404-T62599.99,no,True,25.67,0.5468981457847157,0
2026-06-24 08:00:10+00:00,2026-06-24 08:00:10+00:00,KXBTCD-26JUN2405-T62799.99,no,True,16.28,0.5127842599068754,0
2026-06-24 08:07:06+00:00,2026-06-24 08:07:06+00:00,KXBTCD-26JUN2405-T62699.99,no,False,-76.48,0.5127842599068754,0
2026-06-24 09:00:44+00:00,2026-06-24 09:00:44+00:00,KXBTCD-26JUN2406-T62799.99,no,True,17.83,0.4581410136534319,1
2026-06-24 09:23:17+00:00,2026-06-24 09:23:17+00:00,KXBTCD-26JUN2406-T62699.99,no,True,25.81,0.4581410136534319,1
2026-06-24 10:01:24+00:00,2026-06-24 10:01:24+00:00,KXBTCD-26JUN2407-T62699.99,no,True,13.38,0.49941056595453637,1
2026-06-24 10:07:00+00:00,2026-06-24 10:07:00+00:00,KXBTCD-26JUN2407-T62599.99,no,True,21.54,0.49941056595453637,1
2026-06-24 11:05:02+00:00,2026-06-24 11:05:02+00:00,KXBTCD-26JUN2408-T62499.99,no,False,-39.23,0.5574844406641206,0
2026-06-24 11:41:30+00:00,2026-06-24 11:41:30+00:00,KXBTCD-26JUN2408-T62599.99,no,False,-48.04,0.5574844406641206,0
2026-06-24 12:07:54+00:00,2026-06-24 12:07:54+00:00,KXBTCD-26JUN2409-T62899.99,no,True,8.8,0.4658961076397795,1
2026-06-24 12:13:11+00:00,2026-06-24 12:13:11+00:00,KXBTCD-26JUN2409-T62999.99,no,True,8.82,0.4658961076397795,1
2026-06-24 13:00:50+00:00,2026-06-24 13:00:50+00:00,KXBTCD-26JUN2410-T62699.99,no,True,38.89,0.5417749647409219,0
2026-06-24 18:12:37+00:00,2026-06-24 18:12:37+00:00,KXBTCD-26JUN2415-T59399.99,yes,True,4.59,0.514978051015888,1
2026-06-24 18:18:01+00:00,2026-06-24 18:18:01+00:00,KXBTCD-26JUN2415-T59499.99,yes,True,4.25,0.514978051015888,1
2026-06-24 23:13:36+00:00,2026-06-24 23:13:36+00:00,KXBTCD-26JUN2420-T60899.99,no,False,-32.44,0.5484625518633627,0
2026-06-25 00:00:23+00:00,2026-06-25 00:00:23+00:00,KXBTCD-26JUN2421-T61299.99,no,True,13.64,0.4588590298079304,1
2026-06-25 00:08:34+00:00,2026-06-25 00:08:34+00:00,KXBTCD-26JUN2421-T61199.99,no,True,19.05,0.4588590298079304,1
2026-06-25 02:02:15+00:00,2026-06-25 02:02:15+00:00,KXBTCD-26JUN2423-T60999.99,no,True,25.0,0.48848094692958266,1
2026-06-25 02:08:57+00:00,2026-06-25 02:08:57+00:00,KXBTCD-26JUN2423-T60899.99,no,True,23.02,0.48848094692958266,1
2026-06-25 02:41:12+00:00,2026-06-25 02:41:12+00:00,KXBTCD-26JUN2423-T60799.99,no,True,18.7,0.48848094692958266,1
2026-06-25 03:18:01+00:00,2026-06-25 03:18:01+00:00,KXBTCD-26JUN2500-T60599.99,yes,True,3.76,0.5355843509823559,1
2026-06-25 03:22:38+00:00,2026-06-25 03:22:38+00:00,KXBTCD-26JUN2500-T60799.99,no,True,13.7,0.5355843509823559,0
2026-06-25 03:45:23+00:00,2026-06-25 03:45:23+00:00,KXBTCD-26JUN2500-T60699.99,no,False,-32.52,0.5355843509823559,0
2026-06-25 04:01:29+00:00,2026-06-25 04:01:29+00:00,KXBTCD-26JUN2501-T60999.99,no,False,-100.0,0.46399200093352355,1
2026-06-25 04:14:46+00:00,2026-06-25 04:14:46+00:00,KXBTCD-26JUN2501-T60799.99,no,False,-38.97,0.46399200093352355,1
2026-06-25 09:02:24+00:00,2026-06-25 09:02:24+00:00,KXBTCD-26JUN2506-T61699.99,no,True,25.12,0.5314057418032235,0
2026-06-25 09:22:33+00:00,2026-06-25 09:22:33+00:00,KXBTCD-26JUN2506-T61599.99,no,False,-23.47,0.5314057418032235,0
2026-06-25 10:02:04+00:00,2026-06-25 10:02:04+00:00,KXBTCD-26JUN2507-T61799.99,no,True,23.64,0.4987251161330368,1
2026-06-25 10:07:58+00:00,2026-06-25 10:07:58+00:00,KXBTCD-26JUN2507-T61699.99,no,True,20.18,0.4987251161330368,1
2026-06-25 11:18:27+00:00,2026-06-25 11:18:27+00:00,KXBTCD-26JUN2508-T61399.99,no,True,10.33,0.5688488336409662,0
2026-06-25 11:51:23+00:00,2026-06-25 11:51:23+00:00,KXBTCD-26JUN2508-T61199.99,no,True,11.82,0.5688488336409662,0
2026-06-25 12:00:52+00:00,2026-06-25 12:00:52+00:00,KXBTCD-26JUN2509-T61499.99,no,True,28.21,0.5204080041488932,0
2026-06-25 12:08:10+00:00,2026-06-25 12:08:10+00:00,KXBTCD-26JUN2509-T60999.99,yes,True,16.56,0.5204080041488932,1
2026-06-25 12:09:27+00:00,2026-06-25 12:09:27+00:00,KXBTCD-26JUN2509-T61399.99,no,True,20.48,0.5204080041488932,0
2026-06-25 13:08:40+00:00,2026-06-25 13:08:40+00:00,KXBTCD-26JUN2510-T61499.99,no,True,14.94,0.5535705420829546,0
2026-06-25 13:16:40+00:00,2026-06-25 13:16:40+00:00,KXBTCD-26JUN2510-T61599.99,no,True,13.64,0.5535705420829546,0
2026-06-25 13:22:25+00:00,2026-06-25 13:22:25+00:00,KXBTCD-26JUN2510-T61399.99,no,True,19.66,0.5535705420829546,0
2026-06-25 19:00:02+00:00,2026-06-25 19:00:02+00:00,KXBTCD-26JUN2516-T59699.99,no,True,17.47,0.5021484907394138,0
2026-06-25 19:01:15+00:00,2026-06-25 19:01:15+00:00,KXBTCD-26JUN2517-T59749.99,no,True,9.83,0.5021484907394138,0
2026-06-25 19:33:21+00:00,2026-06-25 19:33:21+00:00,KXBTCD-26JUN2517-T59499.99,no,True,13.97,0.5021484907394138,0
2026-06-25 21:05:03+00:00,2026-06-25 21:05:03+00:00,KXBTCD-26JUN2518-T59599.99,no,False,-9.29,0.5571735256171787,0
2026-06-25 23:50:41+00:00,2026-06-25 23:50:41+00:00,KXBTCD-26JUN2520-T59799.99,no,True,16.85,0.4900284468505851,1
2026-06-25 23:59:53+00:00,2026-06-25 23:59:53+00:00,KXBTCD-26JUN2521-T59899.99,no,True,16.58,0.4900284468505851,1
2026-06-26 00:09:05+00:00,2026-06-26 00:09:05+00:00,KXBTCD-26JUN2521-T59999.99,no,True,12.94,0.5370146695971708,0
2026-06-26 00:16:59+00:00,2026-06-26 00:16:59+00:00,KXBTCD-26JUN2521-T59799.99,no,True,18.62,0.5370146695971708,0
2026-06-26 01:12:39+00:00,2026-06-26 01:12:39+00:00,KXBTCD-26JUN2522-T59699.99,no,True,9.47,0.5314063535106804,0
2026-06-26 01:19:31+00:00,2026-06-26 01:19:31+00:00,KXBTCD-26JUN2522-T59599.99,no,True,17.51,0.5314063535106804,0
2026-06-26 03:01:36+00:00,2026-06-26 03:01:36+00:00,KXBTCD-26JUN2600-T58699.99,no,False,-27.71,0.5641289465553894,0
2026-06-26 03:09:08+00:00,2026-06-26 03:09:08+00:00,KXBTCD-26JUN2600-T58899.99,no,False,-27.6,0.5641289465553894,0
2026-06-26 03:19:17+00:00,2026-06-26 03:19:17+00:00,KXBTCD-26JUN2600-T58999.99,no,False,-44.8,0.5641289465553894,0
2026-06-26 07:53:30+00:00,2026-06-26 07:53:30+00:00,KXBTCD-26JUN2604-T60499.99,no,True,16.37,0.529177153869867,0
2026-06-26 09:03:27+00:00,2026-06-26 09:03:27+00:00,KXBTCD-26JUN2606-T60299.99,no,True,13.61,0.49015058088838687,1
2026-06-26 09:08:51+00:00,2026-06-26 09:08:51+00:00,KXBTCD-26JUN2606-T60199.99,no,True,14.38,0.49015058088838687,1
2026-06-26 09:33:55+00:00,2026-06-26 09:33:55+00:00,KXBTCD-26JUN2606-T60099.99,no,True,9.35,0.49015058088838687,1
2026-06-26 11:39:57+00:00,2026-06-26 11:39:57+00:00,KXBTCD-26JUN2608-T59499.99,no,True,10.05,0.5719485765560647,0
2026-06-26 12:04:15+00:00,2026-06-26 12:04:15+00:00,KXBTCD-26JUN2609-T59199.99,yes,False,-23.69,0.5340007438093191,1
2026-06-26 12:15:36+00:00,2026-06-26 12:15:36+00:00,KXBTCD-26JUN2609-T59599.99,no,True,20.48,0.5340007438093191,0
2026-06-26 12:24:13+00:00,2026-06-26 12:24:13+00:00,KXBTCD-26JUN2609-T59799.99,no,True,17.65,0.5340007438093191,0
2026-06-26 12:32:34+00:00,2026-06-26 12:32:34+00:00,KXBTCD-26JUN2609-T59899.99,no,True,17.65,0.5340007438093191,0
2026-06-26 13:20:54+00:00,2026-06-26 13:20:54+00:00,KXBTCD-26JUN2610-T59399.99,no,False,-90.16,0.5006966594849894,0
2026-06-26 13:26:27+00:00,2026-06-26 13:26:27+00:00,KXBTCD-26JUN2610-T59199.99,no,False,-45.51,0.5006966594849894,0
2026-06-26 13:34:36+00:00,2026-06-26 13:34:36+00:00,KXBTCD-26JUN2610-T59099.99,no,False,-19.47,0.5006966594849894,0
2026-06-27 18:10:04,2026-06-27 18:10:04+00:00,KXBTCD-26JUN2715-T60399.99,yes,True,32.44,0.5694295960065245,1
2026-06-27 19:24:28,2026-06-27 19:24:28+00:00,KXBTCD-26JUN2716-T60299.99,yes,False,-5.46,0.47751520977012946,0
2026-06-27 19:49:41,2026-06-27 19:49:41+00:00,KXBTCD-26JUN2717-T60249.99,yes,False,-7.0,0.47751520977012946,0
2026-06-27 21:03:26,2026-06-27 21:03:26+00:00,KXBTCD-26JUN2718-T60199.99,yes,False,-43.08,0.5054444969747802,1
2026-06-27 21:09:46,2026-06-27 21:09:46+00:00,KXBTCD-26JUN2718-T60299.99,yes,False,-19.26,0.5054444969747802,1
2026-06-27 22:02:40,2026-06-27 22:02:40+00:00,KXBTCD-26JUN2719-T59999.99,yes,True,4.54,0.5542597756026608,1
2026-06-27 22:27:19,2026-06-27 22:27:19+00:00,KXBTCD-26JUN2719-T60099.99,yes,True,27.35,0.5542597756026608,1
2026-06-27 22:59:57,2026-06-27 22:59:57+00:00,KXBTCD-26JUN2720-T60099.99,yes,False,-30.89,0.5542597756026608,1
2026-06-28 00:01:02,2026-06-28 00:01:02+00:00,KXBTCD-26JUN2721-T59999.99,yes,True,59.77,0.5924149800630301,1
2026-06-28 00:09:50,2026-06-28 00:09:50+00:00,KXBTCD-26JUN2721-T60099.99,yes,False,-23.65,0.5924149800630301,1
2026-06-28 01:05:40,2026-06-28 01:05:40+00:00,KXBTCD-26JUN2722-T59999.99,yes,True,57.59,0.5055974311411693,1
2026-06-28 01:13:23,2026-06-28 01:13:23+00:00,KXBTCD-26JUN2722-T60099.99,yes,True,205.28,0.5055974311411693,1
2026-06-28 02:19:58,2026-06-28 02:19:58+00:00,KXBTCD-26JUN2723-T60199.99,yes,False,-20.46,0.5009179376388626,1
2026-06-28 03:04:17,2026-06-28 03:04:17+00:00,KXBTCD-26JUN2800-T60199.99,no,True,11.44,0.5600613732783661,0
2026-06-28 03:32:54,2026-06-28 03:32:54+00:00,KXBTCD-26JUN2800-T60099.99,yes,True,7.47,0.5600613732783661,1
2026-06-28 04:03:42,2026-06-28 04:03:42+00:00,KXBTCD-26JUN2801-T60199.99,no,True,16.69,0.5189699142013399,0
2026-06-28 04:34:18,2026-06-28 04:34:18+00:00,KXBTCD-26JUN2801-T60099.99,no,True,31.93,0.5189699142013399,0
2026-06-28 06:05:18,2026-06-28 06:05:18+00:00,KXBTCD-26JUN2803-T59899.99,yes,True,37.54,0.5340903212651433,1
2026-06-28 06:10:30,2026-06-28 06:10:30+00:00,KXBTCD-26JUN2803-T59999.99,yes,False,-16.25,0.5340903212651433,1
2026-06-28 07:01:41,2026-06-28 07:01:41+00:00,KXBTCD-26JUN2804-T60099.99,no,False,-22.9,0.5359197893764052,0
2026-06-28 08:03:49,2026-06-28 08:03:49+00:00,KXBTCD-26JUN2805-T60199.99,no,False,-31.39,0.5029343768199508,0
2026-06-28 11:00:11,2026-06-28 11:00:11+00:00,KXBTCD-26JUN2808-T59999.99,no,False,-12.07,0.4808349461316491,1
2026-06-28 12:18:21,2026-06-28 12:18:21+00:00,KXBTCD-26JUN2809-T60199.99,no,False,-31.48,0.45850660670195875,1
2026-06-28 13:13:31,2026-06-28 13:13:31+00:00,KXBTCD-26JUN2810-T60199.99,no,True,13.09,0.48607168722088157,1
2026-06-28 14:02:46,2026-06-28 14:02:46+00:00,KXBTCD-26JUN2811-T60099.99,no,True,12.52,0.531115538769634,0
2026-06-28 15:02:27,2026-06-28 15:02:27+00:00,KXBTCD-26JUN2812-T59899.99,yes,False,-47.88,0.5138558027132716,1
2026-06-28 15:13:18,2026-06-28 15:13:18+00:00,KXBTCD-26JUN2812-T59999.99,no,True,22.87,0.5138558027132716,0
2026-06-28 18:01:06,2026-06-28 18:01:06+00:00,KXBTCD-26JUN2815-T59599.99,no,True,15.36,0.5656310937535441,0
2026-06-28 18:02:20,2026-06-28 18:02:20+00:00,KXBTCD-26JUN2815-T59499.99,yes,True,8.7,0.5656310937535441,1
2026-06-28 18:59:57,2026-06-28 18:59:57+00:00,KXBTCD-26JUN2816-T59499.99,yes,False,-32.35,0.5656310937535441,1
2026-06-28 19:02:25,2026-06-28 19:02:25+00:00,KXBTCD-26JUN2817-T59749.99,no,True,26.64,0.5363555809123584,0
2026-06-28 21:08:02,2026-06-28 21:08:02+00:00,KXBTCD-26JUN2818-T59799.99,no,True,17.65,0.5573770255283484,0
2026-06-28 21:09:20,2026-06-28 21:09:20+00:00,KXBTCD-26JUN2818-T59499.99,yes,False,-15.32,0.5573770255283484,1
2026-06-28 22:12:56,2026-06-28 22:12:56+00:00,KXBTCD-26JUN2819-T59799.99,no,True,19.5,0.6044693745278575,0
2026-06-28 22:19:44,2026-06-28 22:19:44+00:00,KXBTCD-26JUN2819-T59499.99,no,True,36.24,0.6044693745278575,0
2026-06-28 23:06:25,2026-06-28 23:06:25+00:00,KXBTCD-26JUN2820-T59499.99,no,True,23.16,0.6101265091690492,0
2026-06-28 23:14:17,2026-06-28 23:14:17+00:00,KXBTCD-26JUN2820-T59399.99,no,False,-63.2,0.6101265091690492,0
2026-06-29 00:00:09,2026-06-29 00:00:09+00:00,KXBTCD-26JUN2821-T59699.99,no,True,20.48,0.5338090300243579,0
2026-06-29 00:06:09,2026-06-29 00:06:09+00:00,KXBTCD-26JUN2821-T59499.99,no,False,-100.0,0.5338090300243579,0
2026-06-29 01:05:26,2026-06-29 01:05:26+00:00,KXBTCD-26JUN2822-T59599.99,no,True,5.87,0.47531298723970306,1
2026-06-29 01:18:33,2026-06-29 01:18:33+00:00,KXBTCD-26JUN2822-T59399.99,no,True,13.5,0.47531298723970306,1
2026-06-29 02:09:34,2026-06-29 02:09:34+00:00,KXBTCD-26JUN2823-T59299.99,no,False,-67.55,0.5525228267508613,0
2026-06-29 07:06:26,2026-06-29 07:06:26+00:00,KXBTCD-26JUN2904-T60099.99,no,True,18.64,0.4855693259998487,1
2026-06-29 07:45:27,2026-06-29 07:45:27+00:00,KXBTCD-26JUN2904-T59999.99,no,True,15.14,0.4855693259998487,1
2026-06-29 08:02:52,2026-06-29 08:02:52+00:00,KXBTCD-26JUN2905-T60099.99,no,True,19.52,0.47777873082407624,1
2026-06-29 08:14:49,2026-06-29 08:14:49+00:00,KXBTCD-26JUN2905-T59999.99,no,True,16.93,0.47777873082407624,1
2026-06-29 08:26:19,2026-06-29 08:26:19+00:00,KXBTCD-26JUN2905-T59899.99,no,True,19.82,0.47777873082407624,1
2026-06-29 09:15:36,2026-06-29 09:15:36+00:00,KXBTCD-26JUN2906-T60099.99,no,True,13.14,0.5049886404570999,0
2026-06-29 09:22:34,2026-06-29 09:22:34+00:00,KXBTCD-26JUN2906-T59999.99,no,True,13.3,0.5049886404570999,0
2026-06-29 09:38:18,2026-06-29 09:38:18+00:00,KXBTCD-26JUN2906-T59899.99,no,False,-35.87,0.5049886404570999,0
2026-06-29 10:01:35,2026-06-29 10:01:35+00:00,KXBTCD-26JUN2907-T60099.99,no,True,32.58,0.46451991012491567,1
2026-06-29 10:09:53,2026-06-29 10:09:53+00:00,KXBTCD-26JUN2907-T60399.99,no,True,24.67,0.46451991012491567,1
2026-06-29 10:37:30,2026-06-29 10:37:30+00:00,KXBTCD-26JUN2907-T60199.99,no,True,17.65,0.46451991012491567,1
2026-06-29 11:06:39,2026-06-29 11:06:39+00:00,KXBTCD-26JUN2908-T60099.99,no,True,18.27,0.48163307065925137,1
2026-06-29 11:13:10,2026-06-29 11:13:10+00:00,KXBTCD-26JUN2908-T59999.99,no,True,19.1,0.48163307065925137,1
2026-06-29 11:19:53,2026-06-29 11:19:53+00:00,KXBTCD-26JUN2908-T59899.99,no,True,13.36,0.48163307065925137,1
2026-06-29 12:02:22,2026-06-29 12:02:22+00:00,KXBTCD-26JUN2909-T60099.99,no,True,25.0,0.4749097570190862,1
2026-06-29 12:39:44,2026-06-29 12:39:44+00:00,KXBTCD-26JUN2909-T59999.99,no,True,31.99,0.4749097570190862,1
2026-06-29 12:45:56,2026-06-29 12:45:56+00:00,KXBTCD-26JUN2909-T60199.99,no,True,13.64,0.4749097570190862,1
2026-06-29 13:01:08,2026-06-29 13:01:08+00:00,KXBTCD-26JUN2910-T60299.99,no,True,20.05,0.4811952364686654,1
2026-06-29 13:30:58,2026-06-29 13:30:58+00:00,KXBTCD-26JUN2910-T60399.99,no,True,14.94,0.4811952364686654,1
2026-06-29 13:37:25,2026-06-29 13:37:25+00:00,KXBTCD-26JUN2910-T60199.99,no,True,14.94,0.4811952364686654,1
2026-06-29 14:04:51,2026-06-29 14:04:51+00:00,KXBTCD-26JUN2911-T59799.99,no,True,14.32,0.49089414289702427,1
2026-06-29 14:20:42,2026-06-29 14:20:42+00:00,KXBTCD-26JUN2911-T58999.99,no,False,-26.74,0.49089414289702427,1
2026-06-29 15:09:53,2026-06-29 15:09:53+00:00,KXBTCD-26JUN2912-T59399.99,no,False,-44.69,0.536184227023294,0
2026-06-29 15:19:27,2026-06-29 15:19:27+00:00,KXBTCD-26JUN2912-T59299.99,yes,True,24.28,0.536184227023294,1
2026-06-29 22:00:28,2026-06-29 22:00:28+00:00,KXBTCD-26JUN2919-T60499.99,no,True,13.07,0.45362217889515033,1
2026-06-30 00:12:18,2026-06-30 00:12:18+00:00,KXBTCD-26JUN2921-T60299.99,no,True,13.6,0.5083952799350813,0
2026-06-30 00:34:32,2026-06-30 00:34:32+00:00,KXBTCD-26JUN2921-T59899.99,no,True,17.52,0.5083952799350813,0
2026-06-30 01:10:44,2026-06-30 01:10:44+00:00,KXBTCD-26JUN2922-T59899.99,no,True,12.8,0.5059764111444429,0
2026-06-30 02:14:50,2026-06-30 02:14:50+00:00,KXBTCD-26JUN2923-T59799.99,no,False,-31.4,0.48747861648721175,1
2026-06-30 02:24:23,2026-06-30 02:24:23+00:00,KXBTCD-26JUN2923-T59899.99,no,True,15.06,0.48747861648721175,1
2026-06-30 02:59:58,2026-06-30 02:59:58+00:00,KXBTCD-26JUN3000-T59999.99,no,True,25.46,0.48747861648721175,1
2026-06-30 03:09:26,2026-06-30 03:09:26+00:00,KXBTCD-26JUN3000-T59899.99,no,True,20.6,0.4893898568016883,1
2026-06-30 03:25:18,2026-06-30 03:25:18+00:00,KXBTCD-26JUN3000-T59799.99,no,True,19.16,0.4893898568016883,1
2026-06-30 04:15:19,2026-06-30 04:15:19+00:00,KXBTCD-26JUN3001-T59399.99,yes,True,5.0,0.5830409627297433,1
2026-06-30 04:34:42,2026-06-30 04:34:42+00:00,KXBTCD-26JUN3001-T59499.99,no,True,39.56,0.5830409627297433,0
2026-06-30 06:02:32,2026-06-30 06:02:32+00:00,KXBTCD-26JUN3003-T59599.99,no,True,9.83,0.49476510423204906,1
2026-06-30 06:12:10,2026-06-30 06:12:10+00:00,KXBTCD-26JUN3003-T59499.99,no,True,19.69,0.49476510423204906,1
2026-06-30 06:17:30,2026-06-30 06:17:30+00:00,KXBTCD-26JUN3003-T59399.99,no,False,-28.16,0.49476510423204906,1
2026-06-30 07:00:12,2026-06-30 07:00:12+00:00,KXBTCD-26JUN3004-T59699.99,no,True,19.05,0.5410150480441968,0
2026-06-30 07:06:05,2026-06-30 07:06:05+00:00,KXBTCD-26JUN3004-T59599.99,no,True,21.91,0.5410150480441968,0
2026-06-30 08:09:18,2026-06-30 08:09:18+00:00,KXBTCD-26JUN3005-T59299.99,yes,False,-45.71,0.5326469894807713,1
2026-06-30 08:10:35,2026-06-30 08:10:35+00:00,KXBTCD-26JUN3005-T59499.99,no,True,26.86,0.5326469894807713,0
2026-06-30 08:23:59,2026-06-30 08:23:59+00:00,KXBTCD-26JUN3005-T59399.99,no,True,15.6,0.5326469894807713,0
2026-06-30 09:01:02,2026-06-30 09:01:02+00:00,KXBTCD-26JUN3006-T59399.99,no,True,33.77,0.5464492970778486,0
2026-06-30 09:09:13,2026-06-30 09:09:13+00:00,KXBTCD-26JUN3006-T59299.99,no,True,44.57,0.5464492970778486,0
2026-06-30 10:00:23,2026-06-30 10:00:23+00:00,KXBTCD-26JUN3007-T59399.99,no,True,26.64,0.5212016948871399,0
2026-06-30 10:08:30,2026-06-30 10:08:30+00:00,KXBTCD-26JUN3007-T59499.99,no,True,14.94,0.5212016948871399,0
2026-06-30 10:15:06,2026-06-30 10:15:06+00:00,KXBTCD-26JUN3007-T59299.99,no,True,47.19,0.5212016948871399,0
2026-06-30 11:00:38,2026-06-30 11:00:38+00:00,KXBTCD-26JUN3008-T59399.99,no,True,37.5,0.5395972947676457,0
2026-06-30 11:19:27,2026-06-30 11:19:27+00:00,KXBTCD-26JUN3008-T59299.99,no,True,17.83,0.5395972947676457,0
2026-06-30 11:20:41,2026-06-30 11:20:41+00:00,KXBTCD-26JUN3008-T59199.99,yes,False,-8.48,0.5395972947676457,1
2026-06-30 12:01:46,2026-06-30 12:01:46+00:00,KXBTCD-26JUN3009-T59199.99,no,True,38.63,0.5609085961963941,0
2026-06-30 12:08:49,2026-06-30 12:08:49+00:00,KXBTCD-26JUN3009-T59099.99,no,True,26.46,0.5609085961963941,0
2026-06-30 12:20:30,2026-06-30 12:20:30+00:00,KXBTCD-26JUN3009-T58999.99,no,True,22.42,0.5609085961963941,0
2026-06-30 13:02:23,2026-06-30 13:02:23+00:00,KXBTCD-26JUN3010-T58799.99,no,True,27.49,0.558733990262295,0
2026-06-30 13:13:40,2026-06-30 13:13:40+00:00,KXBTCD-26JUN3010-T58699.99,no,True,8.39,0.558733990262295,0
2026-06-30 13:32:29,2026-06-30 13:32:29+00:00,KXBTCD-26JUN3010-T58599.99,no,False,-80.44,0.558733990262295,0
2026-06-30 14:40:56,2026-06-30 14:40:56+00:00,KXBTCD-26JUN3011-T58699.99,no,True,24.76,0.5111014822007482,0
2026-06-30 16:05:12,2026-06-30 16:05:12+00:00,KXBTCD-26JUN3013-T58599.99,no,True,20.41,0.5610038312133453,0
2026-06-30 16:14:04,2026-06-30 16:14:04+00:00,KXBTCD-26JUN3013-T58499.99,no,True,18.46,0.5610038312133453,0
2026-06-30 17:04:02,2026-06-30 17:04:02+00:00,KXBTCD-26JUN3014-T58599.99,no,True,22.07,0.5025158592290407,0
2026-06-30 18:00:54,2026-06-30 18:00:54+00:00,KXBTCD-26JUN3015-T58499.99,no,False,-36.07,0.5470447539426846,0
2026-06-30 18:06:25,2026-06-30 18:06:25+00:00,KXBTCD-26JUN3015-T58399.99,no,False,-47.73,0.5470447539426846,0
2026-06-30 19:01:31,2026-06-30 19:01:31+00:00,KXBTCD-26JUN3017-T58999.99,no,True,16.28,0.484197221595588,1
2026-06-30 19:10:50,2026-06-30 19:10:50+00:00,KXBTCD-26JUN3017-T58749.99,no,True,19.93,0.484197221595588,1
2026-06-30 19:12:03,2026-06-30 19:12:03+00:00,KXBTCD-26JUN3016-T58699.99,no,False,-60.53,0.484197221595588,1
2026-06-30 19:22:31,2026-06-30 19:22:31+00:00,KXBTCD-26JUN3016-T58599.99,no,False,-38.74,0.484197221595588,1
2026-06-30 21:00:59,2026-06-30 21:00:59+00:00,KXBTCD-26JUN3018-T58799.99,no,True,22.96,0.47593240550401783,1
2026-06-30 21:06:25,2026-06-30 21:06:25+00:00,KXBTCD-26JUN3018-T58699.99,no,True,34.87,0.47593240550401783,1
2026-06-30 21:12:49,2026-06-30 21:12:49+00:00,KXBTCD-26JUN3018-T58499.99,no,False,-31.54,0.47593240550401783,1
2026-06-30 22:00:34,2026-06-30 22:00:34+00:00,KXBTCD-26JUN3019-T58699.99,no,True,16.66,0.5169654589715145,0
2026-06-30 22:07:49,2026-06-30 22:07:49+00:00,KXBTCD-26JUN3019-T58799.99,no,True,19.29,0.5169654589715145,0
2026-06-30 22:27:49,2026-06-30 22:27:49+00:00,KXBTCD-26JUN3019-T58599.99,no,True,21.64,0.5169654589715145,0
2026-06-30 23:00:18,2026-06-30 23:00:18+00:00,KXBTCD-26JUN3020-T58599.99,no,True,17.42,0.5130650665913848,0
2026-06-30 23:08:44,2026-06-30 23:08:44+00:00,KXBTCD-26JUN3020-T58499.99,no,False,-18.87,0.5130650665913848,0
2026-07-01 00:39:02,2026-07-01 00:39:02+00:00,KXBTCD-26JUN3021-T58499.99,no,True,58.9,0.5149276910930359,0
2026-07-01 03:12:12,2026-07-01 03:12:12+00:00,KXBTCD-26JUL0100-T59099.99,no,False,-53.81,0.49768427289809125,1
2026-07-01 04:46:42,2026-07-01 04:46:42+00:00,KXBTCD-26JUL0101-T59399.99,no,True,23.31,0.4612393893649933,1
2026-07-01 05:01:27,2026-07-01 05:01:27+00:00,KXBTCD-26JUL0102-T59399.99,no,True,13.6,0.4617256825869427,1
2026-07-01 05:10:52,2026-07-01 05:10:52+00:00,KXBTCD-26JUL0102-T59299.99,no,True,12.33,0.4617256825869427,1
2026-07-01 05:30:20,2026-07-01 05:30:20+00:00,KXBTCD-26JUL0102-T59199.99,no,True,9.88,0.4617256825869427,1
2026-07-01 07:00:17,2026-07-01 07:00:17+00:00,KXBTCD-26JUL0104-T58899.99,no,True,21.27,0.49572679168542283,1
2026-07-01 07:23:52,2026-07-01 07:23:52+00:00,KXBTCD-26JUL0104-T58799.99,no,True,18.36,0.49572679168542283,1
2026-07-01 08:01:14,2026-07-01 08:01:14+00:00,KXBTCD-26JUL0105-T58799.99,no,False,-59.42,0.47155168620347937,1
2026-07-01 08:44:33,2026-07-01 08:44:33+00:00,KXBTCD-26JUL0105-T58699.99,no,False,-50.58,0.47155168620347937,1
2026-07-01 09:19:58,2026-07-01 09:19:58+00:00,KXBTCD-26JUL0106-T58999.99,no,True,10.17,0.48874825130995236,1
2026-07-01 09:28:16,2026-07-01 09:28:16+00:00,KXBTCD-26JUL0106-T58899.99,no,True,15.99,0.48874825130995236,1
2026-07-01 10:00:56,2026-07-01 10:00:56+00:00,KXBTCD-26JUL0107-T58999.99,no,True,19.45,0.4746784389416184,1
2026-07-01 10:06:40,2026-07-01 10:06:40+00:00,KXBTCD-26JUL0107-T58899.99,no,True,19.74,0.4746784389416184,1
2026-07-01 10:11:54,2026-07-01 10:11:54+00:00,KXBTCD-26JUL0107-T58799.99,no,True,16.8,0.4746784389416184,1
2026-07-01 11:08:24,2026-07-01 11:08:24+00:00,KXBTCD-26JUL0108-T58799.99,no,True,19.05,0.5159353416766833,0
2026-07-01 11:32:57,2026-07-01 11:32:57+00:00,KXBTCD-26JUL0108-T58699.99,no,True,24.09,0.5159353416766833,0
2026-07-01 11:51:50,2026-07-01 11:51:50+00:00,KXBTCD-26JUL0108-T58599.99,no,True,14.36,0.5159353416766833,0
2026-07-01 12:07:54,2026-07-01 12:07:54+00:00,KXBTCD-26JUL0109-T58299.99,yes,True,11.47,0.5545415879341686,1
2026-07-01 12:09:10,2026-07-01 12:09:10+00:00,KXBTCD-26JUL0109-T58599.99,no,True,19.13,0.5545415879341686,0
2026-07-01 12:15:51,2026-07-01 12:15:51+00:00,KXBTCD-26JUL0109-T58399.99,yes,True,17.93,0.5545415879341686,1
2026-07-01 13:06:05,2026-07-01 13:06:05+00:00,KXBTCD-26JUL0110-T58999.99,no,False,-100.0,0.49225636521346877,1
2026-07-01 13:30:27,2026-07-01 13:30:27+00:00,KXBTCD-26JUL0110-T58799.99,no,False,-83.51,0.49225636521346877,1
2026-07-02 01:07:23,2026-07-02 01:07:23+00:00,KXBTCD-26JUL0122-T59899.99,no,False,-100.0,0.5087965160852873,0
2026-07-02 09:16:30,2026-07-02 09:16:30+00:00,KXBTCD-26JUL0206-T60499.99,no,False,-37.72,0.45460620255763967,1
2026-07-02 09:30:46,2026-07-02 09:30:46+00:00,KXBTCD-26JUL0206-T60799.99,no,False,-100.0,0.45460620255763967,1
2026-07-02 16:28:10,2026-07-02 16:28:10+00:00,KXBTCD-26JUL0213-T61299.99,no,False,-37.17,0.5267751952122198,0
2026-07-02 22:53:07,2026-07-02 22:53:07+00:00,KXBTCD-26JUL0219-T61499.99,no,True,25.6,0.45936371856577535,1
2026-07-02 23:00:54,2026-07-02 23:00:54+00:00,KXBTCD-26JUL0220-T61499.99,no,True,15.92,0.48635806706514395,1
2026-07-03 00:15:43,2026-07-03 00:15:43+00:00,KXBTCD-26JUL0221-T61499.99,no,True,25.05,0.448443623473077,1
2026-07-03 00:48:05,2026-07-03 00:48:05+00:00,KXBTCD-26JUL0221-T61399.99,no,True,9.14,0.448443623473077,1
2026-07-03 02:13:30,2026-07-03 02:13:30+00:00,KXBTCD-26JUL0223-T61599.99,no,True,11.99,0.5251699394113383,0
2026-07-03 03:00:25,2026-07-03 03:00:25+00:00,KXBTCD-26JUL0300-T61399.99,yes,False,-28.01,0.46596746856853444,0
2026-07-03 03:06:38,2026-07-03 03:06:38+00:00,KXBTCD-26JUL0300-T61299.99,yes,True,23.68,0.46596746856853444,0
2026-07-03 04:00:56,2026-07-03 04:00:56+00:00,KXBTCD-26JUL0301-T61399.99,yes,False,-17.63,0.4888759069057773,0
2026-07-03 04:59:55,2026-07-03 04:59:55+00:00,KXBTCD-26JUL0302-T61299.99,yes,True,24.85,0.4888759069057773,0
2026-07-03 05:07:56,2026-07-03 05:07:56+00:00,KXBTCD-26JUL0302-T61599.99,no,False,-53.66,0.5052651894187573,0
2026-07-03 06:06:24,2026-07-03 06:06:24+00:00,KXBTCD-26JUL0303-T61899.99,no,True,17.31,0.47164833353014957,1
2026-07-03 06:19:25,2026-07-03 06:19:25+00:00,KXBTCD-26JUL0303-T61799.99,no,True,16.47,0.47164833353014957,1
2026-07-03 07:09:13,2026-07-03 07:09:13+00:00,KXBTCD-26JUL0304-T61799.99,no,True,19.43,0.43406163077661547,1
2026-07-03 08:05:26,2026-07-03 08:05:26+00:00,KXBTCD-26JUL0305-T61799.99,no,True,14.42,0.49154211097522044,1
2026-07-03 09:09:56,2026-07-03 09:09:56+00:00,KXBTCD-26JUL0306-T61699.99,no,True,18.21,0.5460327062704096,0
2026-07-03 10:17:07,2026-07-03 10:17:07+00:00,KXBTCD-26JUL0307-T61799.99,no,False,-125.0,0.44119664004328296,1
2026-07-03 11:02:20,2026-07-03 11:02:20+00:00,KXBTCD-26JUL0308-T61999.99,no,True,25.94,0.5399128752322516,0
2026-07-03 11:07:54,2026-07-03 11:07:54+00:00,KXBTCD-26JUL0308-T62099.99,no,True,26.57,0.5399128752322516,0
2026-07-03 12:01:01,2026-07-03 12:01:01+00:00,KXBTCD-26JUL0309-T62099.99,no,True,13.69,0.44100177111721195,1
2026-07-03 12:07:24,2026-07-03 12:07:24+00:00,KXBTCD-26JUL0309-T62299.99,no,True,28.31,0.44100177111721195,1
2026-07-03 13:25:38,2026-07-03 13:25:38+00:00,KXBTCD-26JUL0310-T62099.99,no,True,12.91,0.4833381416417157,1
2026-07-04 01:02:06,2026-07-04 01:02:06+00:00,KXBTCD-26JUL0322-T62499.99,yes,False,-87.61,0.44948089759203463,0
2026-07-04 02:01:00,2026-07-04 02:01:00+00:00,KXBTCD-26JUL0323-T62499.99,yes,False,-8.96,0.5444441196663817,1
2026-07-04 04:18:37,2026-07-04 04:18:37+00:00,KXBTCD-26JUL0401-T62599.99,yes,True,47.49,0.5497341447744059,1
2026-07-04 05:02:57,2026-07-04 05:02:57+00:00,KXBTCD-26JUL0402-T62599.99,yes,False,-51.75,0.47011488614944835,0
2026-07-04 05:08:41,2026-07-04 05:08:41+00:00,KXBTCD-26JUL0402-T62499.99,yes,False,-74.76,0.47011488614944835,0
2026-07-04 07:04:09,2026-07-04 07:04:09+00:00,KXBTCD-26JUL0404-T62399.99,yes,True,28.68,0.47594237190892574,0
2026-07-04 07:10:45,2026-07-04 07:10:45+00:00,KXBTCD-26JUL0404-T62499.99,yes,True,31.47,0.47594237190892574,0
2026-07-04 08:02:25,2026-07-04 08:02:25+00:00,KXBTCD-26JUL0405-T62399.99,yes,True,28.1,0.46193621883423264,0
2026-07-04 08:08:45,2026-07-04 08:08:45+00:00,KXBTCD-26JUL0405-T62499.99,yes,True,23.44,0.46193621883423264,0
2026-07-04 09:04:36,2026-07-04 09:04:36+00:00,KXBTCD-26JUL0406-T62399.99,yes,True,29.11,0.49372753399799235,0
2026-07-04 09:10:33,2026-07-04 09:10:33+00:00,KXBTCD-26JUL0406-T62499.99,yes,False,-26.17,0.49372753399799235,0
2026-07-04 13:23:58,2026-07-04 13:23:58+00:00,KXBTCD-26JUL0410-T62699.99,no,True,16.97,0.44231306862680425,1
2026-07-04 18:05:57,2026-07-04 18:05:57+00:00,KXBTCD-26JUL0415-T63399.99,no,True,13.51,,
2026-07-04 22:10:48,2026-07-04 22:10:48+00:00,KXBTCD-26JUL0419-T63099.99,yes,True,15.47,,
2026-07-04 22:18:38,2026-07-04 22:18:38+00:00,KXBTCD-26JUL0419-T63199.99,yes,False,-43.19,,
2026-07-05 04:00:44,2026-07-05 04:00:44+00:00,KXBTCD-26JUL0501-T62599.99,no,False,-30.41,,
2026-07-05 07:57:28,2026-07-05 07:57:28+00:00,KXBTCD-26JUL0504-T62999.99,no,True,35.59,,
2026-07-05 08:06:05,2026-07-05 08:06:05+00:00,KXBTCD-26JUL0505-T62999.99,no,True,19.93,,
2026-07-05 09:09:52,2026-07-05 09:09:52+00:00,KXBTCD-26JUL0506-T62899.99,no,True,25.78,,
2026-07-05 09:25:45,2026-07-05 09:25:45+00:00,KXBTCD-26JUL0506-T62799.99,no,True,11.14,,
2026-07-05 11:15:58,2026-07-05 11:15:58+00:00,KXBTCD-26JUL0508-T62699.99,no,True,28.85,,
2026-07-05 11:32:45,2026-07-05 11:32:45+00:00,KXBTCD-26JUL0508-T62599.99,no,False,-21.79,,
2026-07-05 12:02:07,2026-07-05 12:02:07+00:00,KXBTCD-26JUL0509-T62499.99,yes,True,15.19,,
2026-07-05 12:16:55,2026-07-05 12:16:55+00:00,KXBTCD-26JUL0509-T62699.99,no,True,16.23,,
2026-07-05 13:03:52,2026-07-05 13:03:52+00:00,KXBTCD-26JUL0510-T62699.99,no,False,-52.27,,
2026-07-05 13:28:57,2026-07-05 13:28:57+00:00,KXBTCD-26JUL0510-T62599.99,no,False,-21.06,,
2026-07-05 14:01:39,2026-07-05 14:01:39+00:00,KXBTCD-26JUL0511-T62899.99,no,True,23.79,,
2026-07-05 14:16:51,2026-07-05 14:16:51+00:00,KXBTCD-26JUL0511-T62699.99,no,False,-42.59,,
2026-07-05 15:11:59,2026-07-05 15:11:59+00:00,KXBTCD-26JUL0512-T62899.99,no,True,14.47,,
2026-07-05 15:21:27,2026-07-05 15:21:27+00:00,KXBTCD-26JUL0512-T62799.99,no,True,15.71,,
2026-07-05 16:10:04,2026-07-05 16:10:04+00:00,KXBTCD-26JUL0513-T62699.99,no,True,17.19,,
2026-07-05 16:16:42,2026-07-05 16:16:42+00:00,KXBTCD-26JUL0513-T62599.99,no,True,45.94,,
2026-07-05 17:01:30,2026-07-05 17:01:30+00:00,KXBTCD-26JUL0514-T62499.99,no,False,-28.26,,
2026-07-05 17:07:45,2026-07-05 17:07:45+00:00,KXBTCD-26JUL0514-T62599.99,no,True,51.66,,
2026-07-05 17:30:14,2026-07-05 17:30:14+00:00,KXBTCD-26JUL0514-T62699.99,no,True,15.41,,
2026-07-05 18:08:10,2026-07-05 18:08:10+00:00,KXBTCD-26JUL0515-T62699.99,no,False,-49.42,,
2026-07-05 18:17:45,2026-07-05 18:17:45+00:00,KXBTCD-26JUL0515-T62599.99,no,False,-25.24,,
2026-07-05 19:04:18,2026-07-05 19:04:18+00:00,KXBTCD-26JUL0517-T62999.99,no,True,29.32,,
2026-07-05 19:29:44,2026-07-05 19:29:44+00:00,KXBTCD-26JUL0516-T62799.99,no,True,15.43,,
2026-07-05 20:20:58,2026-07-05 20:20:58+00:00,KXBTCD-26JUL0517-T62749.99,no,True,19.48,,
2026-07-05 21:01:45,2026-07-05 21:01:45+00:00,KXBTCD-26JUL0518-T62699.99,no,False,-97.07,,
2026-07-05 21:09:59,2026-07-05 21:09:59+00:00,KXBTCD-26JUL0518-T62499.99,no,False,-30.52,,
2026-07-05 21:16:57,2026-07-05 21:16:57+00:00,KXBTCD-26JUL0518-T62799.99,no,False,-109.64,,
2026-07-05 22:00:40,2026-07-05 22:00:40+00:00,KXBTCD-26JUL0519-T63299.99,no,False,-120.21,,
2026-07-05 22:06:44,2026-07-05 22:06:44+00:00,KXBTCD-26JUL0519-T63199.99,no,False,-47.19,,
2026-07-06 00:03:34,2026-07-06 00:03:34+00:00,KXBTCD-26JUL0521-T63799.99,no,True,17.35,,
2026-07-06 00:09:41,2026-07-06 00:09:41+00:00,KXBTCD-26JUL0521-T63699.99,no,True,24.26,,
2026-07-06 00:32:00,2026-07-06 00:32:00+00:00,KXBTCD-26JUL0521-T63599.99,no,False,-47.19,,
2026-07-06 01:02:25,2026-07-06 01:02:25+00:00,KXBTCD-26JUL0522-T63899.99,no,True,16.75,,
2026-07-06 02:09:34,2026-07-06 02:09:34+00:00,KXBTCD-26JUL0523-T63599.99,no,True,17.64,,
2026-07-06 04:06:33,2026-07-06 04:06:33+00:00,KXBTCD-26JUL0601-T63399.99,no,,,,
