logged_at,contract_ticker,spot,strike,p_market,tau_minutes,realized_vol_annual,resolved_yes,pu_ts,p_up_v2,p_model_yes,p_model_no,edge_yes,edge_no,best_side,best_edge,win,cost,day
2026-07-03 13:27:41+00:00,KXBTC15M-26JUL030930-30,61980.94,61994.66,0.715,2.3,0.282511,1.0,2026-07-03 13:25:38+00:00,0.6112,0.3643441208226166,0.6398025369811271,-0.3506558791773834,0.35480253698112707,no,0.35480253698112707,0.0,0.28500000000000003,2026-07-03
2026-07-05 08:37:41+00:00,KXBTC15M-26JUL050445-45,62866.45,62885.54,0.595,7.3,0.160524,1.0,2026-07-05 08:37:11+00:00,0.4797,0.30279050667719076,0.6959684348846796,-0.2922094933228092,0.2909684348846796,no,0.2909684348846796,0.0,0.405,2026-07-05
2026-07-04 00:05:17+00:00,KXBTC15M-26JUL032015-15,62536.08,62559.15,0.655,9.7,0.246193,1.0,2026-07-03 23:40:20+00:00,0.602,0.38332223855506226,0.6245893212607108,-0.27167776144493777,0.2795893212607108,no,0.2795893212607108,0.0,0.345,2026-07-04
2026-07-04 05:50:48+00:00,KXBTC15M-26JUL040200-00,62501.69,62503.42,0.255,9.2,0.136544,0.0,2026-07-04 05:08:41+00:00,0.7114,0.49495335441201044,0.5224524653655194,0.23995335441201043,-0.22254753463448063,yes,0.23995335441201043,0.0,0.255,2026-07-04
2026-07-07 01:26:19+00:00,KXBTC15M-26JUL062130-30,63935.28,63942.17,0.705,3.7,0.417804,0.0,2026-07-07 01:21:58+00:00,0.5588,0.4685789804164798,0.5343420404763899,-0.2364210195835202,0.23934204047638985,no,0.23934204047638985,1.0,0.29500000000000004,2026-07-07
2026-07-08 16:55:09+00:00,KXBTC15M-26JUL081300-00,61979.54,61986.63,0.705,4.8,0.55052,1.0,2026-07-08 15:05:42+00:00,0.4282,0.4624168158252845,0.5335156261970506,-0.24258318417471547,0.23851562619705058,no,0.23851562619705058,0.0,0.29500000000000004,2026-07-08
2026-07-08 12:54:29+00:00,KXBTC15M-26JUL080900-00,62047.68,62052.75,0.675,5.5,0.332752,0.0,2026-07-08 12:33:54+00:00,0.3933,0.4534728112763839,0.5400257551834272,-0.22152718872361615,0.21502575518342726,no,0.21502575518342726,1.0,0.32499999999999996,2026-07-08
2026-07-05 12:31:21+00:00,KXBTC15M-26JUL050845-45,62684.26,62684.84,0.675,13.6,0.190658,0.0,2026-07-05 12:26:10+00:00,0.3497,0.459593471580201,0.5257899699824653,-0.21540652841979907,0.20078996998246534,no,0.20078996998246534,1.0,0.32499999999999996,2026-07-05
2026-07-05 08:17:21+00:00,KXBTC15M-26JUL050430-30,62972.5,62968.16,0.325,12.7,0.171855,0.0,2026-07-05 08:16:37+00:00,0.4509,0.521214782789096,0.47426370749647295,0.19621478278909604,-0.2007362925035271,yes,0.19621478278909604,0.0,0.325,2026-07-05
2026-07-09 00:36:40+00:00,KXBTC15M-26JUL082045-45,62138.35,62140.68,0.665,8.3,0.337877,1.0,2026-07-09 00:26:03+00:00,0.3473,0.45979881007937007,0.528593597044388,-0.20520118992062997,0.19359359704438805,no,0.19359359704438805,0.0,0.33499999999999996,2026-07-09
2026-07-03 04:31:24+00:00,KXBTC15M-26JUL030045-45,61346.46,61356.89,0.645,13.6,0.240726,1.0,2026-07-03 04:02:13+00:00,0.6404,0.478767035092946,0.5348558963430816,-0.16623296490705403,0.17985589634308163,no,0.17985589634308163,0.0,0.355,2026-07-03
2026-07-03 08:12:59+00:00,KXBTC15M-26JUL030415-15,61687.82,61694.29,0.575,2.0,0.190963,0.0,2026-07-03 08:05:26+00:00,0.6358,0.4013541310726095,0.6035411026332453,-0.17364586892739048,0.1785411026332453,no,0.1785411026332453,1.0,0.42500000000000004,2026-07-03
2026-07-02 01:06:22+00:00,KXBTC15M-26JUL012115-15,59676.62,59677.17,0.675,8.6,0.396847,1.0,2026-07-02 01:06:10+00:00,0.5052,0.4986939186667402,0.5016998273181882,-0.17630608133325987,0.17669982731818823,no,0.17669982731818823,0.0,0.32499999999999996,2026-07-02
2026-07-05 20:55:09+00:00,KXBTC15M-26JUL051700-00,62690.49,62690.47,0.665,4.8,0.164473,0.0,2026-07-05 20:20:58+00:00,0.4336,0.4912961059094273,0.5049307954139004,-0.17370389409057274,0.16993079541390044,no,0.16993079541390044,1.0,0.33499999999999996,2026-07-05
2026-07-06 06:03:50+00:00,KXBTC15M-26JUL060215-15,63035.86,63058.9,0.545,11.2,0.236229,0.0,2026-07-06 06:03:33+00:00,0.5876,0.38694214307240693,0.6203601716187277,-0.1580578569275931,0.16536017161872774,no,0.16536017161872774,1.0,0.45499999999999996,2026-07-06
2026-07-09 06:07:10+00:00,KXBTC15M-26JUL090215-15,62550.74,62533.11,0.415,7.8,0.347999,0.0,2026-07-09 04:59:22+00:00,0.4743,0.5787322719750254,0.4194502704001468,0.16373227197502543,-0.16554972959985315,yes,0.16373227197502543,0.0,0.415,2026-07-09
2026-07-02 22:35:34+00:00,KXBTC15M-26JUL021845-45,61456.24,61459.97,0.655,9.4,0.183731,0.0,2026-07-02 22:32:03+00:00,0.6863,0.5071608650081164,0.5081673568672967,-0.14783913499188361,0.16316735686729678,no,0.16316735686729678,1.0,0.345,2026-07-02
2026-07-08 11:22:32+00:00,KXBTC15M-26JUL080730-30,62052.15,62061.89,0.58,7.5,0.220866,0.0,2026-07-08 11:05:13+00:00,0.4282,0.41289281292099533,0.5821177222628496,-0.16710718707900463,0.1621177222628496,no,0.1621177222628496,1.0,0.42000000000000004,2026-07-08
2026-07-10 06:38:19+00:00,KXBTC15M-26JUL100245-45,63872.2,63872.17,0.665,6.7,0.187288,0.0,2026-07-10 06:31:48+00:00,0.6112,0.5196172419148185,0.4879074850669115,-0.14538275808518153,0.15290748506691154,no,0.15290748506691154,1.0,0.33499999999999996,2026-07-10
2026-07-04 15:57:38+00:00,KXBTC15M-26JUL041200-00,62886.27,62861.33,0.8985,2.4,0.527388,1.0,2026-07-04 15:57:23+00:00,0.4778,0.7450209216184921,0.25426451096189895,-0.15347907838150787,0.1527645109618989,no,0.1527645109618989,0.0,0.10150000000000003,2026-07-04
2026-07-05 19:03:18+00:00,KXBTC15M-26JUL051515-15,62763.19,62766.02,0.615,11.7,0.234194,1.0,2026-07-05 18:54:27+00:00,0.3583,0.45186282701804564,0.5354178870859685,-0.16313717298195435,0.15041788708596848,no,0.15041788708596848,0.0,0.385,2026-07-05
2026-07-04 01:26:30+00:00,KXBTC15M-26JUL032130-30,62432.13,62462.17,0.0985,3.5,0.446338,0.0,2026-07-04 01:02:06+00:00,0.7114,0.24890880804457566,0.7595501915919078,0.15040880804457565,-0.14194980840809213,yes,0.15040880804457565,0.0,0.0985,2026-07-04
2026-07-07 01:56:50+00:00,KXBTC15M-26JUL062200-00,63897.06,63897.01,0.655,3.2,0.450922,0.0,2026-07-07 01:45:22+00:00,0.5583,0.5075546236063673,0.4951474628232495,-0.14744537639363275,0.15014746282324953,no,0.15014746282324953,1.0,0.345,2026-07-07
2026-07-05 21:46:05+00:00,KXBTC15M-26JUL051800-00,62979.72,62957.71,0.405,13.9,0.293615,1.0,2026-07-05 21:16:57+00:00,0.3497,0.5551038229306692,0.43025018629984724,0.15010382293066915,-0.16474981370015274,yes,0.15010382293066915,1.0,0.405,2026-07-05
2026-07-04 14:24:12+00:00,KXBTC15M-26JUL041030-30,62625.88,62617.0,0.415,5.8,0.295315,0.0,2026-07-04 14:17:03+00:00,0.4899,0.5559125161281152,0.44346562133187517,0.14091251612811523,-0.1415343786681248,yes,0.14091251612811523,0.0,0.415,2026-07-04
2026-07-04 12:27:28+00:00,KXBTC15M-26JUL040830-30,62517.53,62512.75,0.835,2.5,0.122364,1.0,2026-07-04 12:26:49+00:00,0.4608,0.6982512213818945,0.300349575514649,-0.13674877861810542,0.135349575514649,no,0.135349575514649,0.0,0.16500000000000004,2026-07-04
2026-07-02 01:46:59+00:00,KXBTC15M-26JUL012200-00,60173.0,60137.47,0.825,13.0,0.493752,0.0,2026-07-02 01:46:15+00:00,0.6023,0.7003243079307415,0.30811747001183953,-0.12467569206925844,0.1331174700118395,no,0.1331174700118395,1.0,0.17500000000000004,2026-07-02
2026-07-05 12:46:37+00:00,KXBTC15M-26JUL050900-00,62662.87,62661.87,0.625,13.4,0.192528,1.0,2026-07-05 12:26:10+00:00,0.3497,0.48068626105896284,0.5047615251299591,-0.14431373894103716,0.1297615251299591,no,0.1297615251299591,0.0,0.375,2026-07-05
2026-07-06 08:55:54+00:00,KXBTC15M-26JUL060500-00,62840.64,62850.95,0.525,4.1,0.208479,0.0,2026-07-06 08:35:14+00:00,0.5917,0.4007400411871914,0.6039394090083539,-0.1242599588128086,0.12893940900835388,no,0.12893940900835388,1.0,0.475,2026-07-06
2026-07-07 08:18:08+00:00,KXBTC15M-26JUL070430-30,63064.07,63085.09,0.5,11.9,0.205225,0.0,2026-07-07 08:15:25+00:00,0.5397,0.3748338077394092,0.6285275014878562,-0.12516619226059078,0.1285275014878562,no,0.1285275014878562,1.0,0.5,2026-07-07
2026-07-01 19:42:20+00:00,KXBTC15M-26JUL011545-45,60109.11,60100.72,0.775,2.7,0.329074,1.0,2026-07-01 19:42:09+00:00,0.5723,0.650086981180751,0.3527807373965104,-0.12491301881924899,0.1277807373965104,no,0.1277807373965104,0.0,0.22499999999999998,2026-07-01
2026-07-04 03:23:34+00:00,KXBTC15M-26JUL032330-30,62499.29,62508.4,0.535,6.4,0.166493,0.0,2026-07-04 02:01:00+00:00,0.5659,0.4114666125813718,0.5927456037654749,-0.12353338741862824,0.12774560376547495,no,0.12774560376547495,1.0,0.46499999999999997,2026-07-04
2026-07-08 00:21:37+00:00,KXBTC15M-26JUL072030-30,63447.6,63469.28,0.515,8.4,0.298488,1.0,2026-07-08 00:06:54+00:00,0.5057,0.38834570531580764,0.6120639783808103,-0.12665429468419237,0.1270639783808103,no,0.1270639783808103,0.0,0.485,2026-07-08
2026-07-05 15:39:26+00:00,KXBTC15M-26JUL051145-45,62752.62,62728.8,0.855,5.6,0.33019,0.0,2026-07-05 15:21:27+00:00,0.4336,0.7245436474812957,0.2720548513552097,-0.13045635251870424,0.12705485135520966,no,0.12705485135520966,1.0,0.14500000000000002,2026-07-05
2026-07-03 10:04:39+00:00,KXBTC15M-26JUL030615-15,61647.42,61661.25,0.525,10.3,0.168551,1.0,2026-07-03 09:14:52+00:00,0.6358,0.409553261707008,0.6015918921361351,-0.11544673829299201,0.1265918921361351,no,0.1265918921361351,0.0,0.475,2026-07-03
2026-07-10 03:40:51+00:00,KXBTC15M-26JUL092345-45,63827.71,63823.31,0.695,4.1,0.313853,1.0,2026-07-10 03:35:45+00:00,0.5104,0.5706731306277633,0.4298621659977113,-0.12432686937223669,0.12486216599771127,no,0.12486216599771127,0.0,0.30500000000000005,2026-07-10
2026-07-05 22:11:37+00:00,KXBTC15M-26JUL051815-15,63091.39,63077.64,0.765,3.4,0.436864,1.0,2026-07-05 22:09:17+00:00,0.4509,0.6397936601973333,0.35801049736529833,-0.1252063398026667,0.12301049736529834,no,0.12301049736529834,0.0,0.235,2026-07-05
2026-07-08 07:38:34+00:00,KXBTC15M-26JUL080345-45,62772.82,62767.92,0.395,6.4,0.259233,0.0,2026-07-08 06:51:27+00:00,0.3996,0.5178487531510636,0.4755317435510852,0.12284875315106358,-0.1294682564489148,yes,0.12284875315106358,0.0,0.395,2026-07-08
2026-07-03 13:53:05+00:00,KXBTC15M-26JUL031000-00,62101.15,62093.67,0.705,6.9,0.328706,0.0,2026-07-03 13:52:49+00:00,0.4778,0.5811502862918284,0.4173751072871539,-0.12384971370817155,0.12237510728715384,no,0.12237510728715384,1.0,0.29500000000000004,2026-07-03
2026-07-02 01:21:38+00:00,KXBTC15M-26JUL012130-30,59862.42,59868.56,0.605,8.4,0.41209,1.0,2026-07-02 01:20:49+00:00,0.5753,0.489336389312671,0.5163291369775389,-0.115663610687329,0.12132913697753889,no,0.12132913697753889,0.0,0.395,2026-07-02
2026-07-10 04:11:19+00:00,KXBTC15M-26JUL100015-15,63900.37,63894.17,0.725,3.7,0.281423,1.0,2026-07-10 04:11:07+00:00,0.4928,0.603438687496557,0.3962158308511947,-0.12156131250344293,0.1212158308511947,no,0.1212158308511947,0.0,0.275,2026-07-10
2026-07-03 03:05:05+00:00,KXBTC15M-26JUL022315-15,61366.05,61364.73,0.425,9.9,0.303705,0.0,2026-07-03 03:00:25+00:00,0.6865,0.5457842658119554,0.4698932679131056,0.1207842658119554,-0.10510673208689436,yes,0.1207842658119554,0.0,0.425,2026-07-03
2026-07-07 08:38:26+00:00,KXBTC15M-26JUL070445-45,63040.08,63035.73,0.705,6.6,0.20442,0.0,2026-07-07 08:28:18+00:00,0.5397,0.5876218701192839,0.41495387664891403,-0.11737812988071605,0.11995387664891399,no,0.11995387664891399,1.0,0.29500000000000004,2026-07-07
2026-07-06 02:54:52+00:00,KXBTC15M-26JUL052300-00,63379.3,63361.18,0.795,5.1,0.371711,1.0,2026-07-06 02:47:12+00:00,0.5062,0.6756355025214179,0.324690468350499,-0.11936449747858213,0.11969046835049901,no,0.11969046835049901,0.0,0.20499999999999996,2026-07-06
2026-07-03 02:09:14+00:00,KXBTC15M-26JUL022215-15,61544.86,61521.83,0.855,5.8,0.319194,0.0,2026-07-03 01:41:08+00:00,0.5322,0.7373757764092428,0.26426501267088165,-0.1176242235907572,0.11926501267088163,no,0.11926501267088163,1.0,0.14500000000000002,2026-07-03
2026-07-08 13:09:45+00:00,KXBTC15M-26JUL080915-15,61909.64,61910.33,0.605,5.2,0.410758,0.0,2026-07-08 13:04:13+00:00,0.4007,0.4817940417304867,0.5123019894142846,-0.1232059582695133,0.1173019894142846,no,0.1173019894142846,1.0,0.395,2026-07-08
2026-07-08 00:01:18+00:00,KXBTC15M-26JUL072015-15,63273.38,63300.99,0.505,13.7,0.288534,1.0,2026-07-08 00:01:18+00:00,0.5363,0.3918937428660564,0.6114478156708757,-0.11310625713394362,0.1164478156708757,no,0.1164478156708757,0.0,0.495,2026-07-08
2026-07-04 11:51:55+00:00,KXBTC15M-26JUL040800-00,62438.8,62445.51,0.535,8.1,0.11886,0.0,2026-07-04 11:39:54+00:00,0.6029,0.42764346822840127,0.5798642392164992,-0.10735653177159876,0.11486423921649924,no,0.11486423921649924,1.0,0.46499999999999997,2026-07-04
2026-07-04 11:11:20+00:00,KXBTC15M-26JUL040715-15,62468.46,62471.4,0.275,3.7,0.10697,0.0,2026-07-04 11:07:52+00:00,0.6029,0.38962493509632523,0.6153354215355515,0.11462493509632521,-0.10966457846444844,yes,0.11462493509632521,0.0,0.275,2026-07-04
2026-07-03 18:55:38+00:00,KXBTC15M-26JUL031500-00,62162.73,62173.98,0.505,4.4,0.214011,0.0,2026-07-03 18:51:43+00:00,0.5819,0.3957932927445433,0.6085143084109405,-0.10920670725545673,0.11351430841094046,no,0.11351430841094046,1.0,0.495,2026-07-03
2026-07-08 11:32:49+00:00,KXBTC15M-26JUL080745-45,62066.38,62047.28,0.495,12.2,0.20409,1.0,2026-07-08 11:32:47+00:00,0.4282,0.6072731716936904,0.38646719468410284,0.11227317169369044,-0.11853280531589716,yes,0.11227317169369044,1.0,0.495,2026-07-08
2026-07-05 22:16:43+00:00,KXBTC15M-26JUL051830-30,63193.13,63156.72,0.775,13.3,0.477148,1.0,2026-07-05 22:13:18+00:00,0.4681,0.6600316732023338,0.33721094150045805,-0.11496832679766622,0.11221094150045807,no,0.11221094150045807,0.0,0.22499999999999998,2026-07-05
2026-07-06 03:51:41+00:00,KXBTC15M-26JUL060000-00,63155.62,63145.88,0.445,8.3,0.281999,1.0,2026-07-06 03:51:39+00:00,0.5106,0.5566868442871569,0.4440938792206145,0.11168684428715686,-0.11090612077938544,yes,0.11168684428715686,1.0,0.445,2026-07-06
2026-07-04 10:51:00+00:00,KXBTC15M-26JUL040700-00,62433.89,62431.55,0.45,9.0,0.086571,1.0,2026-07-04 09:10:33+00:00,0.6029,0.5616449006371877,0.4463317222943617,0.11164490063718774,-0.10366827770563836,yes,0.11164490063718774,1.0,0.45,2026-07-04
2026-07-04 01:52:01+00:00,KXBTC15M-26JUL032200-00,62392.13,62391.38,0.645,8.0,0.367631,1.0,2026-07-04 01:02:06+00:00,0.7114,0.5496453856303768,0.46650717295296174,-0.09535461436962323,0.11150717295296175,no,0.11150717295296175,0.0,0.355,2026-07-04
2026-07-09 05:11:14+00:00,KXBTC15M-26JUL090115-15,62399.53,62401.65,0.59,3.8,0.272736,1.0,2026-07-09 04:59:22+00:00,0.4743,0.4782925655561002,0.5204148049566144,-0.11170743444389974,0.11041480495661438,no,0.11041480495661438,0.0,0.41000000000000003,2026-07-09
2026-07-02 17:11:32+00:00,KXBTC15M-26JUL021315-15,61649.45,61623.73,0.775,3.5,0.694221,1.0,2026-07-02 16:29:24+00:00,0.5175,0.6658500361060266,0.33492174665986685,-0.10914996389397347,0.10992174665986687,no,0.10992174665986687,0.0,0.22499999999999998,2026-07-02
2026-07-05 21:40:59+00:00,KXBTC15M-26JUL051745-45,62887.74,62873.6,0.785,4.0,0.289188,1.0,2026-07-05 21:16:57+00:00,0.3497,0.6679771578944774,0.324815807811219,-0.1170228421055226,0.10981580781121902,no,0.10981580781121902,0.0,0.21499999999999997,2026-07-05
2026-07-05 16:25:21+00:00,KXBTC15M-26JUL051230-30,62655.06,62668.14,0.195,4.7,0.252087,0.0,2026-07-05 16:16:42+00:00,0.4336,0.30208170769327913,0.6946458020800756,0.10708170769327913,-0.11035419791992429,yes,0.10708170769327913,0.0,0.195,2026-07-05
2026-07-04 17:48:59+00:00,KXBTC15M-26JUL041400-00,63162.33,63105.72,0.895,11.0,0.402848,1.0,2026-07-04 17:48:11+00:00,0.4904,0.7889195055794285,0.2104852460104334,-0.10608049442057155,0.10548524601043341,no,0.10548524601043341,0.0,0.10499999999999998,2026-07-04
2026-07-03 20:41:58+00:00,KXBTC15M-26JUL031645-45,62587.08,62565.84,0.775,3.0,0.565157,1.0,2026-07-03 20:25:25+00:00,0.4904,0.670471093576583,0.32913945537514055,-0.10452890642341706,0.10413945537514058,no,0.10413945537514058,0.0,0.22499999999999998,2026-07-03
2026-07-05 16:55:56+00:00,KXBTC15M-26JUL051300-00,62590.97,62570.59,0.885,4.1,0.237431,1.0,2026-07-05 16:16:42+00:00,0.4336,0.780966813524632,0.21645996059025974,-0.10403318647536797,0.10145996059025975,no,0.10145996059025975,0.0,0.11499999999999999,2026-07-05
2026-07-09 20:22:26+00:00,KXBTC15M-26JUL091630-30,63189.63,63172.18,0.775,7.6,0.281489,1.0,2026-07-09 20:05:43+00:00,0.4991,0.6738902912062776,0.3260518348863892,-0.10110970879372239,0.10105183488638925,no,0.10105183488638925,0.0,0.22499999999999998,2026-07-09
2026-07-05 20:39:50+00:00,KXBTC15M-26JUL051645-45,62683.44,62670.45,0.815,5.2,0.186663,1.0,2026-07-05 20:20:58+00:00,0.4336,0.711557647453207,0.28509001730197725,-0.1034423525467929,0.1000900173019772,no,0.1000900173019772,0.0,0.18500000000000005,2026-07-05
2026-07-07 11:41:11+00:00,KXBTC15M-26JUL070745-45,63115.78,63123.16,0.525,3.8,0.236375,1.0,2026-07-07 11:32:54+00:00,0.4767,0.4241394351656831,0.5747081127037376,-0.10086056483431693,0.09970811270373758,no,0.09970811270373758,0.0,0.475,2026-07-07
2026-07-02 16:36:03+00:00,KXBTC15M-26JUL021245-45,61217.75,61122.75,0.865,9.0,0.853021,1.0,2026-07-02 16:29:24+00:00,0.5175,0.7675010404936999,0.2335385689347117,-0.09749895950630005,0.09853856893471169,no,0.09853856893471169,0.0,0.135,2026-07-02
2026-07-04 05:40:39+00:00,KXBTC15M-26JUL040145-45,62467.86,62460.78,0.815,4.4,0.131186,1.0,2026-07-04 05:08:41+00:00,0.7114,0.7266107834489023,0.28352505101295367,-0.08838921655109766,0.09852505101295361,no,0.09852505101295361,0.0,0.18500000000000005,2026-07-04
2026-07-05 15:54:47+00:00,KXBTC15M-26JUL051200-00,62694.64,62658.4,0.895,5.2,0.335704,1.0,2026-07-05 15:52:00+00:00,0.3497,0.7901531461694526,0.20335774612313529,-0.10484685383054737,0.0983577461231353,no,0.0983577461231353,0.0,0.10499999999999998,2026-07-05
2026-07-08 05:31:29+00:00,KXBTC15M-26JUL080145-45,62720.1,62709.23,0.475,13.5,0.242154,0.0,2026-07-08 05:30:16+00:00,0.5725,0.5732176502896325,0.43359234500285393,0.09821765028963247,-0.09140765499714609,yes,0.09821765028963247,0.0,0.475,2026-07-08
2026-07-08 21:22:16+00:00,KXBTC15M-26JUL081730-30,61968.24,61961.66,0.655,7.7,0.309717,1.0,2026-07-08 21:11:24+00:00,0.3657,0.5474103571035616,0.44286269090202146,-0.10758964289643846,0.09786269090202149,no,0.09786269090202149,0.0,0.345,2026-07-08
2026-07-05 20:09:21+00:00,KXBTC15M-26JUL051615-15,62755.88,62728.25,0.961,5.6,0.210515,1.0,2026-07-05 19:51:30+00:00,0.515,0.8640526983203194,0.13644924854713225,-0.09694730167968058,0.09744924854713222,no,0.09744924854713222,0.0,0.039000000000000035,2026-07-05
2026-07-09 20:32:35+00:00,KXBTC15M-26JUL091645-45,63240.68,63241.15,0.595,12.4,0.281084,1.0,2026-07-09 20:05:43+00:00,0.4991,0.4976237878657204,0.5022943843768178,-0.09737621213427955,0.09729438437681781,no,0.09729438437681781,0.0,0.405,2026-07-09
2026-07-02 17:47:10+00:00,KXBTC15M-26JUL021400-00,61655.27,61726.99,0.185,12.8,0.589174,0.0,2026-07-02 17:25:10+00:00,0.5738,0.28032418645245294,0.725435543316002,0.09532418645245294,-0.08956445668399793,yes,0.09532418645245294,0.0,0.185,2026-07-02
2026-07-03 14:38:42+00:00,KXBTC15M-26JUL031045-45,61855.16,61862.55,0.355,6.3,0.619956,1.0,2026-07-03 14:36:49+00:00,0.4968,0.44997040314130204,0.5498238370964686,0.09497040314130206,-0.09517616290353137,yes,0.09497040314130206,1.0,0.355,2026-07-03
2026-07-02 19:49:11+00:00,KXBTC15M-26JUL021600-00,61489.05,61525.77,0.195,10.8,0.287947,0.0,2026-07-02 19:43:23+00:00,0.6869,0.28979835315381697,0.7241799279639912,0.09479835315381696,-0.08082007203600872,yes,0.09479835315381696,0.0,0.195,2026-07-02
2026-07-09 13:39:15+00:00,KXBTC15M-26JUL090945-45,62676.5,62653.31,0.475,5.7,0.568683,1.0,2026-07-09 13:36:36+00:00,0.4336,0.5682162013629458,0.4277354675352779,0.09321620136294584,-0.09726453246472211,yes,0.09321620136294584,1.0,0.475,2026-07-09
2026-07-09 01:27:34+00:00,KXBTC15M-26JUL082130-30,62338.1,62353.43,0.525,2.4,0.752413,1.0,2026-07-09 01:24:18+00:00,0.3859,0.4278168538235241,0.5676263370889647,-0.09718314617647594,0.09262633708896473,no,0.09262633708896473,0.0,0.475,2026-07-09
2026-07-07 15:19:54+00:00,KXBTC15M-26JUL071130-30,63519.2,63495.48,0.665,10.1,0.942859,1.0,2026-07-07 14:35:12+00:00,0.4916,0.5717852630211059,0.42753670437648783,-0.09321473697889415,0.09253670437648787,no,0.09253670437648787,0.0,0.33499999999999996,2026-07-07
2026-07-04 12:42:42+00:00,KXBTC15M-26JUL040845-45,62563.0,62547.73,0.9605,2.3,0.174129,1.0,2026-07-04 12:35:18+00:00,0.4899,0.8682562970715393,0.13153214113859235,-0.09224370292846074,0.09203214113859237,no,0.09203214113859237,0.0,0.03949999999999998,2026-07-04
2026-07-02 20:04:29+00:00,KXBTC15M-26JUL021615-15,61403.52,61403.97,0.445,10.5,0.478529,0.0,2026-07-02 19:43:23+00:00,0.6869,0.5368580971057831,0.47935631894012887,0.09185809710578313,-0.07564368105987107,yes,0.09185809710578313,0.0,0.445,2026-07-02
2026-07-06 08:20:21+00:00,KXBTC15M-26JUL060430-30,62998.27,62989.95,0.705,9.6,0.230192,1.0,2026-07-06 08:19:10+00:00,0.5917,0.6211958706924345,0.3858815461371772,-0.08380412930756542,0.09088154613717714,no,0.09088154613717714,0.0,0.29500000000000004,2026-07-06
2026-07-07 03:48:34+00:00,KXBTC15M-26JUL070000-00,63138.4,63158.17,0.505,11.4,0.304908,0.0,2026-07-07 03:47:56+00:00,0.526,0.4182950880153467,0.5839240949185434,-0.0867049119846533,0.08892409491854336,no,0.08892409491854336,1.0,0.495,2026-07-07
2026-07-03 06:16:10+00:00,KXBTC15M-26JUL030230-30,61661.72,61671.49,0.535,13.8,0.218061,0.0,2026-07-03 06:15:19+00:00,0.5259,0.449781132077551,0.552684148460552,-0.08521886792244904,0.08768414846055206,no,0.08768414846055206,1.0,0.46499999999999997,2026-07-03
2026-07-06 16:53:09+00:00,KXBTC15M-26JUL061300-00,63689.61,63684.85,0.415,6.8,0.847341,0.0,2026-07-06 15:40:58+00:00,0.4541,0.5020399160127031,0.49486291849674313,0.08703991601270317,-0.09013708150325683,yes,0.08703991601270317,0.0,0.415,2026-07-06
2026-07-05 17:46:57+00:00,KXBTC15M-26JUL051400-00,62570.28,62568.67,0.585,13.0,0.244843,1.0,2026-07-05 17:30:14+00:00,0.3497,0.4845163635785848,0.501146827383371,-0.10048363642141517,0.08614682738337098,no,0.08614682738337098,0.0,0.41500000000000004,2026-07-05
2026-07-09 03:55:01+00:00,KXBTC15M-26JUL090000-00,61920.53,61905.93,0.715,5.0,0.34815,1.0,2026-07-09 03:33:46+00:00,0.3472,0.6211560648246095,0.370245950087567,-0.09384393517539047,0.08524595008756697,no,0.08524595008756697,0.0,0.28500000000000003,2026-07-09
2026-07-10 02:39:54+00:00,KXBTC15M-26JUL092245-45,63860.57,63793.14,0.901,5.1,0.579839,1.0,2026-07-10 02:28:32+00:00,0.4928,0.816926439338774,0.1827945986614633,-0.08407356066122607,0.08379459866146333,no,0.08379459866146333,0.0,0.09899999999999998,2026-07-10
2026-07-09 23:42:04+00:00,KXBTC15M-26JUL091945-45,63219.03,63199.04,0.835,2.9,0.319884,1.0,2026-07-09 23:39:43+00:00,0.5848,0.7551311991387079,0.24783817631970373,-0.07986880086129211,0.0828381763197037,no,0.0828381763197037,0.0,0.16500000000000004,2026-07-09
2026-07-08 01:48:07+00:00,KXBTC15M-26JUL072200-00,63150.14,63106.61,0.73,11.9,0.661494,0.0,2026-07-08 01:29:54+00:00,0.5056,0.6477691451811848,0.35269514726356477,-0.0822308548188152,0.08269514726356475,no,0.08269514726356475,1.0,0.27,2026-07-08
2026-07-05 18:37:47+00:00,KXBTC15M-26JUL051445-45,62664.52,62644.4,0.805,7.2,0.205648,1.0,2026-07-05 18:17:45+00:00,0.3497,0.7135367884686674,0.27742815660898024,-0.09146321153133263,0.08242815660898029,no,0.08242815660898029,0.0,0.19499999999999995,2026-07-05
2026-07-10 03:56:04+00:00,KXBTC15M-26JUL100000-00,63886.61,63880.21,0.675,3.9,0.291345,1.0,2026-07-10 03:54:09+00:00,0.4928,0.5930924088742523,0.40655052236232037,-0.08190759112574775,0.08155052236232041,no,0.08155052236232041,0.0,0.32499999999999996,2026-07-10
2026-07-07 07:07:00+00:00,KXBTC15M-26JUL070315-15,63304.49,63296.13,0.685,8.0,0.246766,1.0,2026-07-07 06:53:54+00:00,0.5218,0.6050145043430918,0.39652364046235977,-0.07998549565690827,0.08152364046235983,no,0.08152364046235983,0.0,0.31499999999999995,2026-07-07
2026-07-03 15:04:07+00:00,KXBTC15M-26JUL031115-15,62125.45,62122.92,0.595,10.9,0.576101,1.0,2026-07-03 14:59:02+00:00,0.4928,0.5142617132591476,0.4851249006136037,-0.08073828674085237,0.08012490061360367,no,0.08012490061360367,0.0,0.405,2026-07-03
2026-07-06 14:10:34+00:00,KXBTC15M-26JUL061015-15,61861.68,61760.12,0.875,4.4,1.054845,1.0,2026-07-06 12:34:53+00:00,0.5042,0.7951308808870534,0.20503110436199812,-0.07986911911294658,0.08003110436199812,no,0.08003110436199812,0.0,0.125,2026-07-06
2026-07-02 18:27:42+00:00,KXBTC15M-26JUL021430-30,61742.67,61781.53,0.0605,2.3,0.430754,1.0,2026-07-02 18:27:16+00:00,0.5328,0.14043321247334772,0.8602844299198087,0.07993321247334773,-0.07921557008019131,yes,0.07993321247334773,1.0,0.0605,2026-07-02
2026-07-02 21:34:33+00:00,KXBTC15M-26JUL021745-45,61464.07,61474.09,0.375,10.4,0.273904,0.0,2026-07-02 21:26:41+00:00,0.6863,0.4547233805217102,0.5612555118732803,0.07972338052171019,-0.06374448812671973,yes,0.07972338052171019,0.0,0.375,2026-07-02
2026-07-03 10:24:55+00:00,KXBTC15M-26JUL030630-30,61657.63,61663.75,0.515,5.1,0.165837,1.0,2026-07-03 10:19:35+00:00,0.6358,0.44373220454013806,0.5642532070766384,-0.07126779545986195,0.07925320707663841,no,0.07925320707663841,0.0,0.485,2026-07-03
2026-07-05 07:46:54+00:00,KXBTC15M-26JUL050400-00,62865.77,62870.71,0.525,13.1,0.15249,1.0,2026-07-05 07:45:41+00:00,0.4122,0.43838857869613196,0.5534252074685246,-0.08661142130386806,0.07842520746852466,no,0.07842520746852466,0.0,0.475,2026-07-05
2026-07-09 14:40:16+00:00,KXBTC15M-26JUL091045-45,62877.62,62807.78,0.835,4.7,0.816611,1.0,2026-07-09 14:08:04+00:00,0.4991,0.7567561624196373,0.24320429491902895,-0.07824383758036269,0.07820429491902892,no,0.07820429491902892,0.0,0.16500000000000004,2026-07-09
2026-07-06 01:04:02+00:00,KXBTC15M-26JUL052115-15,63671.64,63695.38,0.505,11.0,0.454593,1.0,2026-07-06 01:02:25+00:00,0.4843,0.42556427215892817,0.5731139744357687,-0.07943572784107183,0.07811397443576873,no,0.07811397443576873,0.0,0.495,2026-07-06
2026-07-09 21:31:01+00:00,KXBTC15M-26JUL091745-45,63209.19,63203.1,0.635,14.0,0.224894,0.0,2026-07-09 21:27:26+00:00,0.4436,0.5515923901916094,0.4429913381294669,-0.08340760980839057,0.0779913381294669,no,0.0779913381294669,1.0,0.365,2026-07-09
2026-07-05 14:53:39+00:00,KXBTC15M-26JUL051100-00,62680.72,62698.84,0.185,6.4,0.242178,1.0,2026-07-05 14:18:05+00:00,0.3497,0.26270838431561727,0.7290014965668348,0.07770838431561727,-0.08599850343316517,yes,0.07770838431561727,1.0,0.185,2026-07-05
2026-07-04 11:21:29+00:00,KXBTC15M-26JUL040730-30,62454.78,62452.53,0.655,8.5,0.11225,0.0,2026-07-04 11:07:52+00:00,0.6029,0.5852491859156542,0.42242095863111184,-0.0697508140843458,0.07742095863111187,no,0.07742095863111187,1.0,0.345,2026-07-04
2026-07-02 21:24:24+00:00,KXBTC15M-26JUL021730-30,61466.77,61462.3,0.655,5.6,0.30786,1.0,2026-07-02 21:23:25+00:00,0.6863,0.5904888735044043,0.42107469019562993,-0.06451112649559576,0.07607469019562996,no,0.07607469019562996,0.0,0.345,2026-07-02
2026-07-09 15:26:05+00:00,KXBTC15M-26JUL091130-30,63068.51,63040.2,0.695,3.9,0.883344,0.0,2026-07-09 15:21:47+00:00,0.426,0.6154944537752433,0.38087566943266693,-0.0795055462247567,0.07587566943266688,no,0.07587566943266688,1.0,0.30500000000000005,2026-07-09
2026-07-09 03:19:25+00:00,KXBTC15M-26JUL082330-30,61760.83,61799.99,0.145,10.6,0.330268,1.0,2026-07-09 03:18:59+00:00,0.3657,0.22069529665620713,0.7706505995308383,0.07569529665620714,-0.08434940046916173,yes,0.07569529665620714,1.0,0.145,2026-07-09
2026-07-08 00:41:57+00:00,KXBTC15M-26JUL072045-45,63621.03,63579.66,0.947,3.0,0.374573,1.0,2026-07-08 00:06:54+00:00,0.5057,0.8714527749385543,0.1286814001587222,-0.07554722506144562,0.07568140015872216,no,0.07568140015872216,0.0,0.05300000000000005,2026-07-08
2026-07-06 17:23:39+00:00,KXBTC15M-26JUL061330-30,63854.28,63816.43,0.735,6.3,0.653139,1.0,2026-07-06 15:40:58+00:00,0.4541,0.6566336149897557,0.34062214154750203,-0.07836638501024429,0.07562214154750202,no,0.07562214154750202,0.0,0.265,2026-07-06
2026-07-08 05:06:08+00:00,KXBTC15M-26JUL080115-15,62768.37,62752.17,0.735,8.9,0.267782,1.0,2026-07-08 05:02:26+00:00,0.553,0.6631404916035631,0.3406147984230463,-0.07185950839643684,0.0756147984230463,no,0.0756147984230463,0.0,0.265,2026-07-08
2026-07-08 21:32:25+00:00,KXBTC15M-26JUL081745-45,62072.8,62056.9,0.675,12.6,0.284719,0.0,2026-07-08 21:11:24+00:00,0.3657,0.5874606982944921,0.4003356501308005,-0.08753930170550794,0.07533565013080057,no,0.07533565013080057,1.0,0.32499999999999996,2026-07-08
2026-07-06 15:47:05+00:00,KXBTC15M-26JUL061200-00,62827.0,62830.1,0.405,12.9,1.079061,1.0,2026-07-06 15:40:58+00:00,0.4541,0.4795236362720961,0.5162148698133531,0.07452363627209607,-0.0787851301866469,yes,0.07452363627209607,1.0,0.405,2026-07-06
2026-07-04 16:38:08+00:00,KXBTC15M-26JUL041245-45,62862.46,62827.58,0.815,6.9,0.355433,1.0,2026-07-04 15:57:23+00:00,0.4778,0.7392720108581569,0.25950286713261683,-0.07572798914184309,0.07450286713261678,no,0.07450286713261678,0.0,0.18500000000000005,2026-07-04
2026-07-03 20:16:37+00:00,KXBTC15M-26JUL031630-30,62354.35,62364.67,0.395,13.4,0.508085,1.0,2026-07-03 18:51:43+00:00,0.5819,0.46880740687311195,0.5389583922373936,0.07380740687311194,-0.06604160776260637,yes,0.07380740687311194,1.0,0.395,2026-07-03
2026-07-09 16:40:24+00:00,KXBTC15M-26JUL091245-45,62711.15,62646.91,0.9065,4.6,0.52218,1.0,2026-07-09 16:33:45+00:00,0.4336,0.8307411990420568,0.16693243929132362,-0.07575880095794318,0.07343243929132359,no,0.07343243929132359,0.0,0.09350000000000003,2026-07-09
2026-07-06 05:33:17+00:00,KXBTC15M-26JUL060145-45,62966.76,62963.7,0.445,11.7,0.290072,1.0,2026-07-06 05:19:53+00:00,0.5187,0.5182903534569346,0.4833602064274165,0.07329035345693463,-0.07163979357258343,yes,0.07329035345693463,1.0,0.445,2026-07-06
2026-07-07 20:32:31+00:00,KXBTC15M-26JUL071645-45,63674.59,63699.12,0.295,12.5,0.391398,0.0,2026-07-07 19:35:17+00:00,0.5057,0.3681391246785702,0.6323524320225404,0.0731391246785702,-0.07264756797745964,yes,0.0731391246785702,0.0,0.295,2026-07-07
2026-07-08 05:46:46+00:00,KXBTC15M-26JUL080200-00,62580.97,62573.85,0.465,13.2,0.268296,1.0,2026-07-08 05:38:20+00:00,0.5144,0.5370839971214281,0.46426150396690424,0.07208399712142805,-0.07073849603309568,yes,0.07208399712142805,1.0,0.465,2026-07-08
2026-07-04 14:39:26+00:00,KXBTC15M-26JUL041045-45,62580.9,62613.48,0.135,5.6,0.254785,1.0,2026-07-04 14:29:33+00:00,0.6358,0.2067822396191254,0.7992245566698182,0.07178223961912539,-0.06577544333018182,yes,0.07178223961912539,1.0,0.135,2026-07-04
2026-07-04 13:53:44+00:00,KXBTC15M-26JUL041000-00,62519.45,62552.72,0.125,6.3,0.241684,0.0,2026-07-04 13:44:01+00:00,0.6029,0.1965028295518464,0.8081461240213309,0.07150282955184639,-0.0668538759786691,yes,0.07150282955184639,0.0,0.125,2026-07-04
2026-07-06 01:23:28+00:00,KXBTC15M-26JUL052130-30,63697.38,63745.54,0.17,6.5,0.426229,0.0,2026-07-06 01:18:48+00:00,0.5598,0.2412381219326833,0.7618388349028973,0.07123812193268328,-0.06816116509710268,yes,0.07123812193268328,0.0,0.17,2026-07-06
2026-07-09 06:37:36+00:00,KXBTC15M-26JUL090245-45,62745.62,62750.64,0.545,7.4,0.361734,1.0,2026-07-09 04:59:22+00:00,0.4743,0.471992662743488,0.5262051509783161,-0.07300733725651204,0.07120515097831615,no,0.07120515097831615,0.0,0.45499999999999996,2026-07-09
2026-07-05 13:06:56+00:00,KXBTC15M-26JUL050915-15,62697.77,62685.11,0.735,8.1,0.193646,1.0,2026-07-05 13:06:56+00:00,0.4928,0.6633968252854735,0.336119218096926,-0.07160317471452649,0.071119218096926,no,0.071119218096926,0.0,0.265,2026-07-05
2026-07-06 04:52:41+00:00,KXBTC15M-26JUL060100-00,63278.22,63268.52,0.705,7.3,0.236613,0.0,2026-07-06 04:33:50+00:00,0.6212,0.6422324896939509,0.36583616871538727,-0.0627675103060491,0.07083616871538723,no,0.07083616871538723,1.0,0.29500000000000004,2026-07-06
2026-07-05 22:52:28+00:00,KXBTC15M-26JUL051900-00,63542.73,63500.59,0.745,7.5,0.595237,1.0,2026-07-05 22:13:18+00:00,0.4681,0.6722269044750665,0.3257314466100607,-0.0727730955249335,0.0707314466100607,no,0.0707314466100607,0.0,0.255,2026-07-05
2026-07-08 02:23:38+00:00,KXBTC15M-26JUL072230-30,62850.18,62864.59,0.525,6.4,0.581738,1.0,2026-07-08 02:18:52+00:00,0.494,0.4540686706912443,0.5455419746918484,-0.07093132930875573,0.07054197469184842,no,0.07054197469184842,0.0,0.475,2026-07-08
2026-07-09 15:31:11+00:00,KXBTC15M-26JUL091145-45,62929.06,62946.99,0.535,13.8,0.912417,0.0,2026-07-09 15:30:49+00:00,0.426,0.45792147459874344,0.5349729057337878,-0.07707852540125659,0.06997290573378778,no,0.06997290573378778,1.0,0.46499999999999997,2026-07-09
2026-07-03 07:27:15+00:00,KXBTC15M-26JUL030330-30,61655.98,61639.88,0.896,2.7,0.18128,1.0,2026-07-03 07:09:13+00:00,0.5103,0.8264033513307171,0.17387774467605155,-0.06959664866928295,0.06987774467605157,no,0.06987774467605157,0.0,0.10399999999999998,2026-07-03
2026-07-08 14:41:20+00:00,KXBTC15M-26JUL081045-45,61896.37,61976.48,0.097,3.7,0.776887,0.0,2026-07-08 14:20:41+00:00,0.4282,0.16665961664626283,0.8310851712744648,0.06965961664626283,-0.07191482872553523,yes,0.06965961664626283,0.0,0.097,2026-07-08
2026-07-06 11:07:53+00:00,KXBTC15M-26JUL060715-15,62771.9,62769.4,0.625,7.1,0.163578,0.0,2026-07-06 11:07:37+00:00,0.5105,0.5560958445819603,0.44461956763717436,-0.06890415541803974,0.06961956763717436,no,0.06961956763717436,1.0,0.375,2026-07-06
2026-07-05 07:02:26+00:00,KXBTC15M-26JUL050315-15,62734.99,62728.74,0.665,12.6,0.130958,0.0,2026-07-05 07:02:14+00:00,0.4336,0.5895511420448094,0.4045000725172563,-0.07544885795519063,0.06950007251725632,no,0.06950007251725632,1.0,0.33499999999999996,2026-07-05
2026-07-04 14:49:37+00:00,KXBTC15M-26JUL041100-00,62627.98,62640.68,0.315,10.4,0.275419,1.0,2026-07-04 14:48:20+00:00,0.4899,0.38439849024155326,0.6147957413012135,0.06939849024155326,-0.07020425869878655,yes,0.06939849024155326,1.0,0.315,2026-07-04
2026-07-02 11:10:47+00:00,KXBTC15M-26JUL020715-15,61236.07,61195.19,0.9025,4.2,0.358251,1.0,2026-07-02 09:30:46+00:00,0.4905,0.8328590019070758,0.16682575439558245,-0.06964099809292412,0.06932575439558242,no,0.06932575439558242,0.0,0.09750000000000003,2026-07-02
2026-07-03 22:21:39+00:00,KXBTC15M-26JUL031830-30,62606.52,62562.39,0.845,8.4,0.337868,1.0,2026-07-03 22:04:12+00:00,0.4843,0.7750526178674557,0.2240650158431965,-0.06994738213254426,0.06906501584319646,no,0.06906501584319646,0.0,0.15500000000000003,2026-07-03
2026-07-04 01:41:47+00:00,KXBTC15M-26JUL032145-45,62391.32,62417.23,0.235,3.2,0.39808,0.0,2026-07-04 01:02:06+00:00,0.7114,0.3034731657113207,0.705465651740724,0.06847316571132073,-0.05953434825927606,yes,0.06847316571132073,0.0,0.235,2026-07-04
2026-07-05 18:22:31+00:00,KXBTC15M-26JUL051430-30,62641.36,62606.43,0.88,7.5,0.221613,1.0,2026-07-05 18:17:45+00:00,0.3497,0.8048177402259094,0.18773870705222506,-0.07518225977409065,0.06773870705222507,no,0.06773870705222507,0.0,0.12,2026-07-05
2026-07-06 10:32:19+00:00,KXBTC15M-26JUL060645-45,62814.08,62819.98,0.505,12.7,0.139348,1.0,2026-07-06 10:20:22+00:00,0.4461,0.4331758486174697,0.5619143151620334,-0.07182415138253029,0.06691431516203339,no,0.06691431516203339,0.0,0.495,2026-07-06
2026-07-04 04:34:38+00:00,KXBTC15M-26JUL040045-45,62659.53,62624.65,0.595,10.4,0.223305,0.0,2026-07-04 04:18:37+00:00,0.7114,0.6614916599012233,0.355647231851308,0.0664916599012233,-0.04935276814869205,yes,0.0664916599012233,0.0,0.595,2026-07-04
2026-07-03 21:46:13+00:00,KXBTC15M-26JUL031800-00,62568.08,62549.23,0.665,13.8,0.402053,1.0,2026-07-03 21:14:19+00:00,0.4916,0.5987701825030981,0.4004490789068391,-0.06622981749690193,0.06544907890683915,no,0.06544907890683915,0.0,0.33499999999999996,2026-07-03
2026-07-09 00:16:17+00:00,KXBTC15M-26JUL082030-30,62198.05,62205.61,0.525,13.7,0.239324,0.0,2026-07-09 00:16:04+00:00,0.495,0.4591932941059901,0.5403313239581984,-0.06580670589400994,0.0653313239581984,no,0.0653313239581984,1.0,0.475,2026-07-09
2026-07-07 04:08:54+00:00,KXBTC15M-26JUL070015-15,63129.95,63138.26,0.505,6.1,0.244662,1.0,2026-07-07 04:00:44+00:00,0.526,0.4413603839976905,0.560280357990264,-0.0636396160023095,0.06528035799026399,no,0.06528035799026399,0.0,0.495,2026-07-07
2026-07-10 00:02:25+00:00,KXBTC15M-26JUL092015-15,63144.06,63193.52,0.205,12.6,0.329663,0.0,2026-07-09 23:55:21+00:00,0.5848,0.2699455767818051,0.7365052684869657,0.0649455767818051,-0.058494731513034304,yes,0.0649455767818051,0.0,0.205,2026-07-10
2026-07-04 12:57:54+00:00,KXBTC15M-26JUL040900-00,62579.13,62564.07,0.95,2.1,0.150213,1.0,2026-07-04 12:35:18+00:00,0.4899,0.8849004769832092,0.11491562671388,-0.06509952301679078,0.06491562671387996,no,0.06491562671387996,0.0,0.050000000000000044,2026-07-04
2026-07-08 14:26:06+00:00,KXBTC15M-26JUL081030-30,62069.32,62039.5,0.695,3.9,0.812208,0.0,2026-07-08 14:20:41+00:00,0.4282,0.6268283374266819,0.3696834568358961,-0.06817166257331808,0.06468345683589605,no,0.06468345683589605,1.0,0.30500000000000005,2026-07-08
2026-07-07 05:50:26+00:00,KXBTC15M-26JUL070200-00,63118.9,63122.52,0.545,9.6,0.265671,0.0,2026-07-07 05:48:25+00:00,0.5057,0.4809963209805967,0.5194591645584354,-0.06400367901940335,0.06445916455843548,no,0.06445916455843548,1.0,0.45499999999999996,2026-07-07
2026-07-03 00:37:41+00:00,KXBTC15M-26JUL022045-45,61213.31,61241.48,0.245,7.3,0.273422,1.0,2026-07-03 00:15:43+00:00,0.6863,0.3093003261922891,0.7025317428188562,0.06430032619228909,-0.052468257181143785,yes,0.06430032619228909,1.0,0.245,2026-07-03
2026-07-02 02:48:03+00:00,KXBTC15M-26JUL012300-00,60393.42,60337.56,0.815,12.0,0.428052,1.0,2026-07-02 02:37:03+00:00,0.5284,0.7527578139440605,0.24925971211704323,-0.06224218605593945,0.06425971211704318,no,0.06425971211704318,0.0,0.18500000000000005,2026-07-02
2026-07-03 14:53:57+00:00,KXBTC15M-26JUL031100-00,62066.86,61986.74,0.885,6.0,0.596067,1.0,2026-07-03 14:36:49+00:00,0.4968,0.82082834844921,0.17903894930244957,-0.06417165155078997,0.06403894930244958,no,0.06403894930244958,0.0,0.11499999999999999,2026-07-03
2026-07-10 00:48:09+00:00,KXBTC15M-26JUL092100-00,63011.0,63022.95,0.535,11.8,0.397572,1.0,2026-07-10 00:47:56+00:00,0.5848,0.4787972705421729,0.5287665700797997,-0.056202729457827116,0.06376657007979969,no,0.06376657007979969,0.0,0.46499999999999997,2026-07-10
2026-07-05 14:23:07+00:00,KXBTC15M-26JUL051030-30,62659.41,62686.06,0.185,6.9,0.303334,0.0,2026-07-05 14:18:05+00:00,0.3497,0.24854144316051607,0.7430890196982993,0.06354144316051608,-0.07191098030170062,yes,0.06354144316051608,0.0,0.185,2026-07-05
2026-07-05 17:21:25+00:00,KXBTC15M-26JUL051330-30,62649.94,62649.8,0.425,8.6,0.189186,0.0,2026-07-05 17:10:14+00:00,0.4336,0.48853860755848133,0.5064115256063166,0.06353860755848134,-0.06858847439368332,yes,0.06353860755848134,0.0,0.425,2026-07-05
2026-07-04 19:17:40+00:00,KXBTC15M-26JUL041530-30,63168.02,63118.85,0.825,12.3,0.317972,1.0,2026-07-04 18:20:10+00:00,0.4778,0.7606665731510394,0.23777128303949624,-0.0643334268489606,0.0627712830394962,no,0.0627712830394962,0.0,0.17500000000000004,2026-07-04
2026-07-09 01:02:05+00:00,KXBTC15M-26JUL082115-15,62128.5,62074.96,0.765,12.9,0.399574,1.0,2026-07-09 01:01:55+00:00,0.3472,0.690053893929603,0.29721122271665545,-0.07494610607039698,0.06221122271665547,no,0.06221122271665547,0.0,0.235,2026-07-09
2026-07-08 16:24:44+00:00,KXBTC15M-26JUL081230-30,61857.71,61783.39,0.91,5.3,0.512491,1.0,2026-07-08 15:05:42+00:00,0.4282,0.8452565191333379,0.15219712992699996,-0.06474348086666215,0.062197129926999994,no,0.062197129926999994,0.0,0.08999999999999997,2026-07-08
2026-07-06 02:19:21+00:00,KXBTC15M-26JUL052230-30,63434.87,63395.83,0.765,10.6,0.384209,1.0,2026-07-06 02:13:23+00:00,0.5027,0.7030385746818884,0.29715835630261234,-0.06196142531811166,0.06215835630261235,no,0.06215835630261235,0.0,0.235,2026-07-06
2026-07-06 07:34:36+00:00,KXBTC15M-26JUL060345-45,62910.57,62916.94,0.525,10.4,0.190482,1.0,2026-07-06 07:29:51+00:00,0.5876,0.47073900879380787,0.5365896101900696,-0.054260991206192155,0.06158961019006959,no,0.06158961019006959,0.0,0.475,2026-07-06
2026-07-03 20:57:33+00:00,KXBTC15M-26JUL031700-00,62679.38,62655.63,0.755,2.4,0.520901,1.0,2026-07-03 20:25:25+00:00,0.4904,0.6933318226419828,0.30633025262514035,-0.06166817735801722,0.06133025262514036,no,0.06133025262514036,0.0,0.245,2026-07-03
2026-07-03 05:02:02+00:00,KXBTC15M-26JUL030115-15,61394.96,61387.31,0.655,13.0,0.261342,1.0,2026-07-03 05:01:09+00:00,0.6399,0.6074767685576699,0.40539663013151217,-0.04752323144233017,0.0603966301315122,no,0.0603966301315122,0.0,0.345,2026-07-03
2026-07-08 15:27:11+00:00,KXBTC15M-26JUL081130-30,61516.5,61590.95,0.0795,2.8,0.719573,1.0,2026-07-08 15:05:42+00:00,0.4282,0.13984828638857055,0.8584054707961664,0.06034828638857055,-0.062094529203833626,yes,0.06034828638857055,1.0,0.0795,2026-07-08
2026-07-04 00:56:01+00:00,KXBTC15M-26JUL032100-00,62712.07,62662.66,0.9615,4.0,0.335394,1.0,2026-07-04 00:33:28+00:00,0.5228,0.9018252173436261,0.09868704870649436,-0.05967478265637394,0.060187048706494384,no,0.060187048706494384,0.0,0.03849999999999998,2026-07-04
2026-07-02 16:46:10+00:00,KXBTC15M-26JUL021300-00,61422.53,61375.81,0.685,13.8,0.787916,1.0,2026-07-02 16:29:24+00:00,0.5175,0.6264265567889794,0.3751685638608251,-0.05857344321102065,0.06016856386082514,no,0.06016856386082514,0.0,0.31499999999999995,2026-07-02
2026-07-04 18:09:15+00:00,KXBTC15M-26JUL041415-15,63185.3,63248.42,0.0935,5.7,0.426084,1.0,2026-07-04 18:07:13+00:00,0.4778,0.1528327049095346,0.8463556306602251,0.0593327049095346,-0.06014436933977485,yes,0.0593327049095346,1.0,0.0935,2026-07-04
2026-07-03 12:57:09+00:00,KXBTC15M-26JUL030900-00,61883.34,61861.7,0.875,2.8,0.236274,1.0,2026-07-03 12:07:24+00:00,0.4928,0.8154936507056754,0.1842986177627457,-0.059506349294324634,0.0592986177627457,no,0.0592986177627457,0.0,0.125,2026-07-03
2026-07-06 17:08:26+00:00,KXBTC15M-26JUL061315-15,63794.52,63681.62,0.89,6.6,0.717213,1.0,2026-07-06 15:40:58+00:00,0.4541,0.8288780135038026,0.1691853352323438,-0.06112198649619738,0.059185335232343816,no,0.059185335232343816,0.0,0.10999999999999999,2026-07-06
2026-07-05 18:07:16+00:00,KXBTC15M-26JUL051415-15,62621.78,62578.85,0.911,7.7,0.223644,1.0,2026-07-05 17:30:14+00:00,0.3497,0.8457658075452844,0.14775598063666773,-0.06523419245471562,0.05875598063666776,no,0.05875598063666776,0.0,0.08899999999999997,2026-07-05
2026-07-05 19:38:51+00:00,KXBTC15M-26JUL051545-45,62751.96,62722.31,0.855,6.1,0.237071,1.0,2026-07-05 19:36:47+00:00,0.515,0.7969565224673827,0.20372168755474274,-0.058043477532617294,0.05872168755474272,no,0.05872168755474272,0.0,0.14500000000000002,2026-07-05
2026-07-05 16:04:58+00:00,KXBTC15M-26JUL051215-15,62697.39,62692.16,0.455,10.0,0.28173,0.0,2026-07-05 16:00:36+00:00,0.4336,0.5134620498152556,0.4810956602222961,0.058462049815255546,-0.06390433977770382,yes,0.058462049815255546,0.0,0.455,2026-07-05
2026-07-02 04:39:40+00:00,KXBTC15M-26JUL020045-45,60746.67,60769.02,0.285,5.3,0.436137,0.0,2026-07-02 03:44:25+00:00,0.5061,0.34314204121146363,0.6571921033591027,0.05814204121146366,-0.05780789664089736,yes,0.05814204121146366,0.0,0.285,2026-07-02
2026-07-07 19:57:02+00:00,KXBTC15M-26JUL071600-00,63778.09,63761.63,0.705,3.0,0.448535,1.0,2026-07-07 19:35:17+00:00,0.5057,0.6471463437149113,0.35309106204393914,-0.05785365628508865,0.0580910620439391,no,0.0580910620439391,0.0,0.29500000000000004,2026-07-07
2026-07-08 03:09:18+00:00,KXBTC15M-26JUL072315-15,62955.83,62929.95,0.705,5.7,0.46797,1.0,2026-07-08 02:54:39+00:00,0.4165,0.6423040042159898,0.3528556539812946,-0.0626959957840102,0.05785565398129455,no,0.05785565398129455,0.0,0.29500000000000004,2026-07-08
2026-07-05 14:38:22+00:00,KXBTC15M-26JUL051045-45,62661.92,62664.51,0.525,6.6,0.266745,1.0,2026-07-05 14:18:05+00:00,0.3497,0.45709335980017,0.5327347660261021,-0.06790664019983,0.05773476602610217,no,0.05773476602610217,0.0,0.475,2026-07-05
2026-07-09 00:46:49+00:00,KXBTC15M-26JUL082100-00,62189.04,62149.51,0.705,13.2,0.397701,0.0,2026-07-09 00:26:03+00:00,0.3473,0.6338504398050134,0.3523811226976551,-0.07114956019498653,0.05738112269765505,no,0.05738112269765505,1.0,0.29500000000000004,2026-07-09
2026-07-05 23:38:13+00:00,KXBTC15M-26JUL051945-45,63615.02,63657.98,0.205,6.8,0.423601,1.0,2026-07-05 23:29:12+00:00,0.4928,0.26225789706218194,0.73734601916254,0.057257897062181956,-0.057653980837460095,yes,0.057257897062181956,1.0,0.205,2026-07-05
2026-07-08 15:37:22+00:00,KXBTC15M-26JUL081145-45,61693.57,61603.89,0.82,7.6,0.709671,0.0,2026-07-08 15:05:42+00:00,0.4282,0.7591053309052006,0.23690050422094022,-0.06089466909479935,0.05690050422094017,no,0.05690050422094017,1.0,0.18000000000000005,2026-07-08
2026-07-07 02:07:02+00:00,KXBTC15M-26JUL062215-15,63780.24,63805.76,0.315,8.0,0.431486,0.0,2026-07-07 02:05:38+00:00,0.5591,0.37175918963595794,0.6323396176521197,0.05675918963595794,-0.0526603823478804,yes,0.05675918963595794,0.0,0.315,2026-07-07
2026-07-07 21:53:37+00:00,KXBTC15M-26JUL071800-00,63431.9,63366.1,0.895,6.4,0.420961,1.0,2026-07-07 21:16:23+00:00,0.5057,0.8385788056295418,0.1616496991706009,-0.05642119437045823,0.05664969917060092,no,0.05664969917060092,0.0,0.10499999999999998,2026-07-07
2026-07-02 17:31:54+00:00,KXBTC15M-26JUL021345-45,61751.4,61821.23,0.265,13.1,0.606517,0.0,2026-07-02 17:25:10+00:00,0.5738,0.3215237086675011,0.6846812262021039,0.05652370866750106,-0.050318773797896066,yes,0.05652370866750106,0.0,0.265,2026-07-02
2026-07-03 21:02:37+00:00,KXBTC15M-26JUL031715-15,62718.2,62716.97,0.445,12.4,0.48292,1.0,2026-07-03 21:00:08+00:00,0.4916,0.5014260607195232,0.4978101526238897,0.05642606071952322,-0.057189847376110214,yes,0.05642606071952322,1.0,0.445,2026-07-03
2026-07-04 17:18:37+00:00,KXBTC15M-26JUL041330-30,62839.72,62807.48,0.735,11.4,0.341965,1.0,2026-07-04 15:57:23+00:00,0.4778,0.6769893043946722,0.3212701295434023,-0.05801069560532779,0.05627012954340227,no,0.05627012954340227,0.0,0.265,2026-07-04
2026-07-04 21:49:52+00:00,KXBTC15M-26JUL041800-00,63239.96,63260.86,0.27,10.1,0.262137,1.0,2026-07-04 21:35:47+00:00,0.4778,0.326198742503567,0.6721527892344401,0.05619874250356699,-0.057847210765559876,yes,0.05619874250356699,1.0,0.27,2026-07-04
2026-07-03 17:39:46+00:00,KXBTC15M-26JUL031345-45,62180.76,62141.32,0.875,5.2,0.323397,1.0,2026-07-03 16:21:36+00:00,0.6029,0.8228712450848996,0.18114672113934294,-0.052128754915100384,0.05614672113934294,no,0.05614672113934294,0.0,0.125,2026-07-03
2026-07-02 03:38:46+00:00,KXBTC15M-26JUL012345-45,60610.38,60504.7,0.942,6.2,0.603552,1.0,2026-07-02 03:38:00+00:00,0.5009,0.8861334243496735,0.11389453259633364,-0.05586657565032649,0.05589453259633359,no,0.05589453259633359,0.0,0.05800000000000005,2026-07-02
2026-07-03 09:24:03+00:00,KXBTC15M-26JUL030530-30,61628.91,61631.73,0.545,5.9,0.227742,0.0,2026-07-03 09:14:52+00:00,0.6358,0.49779752628544616,0.5108895069873519,-0.04720247371455388,0.055889506987351956,no,0.055889506987351956,1.0,0.45499999999999996,2026-07-03
2026-07-04 11:31:38+00:00,KXBTC15M-26JUL040745-45,62428.94,62424.01,0.665,13.4,0.118021,1.0,2026-07-04 11:27:31+00:00,0.6029,0.6185438409396862,0.390888888229588,-0.04645615906031386,0.05588888822958804,no,0.05588888822958804,0.0,0.33499999999999996,2026-07-04
2026-07-10 02:04:21+00:00,KXBTC15M-26JUL092215-15,63699.13,63673.27,0.635,10.6,0.798853,1.0,2026-07-10 01:29:44+00:00,0.4965,0.5789215837827044,0.42078998780797483,-0.05607841621729559,0.05578998780797484,no,0.05578998780797484,0.0,0.365,2026-07-10
2026-07-02 05:25:22+00:00,KXBTC15M-26JUL020130-30,60735.24,60767.06,0.185,4.6,0.34899,0.0,2026-07-02 03:44:25+00:00,0.5061,0.2405249988457943,0.7597384769616379,0.055524998845794316,-0.05526152303836207,yes,0.055524998845794316,0.0,0.185,2026-07-02
2026-07-04 16:22:57+00:00,KXBTC15M-26JUL041230-30,62809.89,62756.99,0.835,7.0,0.409034,1.0,2026-07-04 15:57:23+00:00,0.4778,0.7785446651606888,0.2203265659786111,-0.0564553348393112,0.055326565978611075,no,0.055326565978611075,0.0,0.16500000000000004,2026-07-04
2026-07-03 01:33:38+00:00,KXBTC15M-26JUL022145-45,61516.99,61505.22,0.665,11.4,0.362818,1.0,2026-07-03 01:32:37+00:00,0.6863,0.6264349200498242,0.3896963683353849,-0.038565079950175885,0.05469636833538494,no,0.05469636833538494,0.0,0.33499999999999996,2026-07-03
2026-07-06 11:48:29+00:00,KXBTC15M-26JUL060800-00,62889.19,62887.92,0.475,11.5,0.182661,0.0,2026-07-06 11:44:53+00:00,0.5917,0.5296549622659648,0.4784294437444505,0.05465496226596478,-0.04657055625554951,yes,0.05465496226596478,0.0,0.475,2026-07-06
2026-07-07 03:02:53+00:00,KXBTC15M-26JUL062315-15,63288.02,63278.79,0.625,12.1,0.351355,1.0,2026-07-07 02:45:36+00:00,0.5398,0.5740780378672142,0.42944353127520896,-0.05092196213278577,0.054443531275208956,no,0.054443531275208956,0.0,0.375,2026-07-07
2026-07-03 16:18:50+00:00,KXBTC15M-26JUL031230-30,61923.29,61887.07,0.745,11.2,0.423143,1.0,2026-07-03 16:18:00+00:00,0.6029,0.6986002286410341,0.3092991414057844,-0.04639977135896589,0.0542991414057844,no,0.0542991414057844,0.0,0.255,2026-07-03
2026-07-09 20:02:11+00:00,KXBTC15M-26JUL091615-15,63203.33,63195.8,0.475,12.8,0.327121,0.0,2026-07-09 20:01:31+00:00,0.4991,0.529210574495998,0.4707065105882613,0.054210574495997976,-0.05429348941173873,yes,0.054210574495997976,0.0,0.475,2026-07-09
2026-07-02 20:40:00+00:00,KXBTC15M-26JUL021645-45,61291.61,61338.14,0.165,5.0,0.362467,0.0,2026-07-02 19:43:23+00:00,0.6869,0.21914521740350124,0.7890718770452666,0.05414521740350123,-0.045928122954733364,yes,0.05414521740350123,0.0,0.165,2026-07-02
2026-07-02 21:04:09+00:00,KXBTC15M-26JUL021715-15,61492.67,61521.82,0.355,10.8,0.375069,0.0,2026-07-02 21:02:49+00:00,0.6863,0.40905811924488356,0.6068641604960794,0.05405811924488357,-0.03813583950392063,yes,0.05405811924488357,0.0,0.355,2026-07-02
2026-07-08 12:18:51+00:00,KXBTC15M-26JUL080830-30,62297.89,62280.14,0.635,11.1,0.4405,0.0,2026-07-08 12:17:47+00:00,0.4249,0.5746093179073143,0.4190157416899223,-0.06039068209268572,0.05401574168992229,no,0.05401574168992229,1.0,0.365,2026-07-08
2026-07-03 17:24:36+00:00,KXBTC15M-26JUL031330-30,62138.85,62171.85,0.215,5.4,0.33194,0.0,2026-07-03 16:21:36+00:00,0.6029,0.26874936735789046,0.7363887003033813,0.05374936735789046,-0.048611299696618704,yes,0.05374936735789046,0.0,0.215,2026-07-03
2026-07-07 02:47:39+00:00,KXBTC15M-26JUL062300-00,63515.31,63551.8,0.285,12.3,0.384044,0.0,2026-07-07 02:45:36+00:00,0.5398,0.33846154213568613,0.6648420693031215,0.05346154213568616,-0.05015793069687857,yes,0.05346154213568616,0.0,0.285,2026-07-07
2026-07-07 16:54:04+00:00,KXBTC15M-26JUL071300-00,64084.02,64003.69,0.835,5.9,0.658157,0.0,2026-07-07 16:53:08+00:00,0.4927,0.781363399409502,0.21829814542032544,-0.05363660059049802,0.053298145420325405,no,0.053298145420325405,1.0,0.16500000000000004,2026-07-07
2026-07-03 17:54:56+00:00,KXBTC15M-26JUL031400-00,62142.63,62187.23,0.115,5.1,0.301402,0.0,2026-07-03 16:21:36+00:00,0.6029,0.1679114857268848,0.8358792202987684,0.0529114857268848,-0.04912077970123163,yes,0.0529114857268848,0.0,0.115,2026-07-03
2026-07-03 09:34:12+00:00,KXBTC15M-26JUL030545-45,61599.89,61619.7,0.305,10.8,0.204433,0.0,2026-07-03 09:14:52+00:00,0.6358,0.3577989421397384,0.6531407816401247,0.0527989421397384,-0.04185921835987538,yes,0.0527989421397384,0.0,0.305,2026-07-03
2026-07-04 14:03:57+00:00,KXBTC15M-26JUL041015-15,62573.93,62540.86,0.78,11.0,0.299316,1.0,2026-07-04 13:44:01+00:00,0.6029,0.7349375085731169,0.27243122740607617,-0.04506249142688312,0.0524312274060762,no,0.0524312274060762,0.0,0.21999999999999997,2026-07-04
2026-07-04 20:08:19+00:00,KXBTC15M-26JUL041615-15,63299.58,63255.46,0.885,6.7,0.273102,1.0,2026-07-04 20:07:24+00:00,0.4778,0.8316392973037492,0.16742660462789294,-0.05336070269625082,0.05242660462789295,no,0.05242660462789295,0.0,0.11499999999999999,2026-07-04
2026-07-08 02:08:24+00:00,KXBTC15M-26JUL072215-15,62959.88,63002.37,0.275,6.6,0.617299,0.0,2026-07-08 01:29:54+00:00,0.5056,0.3271951002926969,0.6731408844817446,0.05219510029269686,-0.051859115518255394,yes,0.05219510029269686,0.0,0.275,2026-07-08
2026-07-09 06:22:23+00:00,KXBTC15M-26JUL090230-30,62541.81,62479.8,0.9045,7.6,0.337125,1.0,2026-07-09 04:59:22+00:00,0.4743,0.8512564968754354,0.14768215304738463,-0.053243503124564606,0.052182153047384605,no,0.052182153047384605,0.0,0.09550000000000003,2026-07-09
2026-07-07 16:33:51+00:00,KXBTC15M-26JUL071245-45,63905.91,63964.66,0.285,11.1,0.714083,1.0,2026-07-07 16:33:09+00:00,0.4939,0.33688957077037185,0.6626300310306579,0.05188957077037187,-0.05236996896934221,yes,0.05188957077037187,1.0,0.285,2026-07-07
2026-07-05 15:03:50+00:00,KXBTC15M-26JUL051115-15,62828.39,62756.0,0.9095,11.2,0.312198,1.0,2026-07-05 15:02:38+00:00,0.4613,0.8558626868641245,0.14223995655233979,-0.0536373131358755,0.05173995655233976,no,0.05173995655233976,0.0,0.09050000000000002,2026-07-05
2026-07-09 09:19:56+00:00,KXBTC15M-26JUL090530-30,62824.18,62821.38,0.455,10.1,0.241508,1.0,2026-07-09 09:18:47+00:00,0.4509,0.5066968852875586,0.4892648768320873,0.051696885287558614,-0.055735123167912626,yes,0.051696885287558614,1.0,0.455,2026-07-09
2026-07-08 06:47:45+00:00,KXBTC15M-26JUL080300-00,62508.34,62489.83,0.705,12.2,0.254417,1.0,2026-07-08 06:28:31+00:00,0.5531,0.6579104924027461,0.3465219338795723,-0.04708950759725383,0.05152193387957227,no,0.05152193387957227,0.0,0.29500000000000004,2026-07-08
2026-07-03 05:17:15+00:00,KXBTC15M-26JUL030130-30,61463.37,61469.71,0.535,12.7,0.232099,1.0,2026-07-03 05:07:56+00:00,0.6399,0.4968044347007132,0.516339691145331,-0.038195565299286804,0.05133969114533099,no,0.05133969114533099,0.0,0.46499999999999997,2026-07-03
2026-07-09 20:52:50+00:00,KXBTC15M-26JUL091700-00,63234.28,63270.23,0.145,7.2,0.242902,0.0,2026-07-09 20:05:43+00:00,0.4991,0.19582918384202486,0.8041276092976095,0.050829183842024867,-0.05087239070239047,yes,0.050829183842024867,0.0,0.145,2026-07-09
2026-07-08 10:16:25+00:00,KXBTC15M-26JUL080630-30,61934.73,61925.36,0.595,13.6,0.348074,1.0,2026-07-08 09:45:20+00:00,0.4007,0.5347416835551205,0.45575035142825326,-0.060258316444879445,0.05075035142825324,no,0.05075035142825324,0.0,0.405,2026-07-08
2026-07-06 14:20:43+00:00,KXBTC15M-26JUL061030-30,61768.15,61905.0,0.195,9.3,1.035627,1.0,2026-07-06 12:34:53+00:00,0.5042,0.24512144297284422,0.7551391533739622,0.05012144297284421,-0.049860846626037736,yes,0.05012144297284421,1.0,0.195,2026-07-06
2026-07-02 21:54:51+00:00,KXBTC15M-26JUL021800-00,61512.61,61459.03,0.765,5.1,0.248458,1.0,2026-07-02 21:52:33+00:00,0.6863,0.8150982722699833,0.19254973478510795,0.05009827226998331,-0.042450265214892036,yes,0.05009827226998331,1.0,0.765,2026-07-02
2026-07-09 05:16:20+00:00,KXBTC15M-26JUL090130-30,62461.71,62452.56,0.475,13.7,0.368721,0.0,2026-07-09 04:59:22+00:00,0.4743,0.5248862374337009,0.4726612222551728,0.04988623743370091,-0.0523387777448272,yes,0.04988623743370091,0.0,0.475,2026-07-09
2026-07-01 22:54:42+00:00,KXBTC15M-26JUL011900-00,60375.66,60423.84,0.245,5.3,0.651346,0.0,2026-07-01 21:26:44+00:00,0.5034,0.29476137797601115,0.7054133279670691,0.049761377976011156,-0.04958667203293088,yes,0.049761377976011156,0.0,0.245,2026-07-01
2026-07-03 11:25:48+00:00,KXBTC15M-26JUL030730-30,61934.18,61949.5,0.265,4.2,0.264938,0.0,2026-07-03 11:07:54+00:00,0.4843,0.314700897539361,0.6845590864842098,0.049700897539360966,-0.050440913515790164,yes,0.049700897539360966,0.0,0.265,2026-07-03
2026-07-09 21:46:12+00:00,KXBTC15M-26JUL091800-00,63182.83,63188.45,0.505,13.8,0.189897,1.0,2026-07-09 21:27:26+00:00,0.4436,0.4500944328696759,0.5445158155634284,-0.05490556713032413,0.049515815563428434,no,0.049515815563428434,0.0,0.495,2026-07-09
2026-07-08 14:10:52+00:00,KXBTC15M-26JUL081015-15,61969.51,61877.39,0.903,4.1,0.654928,1.0,2026-07-08 14:10:32+00:00,0.3932,0.850579529437195,0.14614992404560256,-0.05242047056280508,0.04914992404560259,no,0.04914992404560259,0.0,0.09699999999999998,2026-07-08
2026-07-06 07:49:52+00:00,KXBTC15M-26JUL060400-00,63040.89,63041.9,0.535,10.1,0.195111,0.0,2026-07-06 07:44:05+00:00,0.4461,0.481442745990674,0.5141245902069045,-0.05355725400932604,0.04912459020690452,no,0.04912459020690452,1.0,0.46499999999999997,2026-07-06
2026-07-06 16:22:42+00:00,KXBTC15M-26JUL061230-30,63604.35,63784.86,0.115,7.3,1.092201,0.0,2026-07-06 15:40:58+00:00,0.4541,0.1640914212975254,0.8339110651422714,0.0490914212975254,-0.051088934857728585,yes,0.0490914212975254,0.0,0.115,2026-07-06
2026-07-02 17:21:44+00:00,KXBTC15M-26JUL021330-30,61807.05,61733.66,0.805,8.3,0.636464,1.0,2026-07-02 17:13:17+00:00,0.5985,0.7619278047865315,0.24385346645385897,-0.0430721952134685,0.04885346645385902,no,0.04885346645385902,0.0,0.19499999999999995,2026-07-02
2026-07-09 15:10:47+00:00,KXBTC15M-26JUL091115-15,63109.88,62965.85,0.9575,4.2,0.842569,1.0,2026-07-09 15:02:04+00:00,0.426,0.9070152478080867,0.09135306225876927,-0.050484752191913285,0.048853062258769286,no,0.048853062258769286,0.0,0.04249999999999998,2026-07-09
2026-07-02 18:37:56+00:00,KXBTC15M-26JUL021445-45,61720.98,61783.73,0.135,7.1,0.397794,0.0,2026-07-02 18:37:45+00:00,0.5328,0.1838250937549899,0.8176766750897692,0.04882509375498989,-0.047323324910230835,yes,0.04882509375498989,0.0,0.135,2026-07-02
2026-07-03 13:42:54+00:00,KXBTC15M-26JUL030945-45,62070.67,62036.36,0.9295,2.1,0.320847,1.0,2026-07-03 13:41:55+00:00,0.4928,0.8806457838075741,0.11921969138992261,-0.048854216192425914,0.048719691389922604,no,0.048719691389922604,0.0,0.07050000000000001,2026-07-03
2026-07-04 01:01:07+00:00,KXBTC15M-26JUL032115-15,62686.03,62707.74,0.335,13.9,0.327073,0.0,2026-07-04 00:33:28+00:00,0.5228,0.38350931461509297,0.6185906683606236,0.04850931461509295,-0.04640933163937644,yes,0.04850931461509295,0.0,0.335,2026-07-04
2026-07-05 08:47:50+00:00,KXBTC15M-26JUL050500-00,62891.83,62895.17,0.515,12.2,0.143011,0.0,2026-07-05 08:40:57+00:00,0.4797,0.4647183871262918,0.5334568694003787,-0.05028161287370819,0.048456869400378744,no,0.048456869400378744,1.0,0.485,2026-07-05
2026-07-03 14:23:30+00:00,KXBTC15M-26JUL031030-30,61820.36,61679.8,0.948,6.5,0.70409,1.0,2026-07-03 14:18:42+00:00,0.4968,0.8997035360541161,0.1002036270919191,-0.04829646394588383,0.048203627091919055,no,0.048203627091919055,0.0,0.052000000000000046,2026-07-03
2026-07-08 08:09:06+00:00,KXBTC15M-26JUL080415-15,62773.73,62842.17,0.275,5.9,0.272802,0.0,2026-07-08 06:51:27+00:00,0.3996,0.22242917237967147,0.7727883172246653,-0.05257082762032855,0.047788317224665366,no,0.047788317224665366,1.0,0.725,2026-07-08
2026-07-04 06:31:24+00:00,KXBTC15M-26JUL040245-45,62436.76,62358.54,0.845,13.6,0.18461,1.0,2026-07-04 05:08:41+00:00,0.7114,0.892661861880131,0.11747059778828306,0.047661861880130996,-0.03752940221171697,yes,0.047661861880130996,1.0,0.845,2026-07-04
2026-07-05 13:42:30+00:00,KXBTC15M-26JUL050945-45,62679.01,62644.11,0.9895,2.5,0.251876,1.0,2026-07-05 13:28:57+00:00,0.3497,0.9401355738089306,0.058012807236108244,-0.0493644261910694,0.04751280723610829,no,0.04751280723610829,0.0,0.010499999999999954,2026-07-05
2026-07-05 17:31:38+00:00,KXBTC15M-26JUL051345-45,62643.09,62641.13,0.545,13.4,0.252882,0.0,2026-07-05 17:30:14+00:00,0.3497,0.4835195168148554,0.5019255145769701,-0.06148048318514465,0.04692551457697014,no,0.04692551457697014,1.0,0.45499999999999996,2026-07-05
2026-07-02 18:48:04+00:00,KXBTC15M-26JUL021500-00,61718.6,61728.02,0.525,11.9,0.36545,0.0,2026-07-02 18:47:44+00:00,0.5994,0.48735625406541544,0.521582459144565,-0.03764374593458458,0.04658245914456505,no,0.04658245914456505,1.0,0.475,2026-07-02
2026-07-09 14:09:47+00:00,KXBTC15M-26JUL091015-15,62898.2,62984.43,0.195,5.2,0.834479,0.0,2026-07-09 14:08:04+00:00,0.4991,0.24157434120987248,0.7583842170993511,0.04657434120987247,-0.04661578290064883,yes,0.04657434120987247,0.0,0.195,2026-07-09
2026-07-08 06:17:14+00:00,KXBTC15M-26JUL080230-30,62551.33,62551.45,0.455,12.8,0.238696,1.0,2026-07-08 05:38:20+00:00,0.5144,0.5015182660316425,0.49981223431433885,0.0465182660316425,-0.045187765685661074,yes,0.0465182660316425,1.0,0.455,2026-07-08
2026-07-04 02:42:53+00:00,KXBTC15M-26JUL032245-45,62433.01,62424.82,0.705,2.1,0.243482,1.0,2026-07-04 02:01:00+00:00,0.5659,0.6608436381834301,0.341432189856393,-0.0441563618165699,0.04643218985639297,no,0.04643218985639297,0.0,0.29500000000000004,2026-07-04
2026-07-03 16:34:00+00:00,KXBTC15M-26JUL031245-45,61947.13,62027.77,0.175,11.0,0.421527,0.0,2026-07-03 16:21:36+00:00,0.6029,0.2213430118144118,0.7852373199688787,0.046343011814411805,-0.03976268003112127,yes,0.046343011814411805,0.0,0.175,2026-07-03
2026-07-01 22:19:15+00:00,KXBTC15M-26JUL011830-30,60765.57,60760.25,0.475,10.7,0.375764,0.0,2026-07-01 21:26:44+00:00,0.5034,0.5213095002905519,0.4789772597302687,0.04630950029055192,-0.0460227402697313,yes,0.04630950029055192,0.0,0.475,2026-07-01
2026-07-09 23:47:10+00:00,KXBTC15M-26JUL092000-00,63217.7,63236.77,0.365,12.8,0.307833,0.0,2026-07-09 23:39:43+00:00,0.5848,0.41107050589215827,0.596608397575997,0.046070505892158276,-0.03839160242400297,yes,0.046070505892158276,0.0,0.365,2026-07-09
2026-07-09 10:51:29+00:00,KXBTC15M-26JUL090700-00,62762.58,62844.75,0.245,8.5,0.225127,0.0,2026-07-09 10:43:32+00:00,0.4991,0.19900895844544308,0.8009436361091389,-0.04599104155455691,0.045943636109138875,no,0.045943636109138875,1.0,0.755,2026-07-09
2026-07-06 03:40:37+00:00,KXBTC15M-26JUL052345-45,63203.26,63168.57,0.865,4.4,0.286948,0.0,2026-07-06 03:40:27+00:00,0.5876,0.8222541866480826,0.18088434797472608,-0.042745813351917405,0.04588434797472607,no,0.04588434797472607,1.0,0.135,2026-07-06
2026-07-03 03:55:51+00:00,KXBTC15M-26JUL030000-00,61293.24,61332.54,0.105,4.1,0.25813,1.0,2026-07-03 03:06:38+00:00,0.6865,0.15086081502874976,0.8550075500173574,0.045860815028749766,-0.03999244998264262,yes,0.045860815028749766,1.0,0.105,2026-07-03
2026-07-03 17:04:21+00:00,KXBTC15M-26JUL031315-15,62091.16,62057.18,0.755,10.6,0.342606,1.0,2026-07-03 16:21:36+00:00,0.6029,0.7170877016532178,0.2903773107816726,-0.037912298346782225,0.04537731078167262,no,0.04537731078167262,0.0,0.245,2026-07-03
2026-07-03 16:09:21+00:00,KXBTC15M-26JUL031215-15,61908.64,61875.95,0.765,5.6,0.411844,1.0,2026-07-03 16:09:05+00:00,0.6029,0.7251971442064751,0.2801445274567863,-0.03980285579352494,0.04514452745678632,no,0.04514452745678632,0.0,0.235,2026-07-03
2026-07-03 16:49:10+00:00,KXBTC15M-26JUL031300-00,61983.14,62017.36,0.315,10.8,0.371593,1.0,2026-07-03 16:21:36+00:00,0.6029,0.3600520715012795,0.6481959186322226,0.04505207150127949,-0.036804081367777464,yes,0.04505207150127949,1.0,0.315,2026-07-03
2026-07-01 20:38:02+00:00,KXBTC15M-26JUL011645-45,59945.97,59915.58,0.745,7.0,0.363397,1.0,2026-07-01 20:36:14+00:00,0.5007,0.7005830423481915,0.29945859835581523,-0.04441695765180853,0.044458598355815226,no,0.044458598355815226,0.0,0.255,2026-07-01
2026-07-08 14:56:37+00:00,KXBTC15M-26JUL081100-00,61891.09,61854.4,0.695,3.4,0.817176,0.0,2026-07-08 14:20:41+00:00,0.4282,0.6473937262524002,0.3494118289941075,-0.04760627374759974,0.04441182899410745,no,0.04441182899410745,1.0,0.30500000000000005,2026-07-08
2026-07-08 05:16:16+00:00,KXBTC15M-26JUL080130-30,62749.41,62756.09,0.525,13.7,0.256387,0.0,2026-07-08 05:12:14+00:00,0.5902,0.4892956378403272,0.5193930681424455,-0.03570436215967282,0.04439306814244548,no,0.04439306814244548,1.0,0.475,2026-07-08
2026-07-07 14:08:41+00:00,KXBTC15M-26JUL071015-15,62972.08,63000.21,0.375,6.3,0.893308,0.0,2026-07-07 14:08:24+00:00,0.5496,0.41924115846882304,0.583912723130239,0.04424115846882304,-0.04108727686976099,yes,0.04424115846882304,0.0,0.375,2026-07-07
2026-07-02 02:02:14+00:00,KXBTC15M-26JUL012215-15,60067.34,60104.58,0.355,12.8,0.513298,0.0,2026-07-02 02:01:48+00:00,0.6009,0.3991406780668192,0.6099506604510666,0.044140678066819206,-0.03504933954893341,yes,0.044140678066819206,0.0,0.355,2026-07-02
2026-07-06 16:12:32+00:00,KXBTC15M-26JUL061215-15,63640.67,63474.04,0.988,2.5,1.162129,1.0,2026-07-06 15:40:58+00:00,0.4541,0.9434965184069968,0.05597054156918069,-0.044503481593003213,0.04397054156918068,no,0.04397054156918068,0.0,0.01200000000000001,2026-07-06
2026-07-07 15:04:38+00:00,KXBTC15M-26JUL071115-15,63387.73,63526.37,0.22,10.4,1.055907,0.0,2026-07-07 14:35:12+00:00,0.4916,0.26380564021479497,0.7356210582304624,0.043805640214794966,-0.044378941769537605,yes,0.043805640214794966,0.0,0.22,2026-07-07
2026-07-03 09:49:26+00:00,KXBTC15M-26JUL030600-00,61670.23,61594.19,0.825,10.6,0.203228,1.0,2026-07-03 09:14:52+00:00,0.6358,0.868804674332079,0.1375117074480775,0.04380467433207902,-0.03748829255192254,yes,0.04380467433207902,1.0,0.825,2026-07-03
2026-07-10 05:17:07+00:00,KXBTC15M-26JUL100130-30,63931.87,63943.33,0.385,12.9,0.223796,0.0,2026-07-10 05:16:24+00:00,0.5819,0.4285957589901634,0.5789172039948505,0.04359575899016338,-0.03608279600514952,yes,0.04359575899016338,0.0,0.385,2026-07-10
2026-07-03 19:31:04+00:00,KXBTC15M-26JUL031545-45,62148.53,62174.21,0.305,13.9,0.230221,1.0,2026-07-03 18:51:43+00:00,0.5819,0.34851012952060867,0.6588215493690581,0.043510129520608676,-0.03617845063094194,yes,0.043510129520608676,1.0,0.305,2026-07-03
2026-07-09 12:33:11+00:00,KXBTC15M-26JUL090845-45,62642.99,62740.41,0.335,11.8,0.351416,0.0,2026-07-09 12:28:39+00:00,0.4336,0.28661368467399084,0.708316646933297,-0.04838631532600918,0.043316646933296954,no,0.043316646933296954,1.0,0.665,2026-07-09
2026-07-04 22:40:31+00:00,KXBTC15M-26JUL041845-45,63156.64,63158.17,0.535,4.5,0.18871,1.0,2026-07-04 22:18:38+00:00,0.6112,0.49792676959735976,0.5082444156006123,-0.03707323040264027,0.04324441560061232,no,0.04324441560061232,0.0,0.46499999999999997,2026-07-04
2026-07-06 10:17:05+00:00,KXBTC15M-26JUL060630-30,62795.52,62783.28,0.685,12.9,0.160946,1.0,2026-07-06 10:12:28+00:00,0.5105,0.6427045749996831,0.3582066843520687,-0.04229542500031691,0.04320668435206876,no,0.04320668435206876,0.0,0.31499999999999995,2026-07-06
2026-07-06 00:08:49+00:00,KXBTC15M-26JUL052015-15,63499.37,63576.4,0.145,6.2,0.464605,0.0,2026-07-06 00:03:34+00:00,0.6112,0.18811553445566093,0.8167425880581285,0.04311553445566094,-0.03825741194187149,yes,0.04311553445566094,0.0,0.145,2026-07-06
2026-07-04 06:46:37+00:00,KXBTC15M-26JUL040300-00,62409.43,62404.57,0.635,13.4,0.157503,1.0,2026-07-04 06:44:09+00:00,0.6358,0.6046049556037577,0.408088998017463,-0.0303950443962423,0.04308899801746302,no,0.04308899801746302,0.0,0.365,2026-07-04
2026-07-09 02:08:12+00:00,KXBTC15M-26JUL082215-15,61979.26,61860.02,0.9005,6.8,0.602699,1.0,2026-07-09 02:07:36+00:00,0.3472,0.851961829940713,0.1420087635712226,-0.048538170059286956,0.042508763571222574,no,0.042508763571222574,0.0,0.09950000000000003,2026-07-09
2026-07-04 04:54:58+00:00,KXBTC15M-26JUL040100-00,62628.38,62620.2,0.685,5.0,0.191772,0.0,2026-07-04 04:50:49+00:00,0.6112,0.6486118990763905,0.35745551941005227,-0.036388100923609557,0.04245551941005232,no,0.04245551941005232,1.0,0.31499999999999995,2026-07-04
2026-07-06 00:33:34+00:00,KXBTC15M-26JUL052045-45,63391.4,63392.26,0.555,11.4,0.451902,1.0,2026-07-06 00:32:00+00:00,0.6145,0.5227236255266605,0.4873891913862224,-0.03227637447333953,0.042389191386222436,no,0.042389191386222436,0.0,0.44499999999999995,2026-07-06
2026-07-09 12:53:30+00:00,KXBTC15M-26JUL090900-00,62608.92,62557.44,0.755,6.5,0.536541,1.0,2026-07-09 12:41:21+00:00,0.4509,0.7098503190081307,0.28737495071180885,-0.045149680991869334,0.042374950711808856,no,0.042374950711808856,0.0,0.245,2026-07-09
2026-07-05 06:47:08+00:00,KXBTC15M-26JUL050300-00,62706.66,62705.26,0.565,12.9,0.15046,1.0,2026-07-05 06:36:12+00:00,0.4797,0.5207624934743094,0.4773569381341677,-0.044237506525690584,0.04235693813416763,no,0.04235693813416763,0.0,0.43500000000000005,2026-07-05
2026-07-08 00:47:04+00:00,KXBTC15M-26JUL072100-00,63637.41,63682.89,0.255,12.9,0.362806,0.0,2026-07-08 00:06:54+00:00,0.5057,0.297271098887384,0.7031875352514587,0.04227109888738401,-0.04181246474854128,yes,0.04227109888738401,0.0,0.255,2026-07-08
2026-07-06 15:06:27+00:00,KXBTC15M-26JUL061115-15,62257.33,61980.12,0.962,8.5,1.081136,1.0,2026-07-06 15:01:37+00:00,0.4633,0.9187117673586518,0.08024979331307314,-0.04328823264134818,0.0422497933130731,no,0.0422497933130731,0.0,0.038000000000000034,2026-07-06
2026-07-02 20:19:42+00:00,KXBTC15M-26JUL021630-30,61386.23,61380.02,0.505,10.3,0.42988,0.0,2026-07-02 19:43:23+00:00,0.6869,0.5469724299385548,0.4690518218310359,0.04197242993855477,-0.02594817816896411,yes,0.04197242993855477,0.0,0.505,2026-07-02
2026-07-05 17:01:04+00:00,KXBTC15M-26JUL051315-15,62604.68,62594.9,0.615,13.9,0.223623,1.0,2026-07-05 16:16:42+00:00,0.4336,0.5667530848970775,0.42692415521733995,-0.04824691510292245,0.04192415521733994,no,0.04192415521733994,0.0,0.385,2026-07-05
2026-07-07 12:01:32+00:00,KXBTC15M-26JUL070815-15,63347.06,63341.49,0.575,13.5,0.338273,1.0,2026-07-07 12:01:29+00:00,0.4612,0.5296361101016349,0.46668866893519867,-0.04536388989836504,0.041688668935198625,no,0.041688668935198625,0.0,0.42500000000000004,2026-07-07
2026-07-06 13:40:07+00:00,KXBTC15M-26JUL060945-45,61432.4,61419.15,0.595,4.9,0.965219,1.0,2026-07-06 12:34:53+00:00,0.5042,0.5537325627086948,0.44650532068709625,-0.04126743729130522,0.041505320687096225,no,0.041505320687096225,0.0,0.405,2026-07-06
2026-07-06 10:01:53+00:00,KXBTC15M-26JUL060615-15,62685.8,62608.91,0.785,13.1,0.173683,1.0,2026-07-06 09:40:39+00:00,0.5102,0.8263329377563027,0.17428074834174012,0.041332937756302646,-0.04071925165825985,yes,0.041332937756302646,1.0,0.785,2026-07-06
2026-07-02 23:36:46+00:00,KXBTC15M-26JUL021945-45,61462.26,61438.28,0.515,8.2,0.230602,0.0,2026-07-02 23:00:54+00:00,0.6798,0.5562999166907312,0.45737234632574997,0.04129991669073119,-0.02762765367425002,yes,0.04129991669073119,0.0,0.515,2026-07-02
2026-07-02 22:20:20+00:00,KXBTC15M-26JUL021830-30,61472.07,61459.16,0.585,9.7,0.200009,1.0,2026-07-02 22:13:09+00:00,0.6863,0.6262111042715995,0.38866431610857555,0.041211104271599575,-0.02633568389142449,yes,0.041211104271599575,1.0,0.585,2026-07-02
2026-07-02 03:08:19+00:00,KXBTC15M-26JUL012315-15,60405.73,60379.7,0.725,6.7,0.327678,1.0,2026-07-02 02:55:52+00:00,0.4525,0.6811354396807213,0.3160217450889333,-0.043864560319278656,0.041021745088933304,no,0.041021745088933304,0.0,0.275,2026-07-02
2026-07-04 08:33:31+00:00,KXBTC15M-26JUL040445-45,62514.43,62506.92,0.695,11.5,0.109099,1.0,2026-07-04 08:08:45+00:00,0.6029,0.6624963632034861,0.3458883969966924,-0.0325036367965138,0.04088839699669233,no,0.04088839699669233,0.0,0.30500000000000005,2026-07-04
2026-07-04 09:19:23+00:00,KXBTC15M-26JUL040530-30,62447.13,62464.87,0.345,10.6,0.227317,0.0,2026-07-04 09:10:33+00:00,0.6029,0.385338067336243,0.6230189932780068,0.04033806733624301,-0.03198100672199322,yes,0.04033806733624301,0.0,0.345,2026-07-04
2026-07-04 16:07:46+00:00,KXBTC15M-26JUL041215-15,62843.19,62886.41,0.245,7.2,0.452144,0.0,2026-07-04 15:57:23+00:00,0.4778,0.2852893874942178,0.713398979062015,0.04028938749421779,-0.04160102093798501,yes,0.04028938749421779,0.0,0.245,2026-07-04
