logged_at,contract_ticker,spot,strike,p_market,tau_minutes,realized_vol_annual,resolved_yes,pu_ts,p_up_v2,effective,p_sc,p_model_yes,p_model_no,edge_yes,edge_no,best_side,best_edge,win,cost,day
2026-07-03 13:27:41+00:00,KXBTC15M-26JUL030930-30,61980.94,61994.66,0.715,2.3,0.282511,1.0,2026-07-03 13:25:38+00:00,0.6112,2026-07-03 13:15:00+00:00,0.4491803278688525,0.3493686986670802,0.6487781015596754,-0.36563130133291977,0.3637781015596754,no,0.3637781015596754,0.0,0.28500000000000003,2026-07-03
2026-07-04 00:05:17+00:00,KXBTC15M-26JUL032015-15,62536.08,62559.15,0.655,9.7,0.246193,1.0,2026-07-03 23:40:20+00:00,0.602,2026-07-04 00:00:00+00:00,0.5404040404040404,0.3713253292269293,0.6317543989016777,-0.28367467077307074,0.28675439890167775,no,0.28675439890167775,0.0,0.345,2026-07-04
2026-07-05 08:37:41+00:00,KXBTC15M-26JUL050445-45,62866.45,62885.54,0.595,7.3,0.160524,1.0,2026-07-05 08:37:11+00:00,0.4797,2026-07-05 08:30:00+00:00,0.5543613063249276,0.3143085220871936,0.6890678404205677,-0.28069147791280635,0.28406784042056765,no,0.28406784042056765,0.0,0.405,2026-07-05
2026-07-08 16:55:09+00:00,KXBTC15M-26JUL081300-00,61979.54,61986.63,0.705,4.8,0.55052,1.0,2026-07-08 15:05:42+00:00,0.4282,2026-07-08 16:45:00+00:00,0.274390243902439,0.43898226012979713,0.5476127465289493,-0.26601773987020283,0.2526127465289493,no,0.2526127465289493,0.0,0.29500000000000004,2026-07-08
2026-07-07 01:26:19+00:00,KXBTC15M-26JUL062130-30,63935.28,63942.17,0.705,3.7,0.417804,0.0,2026-07-07 01:21:58+00:00,0.5588,2026-07-07 01:15:00+00:00,0.6727748691099477,0.4833946920472907,0.525461173054913,-0.22160530795270927,0.23046117305491298,no,0.23046117305491298,1.0,0.29500000000000004,2026-07-07
2026-07-08 12:54:29+00:00,KXBTC15M-26JUL080900-00,62047.68,62052.75,0.675,5.5,0.332752,0.0,2026-07-08 12:33:54+00:00,0.3933,2026-07-08 12:45:00+00:00,0.3983286908077994,0.45425583298974354,0.5395551303747972,-0.2207441670102565,0.21455513037479723,no,0.21455513037479723,1.0,0.32499999999999996,2026-07-08
2026-07-03 04:31:24+00:00,KXBTC15M-26JUL030045-45,61346.46,61356.89,0.645,13.6,0.240726,1.0,2026-07-03 04:02:13+00:00,0.6404,2026-07-03 04:30:00+00:00,0.4853999153618282,0.44135018238476764,0.5572740038134523,-0.20364981761523238,0.20227400381345229,no,0.20227400381345229,0.0,0.355,2026-07-03
2026-07-04 05:50:48+00:00,KXBTC15M-26JUL040200-00,62501.69,62503.42,0.255,9.2,0.136544,0.0,2026-07-04 05:08:41+00:00,0.7114,2026-07-04 05:45:00+00:00,0.5009881422924901,0.451721258468575,0.5483555602999175,0.19672125846857502,-0.1966444397000825,yes,0.19672125846857502,0.0,0.255,2026-07-04
2026-07-05 08:17:21+00:00,KXBTC15M-26JUL050430-30,62972.5,62968.16,0.325,12.7,0.171855,0.0,2026-07-05 08:16:37+00:00,0.4509,2026-07-05 08:15:00+00:00,0.4437627811860941,0.5195606501109984,0.4752554959002966,0.19456065011099838,-0.19974450409970346,yes,0.19456065011099838,0.0,0.325,2026-07-05
2026-07-02 22:35:34+00:00,KXBTC15M-26JUL021845-45,61456.24,61459.97,0.655,9.4,0.183731,0.0,2026-07-02 22:32:03+00:00,0.6863,2026-07-02 22:30:00+00:00,0.4853999153618282,0.46598952390040527,0.5328585046243617,-0.18901047609959476,0.1878585046243617,no,0.1878585046243617,1.0,0.345,2026-07-02
2026-07-03 08:12:59+00:00,KXBTC15M-26JUL030415-15,61687.82,61694.29,0.575,2.0,0.190963,0.0,2026-07-03 08:05:26+00:00,0.6358,2026-07-03 08:00:00+00:00,0.5741538461538461,0.39570637718857127,0.6069211235769582,-0.1792936228114287,0.1819211235769581,no,0.1819211235769581,1.0,0.42500000000000004,2026-07-03
2026-07-05 12:31:21+00:00,KXBTC15M-26JUL050845-45,62684.26,62684.84,0.675,13.6,0.190658,0.0,2026-07-05 12:26:10+00:00,0.3497,2026-07-05 12:30:00+00:00,0.4853999153618282,0.49271800815880107,0.5058916654815981,-0.18228199184119898,0.18089166548159819,no,0.18089166548159819,1.0,0.32499999999999996,2026-07-05
2026-07-06 06:03:50+00:00,KXBTC15M-26JUL060215-15,63035.86,63058.9,0.545,11.2,0.236229,0.0,2026-07-06 06:03:33+00:00,0.5876,2026-07-06 06:00:00+00:00,0.4853999153618282,0.3657886837198139,0.6330208987691868,-0.17921131628018616,0.1780208987691868,no,0.1780208987691868,1.0,0.45499999999999996,2026-07-06
2026-07-05 21:46:05+00:00,KXBTC15M-26JUL051800-00,62979.72,62957.71,0.405,13.9,0.293615,1.0,2026-07-05 21:16:57+00:00,0.3497,2026-07-05 21:45:00+00:00,0.4423400673400673,0.5779249323768544,0.4166193182669268,0.17292493237685436,-0.1783806817330732,yes,0.17292493237685436,1.0,0.405,2026-07-05
2026-07-02 01:06:22+00:00,KXBTC15M-26JUL012115-15,59676.62,59677.17,0.675,8.6,0.396847,1.0,2026-07-02 01:06:10+00:00,0.5052,2026-07-02 01:00:00+00:00,0.5538461538461539,0.5079330810266446,0.49615607938808715,-0.16706691897335546,0.1711560793880872,no,0.1711560793880872,0.0,0.32499999999999996,2026-07-02
2026-07-08 11:22:32+00:00,KXBTC15M-26JUL080730-30,62052.15,62061.89,0.58,7.5,0.220866,0.0,2026-07-08 11:05:13+00:00,0.4282,2026-07-08 11:15:00+00:00,0.3542234332425068,0.3996609012894884,0.5900925930403608,-0.18033909871051157,0.17009259304036073,no,0.17009259304036073,1.0,0.42000000000000004,2026-07-08
2026-07-09 06:07:10+00:00,KXBTC15M-26JUL090215-15,62550.74,62533.11,0.415,7.8,0.347999,0.0,2026-07-09 04:59:22+00:00,0.4743,2026-07-09 06:00:00+00:00,0.4784688995215311,0.5794703055043814,0.41900783162528465,0.1644703055043814,-0.1659921683747153,yes,0.1644703055043814,0.0,0.415,2026-07-09
2026-07-05 20:55:09+00:00,KXBTC15M-26JUL051700-00,62690.49,62690.47,0.665,4.8,0.164473,0.0,2026-07-05 20:20:58+00:00,0.4336,2026-07-05 20:45:00+00:00,0.5009881422924901,0.500869318550515,0.49918657915154563,-0.16413068144948506,0.16418657915154566,no,0.16418657915154566,1.0,0.33499999999999996,2026-07-05
2026-07-10 06:38:19+00:00,KXBTC15M-26JUL100245-45,63872.2,63872.17,0.665,6.7,0.187288,0.0,2026-07-10 06:31:48+00:00,0.6112,2026-07-10 06:15:00+00:00,0.5041291291291291,0.5014881020101266,0.498787863936731,-0.16351189798987342,0.16378786393673106,no,0.16378786393673106,1.0,0.33499999999999996,2026-07-10
2026-07-09 00:36:40+00:00,KXBTC15M-26JUL082045-45,62138.35,62140.68,0.665,8.3,0.337877,1.0,2026-07-09 00:26:03+00:00,0.3473,2026-07-09 00:30:00+00:00,0.6638830897703549,0.5202386914240826,0.4923084889318552,-0.1447613085759174,0.15730848893185523,no,0.15730848893185523,0.0,0.33499999999999996,2026-07-09
2026-07-07 08:18:08+00:00,KXBTC15M-26JUL070430-30,63064.07,63085.09,0.5,11.9,0.205225,0.0,2026-07-07 08:15:25+00:00,0.5397,2026-07-07 08:15:00+00:00,0.3321299638989169,0.33072135256247903,0.6551501433735079,-0.16927864743752097,0.15515014337350785,no,0.15515014337350785,1.0,0.5,2026-07-07
2026-07-04 15:57:38+00:00,KXBTC15M-26JUL041200-00,62886.27,62861.33,0.8985,2.4,0.527388,1.0,2026-07-04 15:57:23+00:00,0.4778,2026-07-04 15:45:00+00:00,0.444877702942219,0.7423505619532823,0.2558626451295214,-0.15614943804671766,0.15436264512952136,no,0.15436264512952136,0.0,0.10150000000000003,2026-07-04
2026-07-02 01:46:59+00:00,KXBTC15M-26JUL012200-00,60173.0,60137.47,0.825,13.0,0.493752,0.0,2026-07-02 01:46:15+00:00,0.6023,2026-07-02 01:45:00+00:00,0.4447546868767451,0.6673656545790195,0.32794898424905083,-0.15763434542098043,0.1529489842490508,no,0.1529489842490508,1.0,0.17500000000000004,2026-07-02
2026-07-03 10:04:39+00:00,KXBTC15M-26JUL030615-15,61647.42,61661.25,0.525,10.3,0.168551,1.0,2026-07-03 09:14:52+00:00,0.6358,2026-07-03 10:00:00+00:00,0.4355942750466708,0.3691052364581658,0.6258143030395207,-0.15589476354183424,0.1508143030395207,no,0.1508143030395207,0.0,0.475,2026-07-03
2026-07-07 01:56:50+00:00,KXBTC15M-26JUL062200-00,63897.06,63897.01,0.655,3.2,0.450922,0.0,2026-07-07 01:45:22+00:00,0.5583,2026-07-07 01:45:00+00:00,0.6548672566371682,0.5191486872327932,0.48818848690614136,-0.13585131276720686,0.1431884869061414,no,0.1431884869061414,1.0,0.345,2026-07-07
2026-07-07 08:38:26+00:00,KXBTC15M-26JUL070445-45,63040.08,63035.73,0.705,6.6,0.20442,0.0,2026-07-07 08:28:18+00:00,0.5397,2026-07-07 08:30:00+00:00,0.3321299638989169,0.5528735646997704,0.4357648757546976,-0.1521264353002295,0.14076487575469754,no,0.14076487575469754,1.0,0.29500000000000004,2026-07-07
2026-07-04 01:26:30+00:00,KXBTC15M-26JUL032130-30,62432.13,62462.17,0.0985,3.5,0.446338,0.0,2026-07-04 01:02:06+00:00,0.7114,2026-07-04 01:15:00+00:00,0.6188212927756654,0.23924510643555436,0.76526436785292,0.14074510643555435,-0.13623563214708,yes,0.14074510643555435,0.0,0.0985,2026-07-04
2026-07-05 19:03:18+00:00,KXBTC15M-26JUL051515-15,62763.19,62766.02,0.615,11.7,0.234194,1.0,2026-07-05 18:54:27+00:00,0.3583,2026-07-05 19:00:00+00:00,0.4423400673400673,0.47097056032320955,0.5239304883334508,-0.14402943967679044,0.13893048833345079,no,0.13893048833345079,0.0,0.385,2026-07-05
2026-07-04 11:51:55+00:00,KXBTC15M-26JUL040800-00,62438.8,62445.51,0.535,8.1,0.11886,0.0,2026-07-04 11:39:54+00:00,0.6029,2026-07-04 11:45:00+00:00,0.4161490683229814,0.3938871350122024,0.6001136209175728,-0.14111286498779763,0.13511362091757284,no,0.13511362091757284,1.0,0.46499999999999997,2026-07-04
2026-07-04 12:27:28+00:00,KXBTC15M-26JUL040830-30,62517.53,62512.75,0.835,2.5,0.122364,1.0,2026-07-04 12:26:49+00:00,0.4608,2026-07-04 12:15:00+00:00,0.4707317073170731,0.6991396827442429,0.29981747461285324,-0.1358603172557571,0.1348174746128532,no,0.1348174746128532,0.0,0.16500000000000004,2026-07-04
2026-07-04 14:24:12+00:00,KXBTC15M-26JUL041030-30,62625.88,62617.0,0.415,5.8,0.295315,0.0,2026-07-04 14:17:03+00:00,0.4899,2026-07-04 14:15:00+00:00,0.4446043165467626,0.5489045039246401,0.44766757356932574,0.1339045039246401,-0.13733242643067423,yes,0.1339045039246401,0.0,0.415,2026-07-04
2026-07-08 00:21:37+00:00,KXBTC15M-26JUL072030-30,63447.6,63469.28,0.515,8.4,0.298488,1.0,2026-07-08 00:06:54+00:00,0.5057,2026-07-08 00:15:00+00:00,0.4597701149425287,0.3801053258442815,0.6170129618532725,-0.13489467415571849,0.1320129618532725,no,0.1320129618532725,0.0,0.485,2026-07-08
2026-07-01 19:42:20+00:00,KXBTC15M-26JUL011545-45,60109.11,60100.72,0.775,2.7,0.329074,1.0,2026-07-01 19:42:09+00:00,0.5723,2026-07-01 19:30:00+00:00,0.5543613063249276,0.6482961755788488,0.3538579854229065,-0.12670382442115125,0.1288579854229065,no,0.1288579854229065,0.0,0.22499999999999998,2026-07-01
2026-07-04 03:23:34+00:00,KXBTC15M-26JUL032330-30,62499.29,62508.4,0.535,6.4,0.166493,0.0,2026-07-04 02:01:00+00:00,0.5659,2026-07-04 03:15:00+00:00,0.5543613063249276,0.40960871948135336,0.5938577968615667,-0.12539128051864668,0.12885779686156673,no,0.12885779686156673,1.0,0.46499999999999997,2026-07-04
2026-07-10 03:40:51+00:00,KXBTC15M-26JUL092345-45,63827.71,63823.31,0.695,4.1,0.313853,1.0,2026-07-10 03:35:45+00:00,0.5104,2026-07-10 03:30:00+00:00,0.4594703049759229,0.5641025633166794,0.4338032033211413,-0.13089743668332054,0.12880320332114126,no,0.12880320332114126,0.0,0.30500000000000005,2026-07-10
2026-07-06 03:51:41+00:00,KXBTC15M-26JUL060000-00,63155.62,63145.88,0.445,8.3,0.281999,1.0,2026-07-06 03:51:39+00:00,0.5106,2026-07-06 03:45:00+00:00,0.5976744186046512,0.5728473611678251,0.4343815243952114,0.12784736116782508,-0.12061847560478856,yes,0.12784736116782508,1.0,0.445,2026-07-06
2026-07-06 08:55:54+00:00,KXBTC15M-26JUL060500-00,62840.64,62850.95,0.525,4.1,0.208479,0.0,2026-07-06 08:35:14+00:00,0.5917,2026-07-06 08:45:00+00:00,0.6188212927756654,0.40430412004444605,0.6018085245290178,-0.12069587995555398,0.1268085245290178,no,0.1268085245290178,1.0,0.475,2026-07-06
2026-07-04 01:52:01+00:00,KXBTC15M-26JUL032200-00,62392.13,62391.38,0.645,8.0,0.367631,1.0,2026-07-04 01:02:06+00:00,0.7114,2026-07-04 01:45:00+00:00,0.5834564254062038,0.5245037740356242,0.4816272409077287,-0.12049622596437581,0.1266272409077287,no,0.1266272409077287,0.0,0.355,2026-07-04
2026-07-02 01:21:38+00:00,KXBTC15M-26JUL012130-30,59862.42,59868.56,0.605,8.4,0.41209,1.0,2026-07-02 01:20:49+00:00,0.5753,2026-07-02 01:15:00+00:00,0.5391600454029511,0.4825066615228991,0.5204252080239203,-0.12249333847710087,0.12542520802392032,no,0.12542520802392032,0.0,0.395,2026-07-02
2026-07-03 18:55:38+00:00,KXBTC15M-26JUL031500-00,62162.73,62173.98,0.505,4.4,0.214011,0.0,2026-07-03 18:51:43+00:00,0.5819,2026-07-03 18:45:00+00:00,0.4491803278688525,0.3784550370560724,0.6189113753193443,-0.12654496294392759,0.12391137531934426,no,0.12391137531934426,1.0,0.495,2026-07-03
2026-07-10 04:11:19+00:00,KXBTC15M-26JUL100015-15,63900.37,63894.17,0.725,3.7,0.281423,1.0,2026-07-10 04:11:07+00:00,0.4928,2026-07-10 04:00:00+00:00,0.4594703049759229,0.5994264986951781,0.39862129942321456,-0.12557350130482192,0.12362129942321454,no,0.12362129942321454,0.0,0.275,2026-07-10
2026-07-03 02:09:14+00:00,KXBTC15M-26JUL022215-15,61544.86,61521.83,0.855,5.8,0.319194,0.0,2026-07-03 01:41:08+00:00,0.5322,2026-07-03 02:00:00+00:00,0.5041291291291291,0.7337925635407754,0.2664187766439259,-0.1212074364592246,0.12141877664392586,no,0.12141877664392586,1.0,0.14500000000000002,2026-07-03
2026-07-03 13:53:05+00:00,KXBTC15M-26JUL031000-00,62101.15,62093.67,0.705,6.9,0.328706,0.0,2026-07-03 13:52:49+00:00,0.4778,2026-07-03 13:45:00+00:00,0.4985119047619047,0.5845880093989948,0.41531334280000987,-0.12041199060100516,0.12031334280000983,no,0.12031334280000983,1.0,0.29500000000000004,2026-07-03
2026-07-05 22:11:37+00:00,KXBTC15M-26JUL051815-15,63091.39,63077.64,0.765,3.4,0.436864,1.0,2026-07-05 22:09:17+00:00,0.4509,2026-07-05 22:00:00+00:00,0.4985119047619047,0.645109201258813,0.3548246932768744,-0.11989079874118702,0.1198246932768744,no,0.1198246932768744,0.0,0.235,2026-07-05
2026-07-05 15:39:26+00:00,KXBTC15M-26JUL051145-45,62752.62,62728.8,0.855,5.6,0.33019,0.0,2026-07-05 15:21:27+00:00,0.4336,2026-07-05 15:30:00+00:00,0.5508684863523573,0.739390020728639,0.26315336309791937,-0.11560997927136096,0.11815336309791935,no,0.11815336309791935,1.0,0.14500000000000002,2026-07-05
2026-07-08 13:09:45+00:00,KXBTC15M-26JUL080915-15,61909.64,61910.33,0.605,5.2,0.410758,0.0,2026-07-08 13:04:13+00:00,0.4007,2026-07-08 13:00:00+00:00,0.4050343249427917,0.48245096909515295,0.5119076183794292,-0.12254903090484703,0.1169076183794292,no,0.1169076183794292,1.0,0.395,2026-07-08
2026-07-02 17:11:32+00:00,KXBTC15M-26JUL021315-15,61649.45,61623.73,0.775,3.5,0.694221,1.0,2026-07-02 16:29:24+00:00,0.5175,2026-07-02 17:00:00+00:00,0.4355942750466708,0.656747312264843,0.34037694648728845,-0.11825268773515707,0.11537694648728847,no,0.11537694648728847,0.0,0.22499999999999998,2026-07-02
2026-07-05 22:16:43+00:00,KXBTC15M-26JUL051830-30,63193.13,63156.72,0.775,13.3,0.477148,1.0,2026-07-05 22:13:18+00:00,0.4681,2026-07-05 22:15:00+00:00,0.444877702942219,0.654965892888344,0.3402375953065151,-0.12003410711165607,0.11523759530651512,no,0.11523759530651512,0.0,0.22499999999999998,2026-07-05
2026-07-08 07:38:34+00:00,KXBTC15M-26JUL080345-45,62772.82,62767.92,0.395,6.4,0.259233,0.0,2026-07-08 06:51:27+00:00,0.3996,2026-07-08 07:30:00+00:00,0.3478260869565217,0.5089409630363696,0.48087151838050535,0.11394096303636958,-0.12412848161949463,yes,0.11394096303636958,0.0,0.395,2026-07-08
2026-07-05 12:46:37+00:00,KXBTC15M-26JUL050900-00,62662.87,62661.87,0.625,13.4,0.192528,1.0,2026-07-05 12:26:10+00:00,0.3497,2026-07-05 12:45:00+00:00,0.4597701149425287,0.5075552676986224,0.4886369696640729,-0.11744473230137764,0.11363696966407288,no,0.11363696966407288,0.0,0.375,2026-07-05
2026-07-06 02:54:52+00:00,KXBTC15M-26JUL052300-00,63379.3,63361.18,0.795,5.1,0.371711,1.0,2026-07-06 02:47:12+00:00,0.5062,2026-07-06 02:45:00+00:00,0.6012759170653907,0.6881721967683678,0.3171402037596185,-0.10682780323163221,0.11214020375961853,no,0.11214020375961853,0.0,0.20499999999999996,2026-07-06
2026-07-09 13:39:15+00:00,KXBTC15M-26JUL090945-45,62676.5,62653.31,0.475,5.7,0.568683,1.0,2026-07-09 13:36:36+00:00,0.4336,2026-07-09 13:30:00+00:00,0.5543613063249276,0.5865461800711573,0.4167388867541534,0.11154618007115735,-0.10826111324584664,yes,0.11154618007115735,1.0,0.475,2026-07-09
2026-07-05 16:25:21+00:00,KXBTC15M-26JUL051230-30,62655.06,62668.14,0.195,4.7,0.252087,0.0,2026-07-05 16:16:42+00:00,0.4336,2026-07-05 16:15:00+00:00,0.4512946979038224,0.30427308812518994,0.6933255130831364,0.10927308812518993,-0.11167448691686355,yes,0.10927308812518993,0.0,0.195,2026-07-05
2026-07-08 00:01:18+00:00,KXBTC15M-26JUL072015-15,63273.38,63300.99,0.505,13.7,0.288534,1.0,2026-07-08 00:01:18+00:00,0.5363,2026-07-08 00:00:00+00:00,0.5976744186046512,0.4063037860630572,0.6028382989457441,-0.09869621393694278,0.10783829894574415,no,0.10783829894574415,0.0,0.495,2026-07-08
2026-07-04 05:40:39+00:00,KXBTC15M-26JUL040145-45,62467.86,62460.78,0.815,4.4,0.131186,1.0,2026-07-04 05:08:41+00:00,0.7114,2026-07-04 05:30:00+00:00,0.5959119496855346,0.7122548370244496,0.29224603757768197,-0.10274516297555036,0.10724603757768192,no,0.10724603757768192,0.0,0.18500000000000005,2026-07-04
2026-07-09 05:11:14+00:00,KXBTC15M-26JUL090115-15,62399.53,62401.65,0.59,3.8,0.272736,1.0,2026-07-09 04:59:22+00:00,0.4743,2026-07-09 05:00:00+00:00,0.5198412698412699,0.484019872864049,0.5169783418090486,-0.10598012713595095,0.10697834180904853,no,0.10697834180904853,0.0,0.41000000000000003,2026-07-09
2026-07-04 17:48:59+00:00,KXBTC15M-26JUL041400-00,63162.33,63105.72,0.895,11.0,0.402848,1.0,2026-07-04 17:48:11+00:00,0.4904,2026-07-04 17:00:00+00:00,0.4832402234636871,0.7878065030679463,0.21115153345779247,-0.10719349693205371,0.10615153345779249,no,0.10615153345779249,0.0,0.10499999999999998,2026-07-04
2026-07-03 20:41:58+00:00,KXBTC15M-26JUL031645-45,62587.08,62565.84,0.775,3.0,0.565157,1.0,2026-07-03 20:25:25+00:00,0.4904,2026-07-03 20:30:00+00:00,0.4985119047619047,0.6712935956625612,0.3286460898279514,-0.10370640433743883,0.10364608982795143,no,0.10364608982795143,0.0,0.22499999999999998,2026-07-03
2026-07-05 21:40:59+00:00,KXBTC15M-26JUL051745-45,62887.74,62873.6,0.785,4.0,0.289188,1.0,2026-07-05 21:16:57+00:00,0.3497,2026-07-05 21:30:00+00:00,0.4423400673400673,0.679198644719876,0.31812482140917453,-0.10580135528012402,0.10312482140917456,no,0.10312482140917456,0.0,0.21499999999999997,2026-07-05
2026-07-07 11:41:11+00:00,KXBTC15M-26JUL070745-45,63115.78,63123.16,0.525,3.8,0.236375,1.0,2026-07-07 11:32:54+00:00,0.4767,2026-07-07 11:30:00+00:00,0.4437627811860941,0.42005270797271105,0.5771625500776234,-0.10494729202728897,0.10216255007762343,no,0.10216255007762343,0.0,0.475,2026-07-07
2026-07-07 03:48:34+00:00,KXBTC15M-26JUL070000-00,63138.4,63158.17,0.505,11.4,0.304908,0.0,2026-07-07 03:47:56+00:00,0.526,2026-07-07 03:45:00+00:00,0.4226415094339623,0.39627494024646504,0.5971546102436266,-0.10872505975353497,0.1021546102436266,no,0.1021546102436266,1.0,0.495,2026-07-07
2026-07-04 10:51:00+00:00,KXBTC15M-26JUL040700-00,62433.89,62431.55,0.45,9.0,0.086571,1.0,2026-07-04 09:10:33+00:00,0.6029,2026-07-04 10:45:00+00:00,0.5543613063249276,0.5521499355471058,0.45204067825828653,0.10214993554710577,-0.09795932174171351,yes,0.10214993554710577,1.0,0.45,2026-07-04
2026-07-06 08:20:21+00:00,KXBTC15M-26JUL060430-30,62998.27,62989.95,0.705,9.6,0.230192,1.0,2026-07-06 08:19:10+00:00,0.5917,2026-07-06 08:15:00+00:00,0.5009881422924901,0.6036223602749783,0.39645401128848934,-0.10137763972502167,0.1014540112884893,no,0.1014540112884893,0.0,0.29500000000000004,2026-07-06
2026-07-03 06:16:10+00:00,KXBTC15M-26JUL030230-30,61661.72,61671.49,0.535,13.8,0.218061,0.0,2026-07-03 06:15:19+00:00,0.5259,2026-07-03 06:15:00+00:00,0.431578947368421,0.4273509889011142,0.5661539145658572,-0.1076490110988858,0.1011539145658572,no,0.1011539145658572,1.0,0.46499999999999997,2026-07-03
2026-07-09 20:22:26+00:00,KXBTC15M-26JUL091630-30,63189.63,63172.18,0.775,7.6,0.281489,1.0,2026-07-09 20:05:43+00:00,0.4991,2026-07-09 20:15:00+00:00,0.5041291291291291,0.6746984095886442,0.32556690071218175,-0.10030159041135578,0.10056690071218177,no,0.10056690071218177,0.0,0.22499999999999998,2026-07-09
2026-07-09 01:27:34+00:00,KXBTC15M-26JUL082130-30,62338.1,62353.43,0.525,2.4,0.752413,1.0,2026-07-09 01:24:18+00:00,0.3859,2026-07-09 01:15:00+00:00,0.274390243902439,0.4157056915000371,0.5749176272608165,-0.10929430849996291,0.09991762726081654,no,0.09991762726081654,0.0,0.475,2026-07-09
2026-07-05 20:09:21+00:00,KXBTC15M-26JUL051615-15,62755.88,62728.25,0.961,5.6,0.210515,1.0,2026-07-05 19:51:30+00:00,0.515,2026-07-05 20:00:00+00:00,0.4853999153618282,0.8615641451075474,0.13794242949442892,-0.09943585489245255,0.09894242949442889,no,0.09894242949442889,0.0,0.039000000000000035,2026-07-05
2026-07-08 11:32:49+00:00,KXBTC15M-26JUL080745-45,62066.38,62047.28,0.495,12.2,0.20409,1.0,2026-07-08 11:32:47+00:00,0.4282,2026-07-08 11:30:00+00:00,0.3661270236612702,0.5932375641969705,0.3948361956269766,0.0982375641969705,-0.11016380437302342,yes,0.0982375641969705,1.0,0.495,2026-07-08
2026-07-07 15:19:54+00:00,KXBTC15M-26JUL071130-30,63519.2,63495.48,0.665,10.1,0.942859,1.0,2026-07-07 14:35:12+00:00,0.4916,2026-07-07 15:15:00+00:00,0.4447546868767451,0.5622757005777852,0.4332360860273231,-0.10272429942221484,0.09823608602732314,no,0.09823608602732314,0.0,0.33499999999999996,2026-07-07
2026-07-06 16:53:09+00:00,KXBTC15M-26JUL061300-00,63689.61,63684.85,0.415,6.8,0.847341,0.0,2026-07-06 15:40:58+00:00,0.4541,2026-07-06 16:45:00+00:00,0.517948717948718,0.5128032121484203,0.4884051179161726,0.0978032121484203,-0.09659488208382738,yes,0.0978032121484203,0.0,0.415,2026-07-06
2026-07-03 14:38:42+00:00,KXBTC15M-26JUL031045-45,61855.16,61862.55,0.355,6.3,0.619956,1.0,2026-07-03 14:36:49+00:00,0.4968,2026-07-03 14:30:00+00:00,0.5041291291291291,0.4511487443199862,0.5491168388564248,0.09614874431998621,-0.0958831611435752,yes,0.09614874431998621,1.0,0.355,2026-07-03
2026-07-04 12:42:42+00:00,KXBTC15M-26JUL040845-45,62563.0,62547.73,0.9605,2.3,0.174129,1.0,2026-07-04 12:35:18+00:00,0.4899,2026-07-04 12:30:00+00:00,0.4423400673400673,0.8657376735242476,0.13303770940081083,-0.09476232647575245,0.09353770940081085,no,0.09353770940081085,0.0,0.03949999999999998,2026-07-04
2026-07-02 21:24:24+00:00,KXBTC15M-26JUL021730-30,61466.77,61462.3,0.655,5.6,0.30786,1.0,2026-07-02 21:23:25+00:00,0.6863,2026-07-02 21:15:00+00:00,0.5040756439517444,0.5620697198292915,0.43817630219852133,-0.09293028017070848,0.09317630219852135,no,0.09317630219852135,0.0,0.345,2026-07-02
2026-07-05 14:53:39+00:00,KXBTC15M-26JUL051100-00,62680.72,62698.84,0.185,6.4,0.242178,1.0,2026-07-05 14:18:05+00:00,0.3497,2026-07-05 14:45:00+00:00,0.4597701149425287,0.2781123440868175,0.7196695769401658,0.09311234408681751,-0.09533042305983419,yes,0.09311234408681751,1.0,0.185,2026-07-05
2026-07-08 05:06:08+00:00,KXBTC15M-26JUL080115-15,62768.37,62752.17,0.735,8.9,0.267782,1.0,2026-07-08 05:02:26+00:00,0.553,2026-07-08 05:00:00+00:00,0.3925925925925926,0.6341638706784978,0.3579673422510161,-0.10083612932150221,0.0929673422510161,no,0.0929673422510161,0.0,0.265,2026-07-08
2026-07-03 10:24:55+00:00,KXBTC15M-26JUL030630-30,61657.63,61663.75,0.515,5.1,0.165837,1.0,2026-07-03 10:19:35+00:00,0.6358,2026-07-03 10:15:00+00:00,0.4832402234636871,0.42142089096505575,0.5776203595319774,-0.09357910903494426,0.09262035953197745,no,0.09262035953197745,0.0,0.485,2026-07-03
2026-07-02 16:36:03+00:00,KXBTC15M-26JUL021245-45,61217.75,61122.75,0.865,9.0,0.853021,1.0,2026-07-02 16:29:24+00:00,0.5175,2026-07-02 16:30:00+00:00,0.5848375451263538,0.7774592872987673,0.22751904341712637,-0.08754071270123265,0.09251904341712636,no,0.09251904341712636,0.0,0.135,2026-07-02
2026-07-06 14:10:34+00:00,KXBTC15M-26JUL061015-15,61861.68,61760.12,0.875,4.4,1.054845,1.0,2026-07-06 12:34:53+00:00,0.5042,2026-07-06 14:00:00+00:00,0.3053097345132743,0.7745706719914158,0.21723597884335222,-0.10042932800858417,0.09223597884335222,no,0.09223597884335222,0.0,0.125,2026-07-06
2026-07-09 20:32:35+00:00,KXBTC15M-26JUL091645-45,63240.68,63241.15,0.595,12.4,0.281084,1.0,2026-07-09 20:05:43+00:00,0.4991,2026-07-09 20:30:00+00:00,0.5391600454029511,0.5067435651716874,0.49682236310763683,-0.08825643482831258,0.0918223631076368,no,0.0918223631076368,0.0,0.405,2026-07-09
2026-07-04 11:11:20+00:00,KXBTC15M-26JUL040715-15,62468.46,62471.4,0.275,3.7,0.10697,0.0,2026-07-04 11:07:52+00:00,0.6029,2026-07-04 11:00:00+00:00,0.4085213032581453,0.3663968950256521,0.629270321398398,0.09139689502565207,-0.09572967860160198,yes,0.09139689502565207,0.0,0.275,2026-07-04
2026-07-05 16:55:56+00:00,KXBTC15M-26JUL051300-00,62590.97,62570.59,0.885,4.1,0.237431,1.0,2026-07-05 16:16:42+00:00,0.4336,2026-07-05 16:45:00+00:00,0.6188212927756654,0.7986590698685989,0.20581402131752324,-0.0863409301314011,0.09081402131752325,no,0.09081402131752325,0.0,0.11499999999999999,2026-07-05
2026-07-04 11:21:29+00:00,KXBTC15M-26JUL040730-30,62454.78,62452.53,0.655,8.5,0.11225,0.0,2026-07-04 11:07:52+00:00,0.6029,2026-07-04 11:15:00+00:00,0.4853999153618282,0.5633072827181762,0.4356075274508364,-0.09169271728182382,0.09060752745083644,no,0.09060752745083644,1.0,0.345,2026-07-04
2026-07-10 02:39:54+00:00,KXBTC15M-26JUL092245-45,63860.57,63793.14,0.901,5.1,0.579839,1.0,2026-07-10 02:28:32+00:00,0.4928,2026-07-10 02:30:00+00:00,0.4151593453919035,0.8092420618430654,0.18737744726645778,-0.09175793815693467,0.0883774472664578,no,0.0883774472664578,0.0,0.09899999999999998,2026-07-10
2026-07-09 23:42:04+00:00,KXBTC15M-26JUL091945-45,63219.03,63199.04,0.835,2.9,0.319884,1.0,2026-07-09 23:39:43+00:00,0.5848,2026-07-09 23:30:00+00:00,0.4832402234636871,0.7461945662994804,0.2532139291250639,-0.08880543370051952,0.08821392912506387,no,0.08821392912506387,0.0,0.16500000000000004,2026-07-09
2026-07-06 05:33:17+00:00,KXBTC15M-26JUL060145-45,62966.76,62963.7,0.445,11.7,0.290072,1.0,2026-07-06 05:19:53+00:00,0.5187,2026-07-06 05:30:00+00:00,0.5848375451263538,0.5330037523198059,0.47452588088712355,0.0880037523198059,-0.08047411911287639,yes,0.0880037523198059,1.0,0.445,2026-07-06
2026-07-05 20:39:50+00:00,KXBTC15M-26JUL051645-45,62683.44,62670.45,0.815,5.2,0.186663,1.0,2026-07-05 20:20:58+00:00,0.4336,2026-07-05 20:30:00+00:00,0.5959119496855346,0.7318081333876452,0.27292307826371665,-0.08319186661235478,0.08792307826371659,no,0.08792307826371659,0.0,0.18500000000000005,2026-07-05
2026-07-08 01:48:07+00:00,KXBTC15M-26JUL072200-00,63150.14,63106.61,0.73,11.9,0.661494,0.0,2026-07-08 01:29:54+00:00,0.5056,2026-07-08 01:45:00+00:00,0.4645161290322581,0.6392096239567402,0.3578245859850453,-0.09079037604325979,0.08782458598504528,no,0.08782458598504528,1.0,0.27,2026-07-08
2026-07-09 03:19:25+00:00,KXBTC15M-26JUL082330-30,61760.83,61799.99,0.145,10.6,0.330268,1.0,2026-07-09 03:18:59+00:00,0.3657,2026-07-09 03:15:00+00:00,0.4357976653696498,0.2321832683047491,0.7636485813738108,0.08718326830474912,-0.09135141862618923,yes,0.08718326830474912,1.0,0.145,2026-07-09
2026-07-07 05:50:26+00:00,KXBTC15M-26JUL070200-00,63118.9,63122.52,0.545,9.6,0.265671,0.0,2026-07-07 05:48:25+00:00,0.5057,2026-07-07 05:45:00+00:00,0.3232758620689655,0.4434521662884572,0.5420254540062536,-0.10154783371154286,0.08702545400625361,no,0.08702545400625361,1.0,0.45499999999999996,2026-07-07
2026-07-03 15:04:07+00:00,KXBTC15M-26JUL031115-15,62125.45,62122.92,0.595,10.9,0.576101,1.0,2026-07-03 14:59:02+00:00,0.4928,2026-07-03 15:00:00+00:00,0.4417791104447776,0.5033472655190909,0.4916725255398654,-0.09165273448090905,0.08667252553986537,no,0.08667252553986537,0.0,0.405,2026-07-03
2026-07-05 14:23:07+00:00,KXBTC15M-26JUL051030-30,62659.41,62686.06,0.185,6.9,0.303334,0.0,2026-07-05 14:18:05+00:00,0.3497,2026-07-05 14:15:00+00:00,0.5041291291291291,0.2703151416349101,0.7299170560044814,0.08531514163491011,-0.08508294399551852,yes,0.08531514163491011,0.0,0.185,2026-07-05
2026-07-06 04:52:41+00:00,KXBTC15M-26JUL060100-00,63278.22,63268.52,0.705,7.3,0.236613,0.0,2026-07-06 04:33:50+00:00,0.6212,2026-07-06 04:45:00+00:00,0.4832402234636871,0.6191604996599491,0.37972303392573237,-0.08583950034005083,0.08472303392573233,no,0.08472303392573233,1.0,0.29500000000000004,2026-07-06
2026-07-08 21:22:16+00:00,KXBTC15M-26JUL081730-30,61968.24,61961.66,0.655,7.7,0.309717,1.0,2026-07-08 21:11:24+00:00,0.3657,2026-07-08 21:15:00+00:00,0.487750556792873,0.5695015960016105,0.42963414843842584,-0.08549840399838948,0.08463414843842587,no,0.08463414843842587,0.0,0.345,2026-07-08
2026-07-08 00:31:48+00:00,KXBTC15M-26JUL072045-45,63576.59,63579.66,0.565,13.2,0.369979,1.0,2026-07-08 00:06:54+00:00,0.5057,2026-07-08 00:30:00+00:00,0.4355942750466708,0.47445704577756803,0.5194843989953015,-0.09054295422243192,0.08448439899530147,no,0.08448439899530147,0.0,0.43500000000000005,2026-07-08
2026-07-10 03:56:04+00:00,KXBTC15M-26JUL100000-00,63886.61,63880.21,0.675,3.9,0.291345,1.0,2026-07-10 03:54:09+00:00,0.4928,2026-07-10 03:45:00+00:00,0.4597701149425287,0.5889835948053118,0.4090140842094643,-0.08601640519468823,0.08401408420946432,no,0.08401408420946432,0.0,0.32499999999999996,2026-07-10
2026-07-09 03:55:01+00:00,KXBTC15M-26JUL090000-00,61920.53,61905.93,0.715,5.0,0.34815,1.0,2026-07-09 03:33:46+00:00,0.3472,2026-07-09 03:45:00+00:00,0.3661270236612702,0.6239400517197121,0.3685869572831587,-0.09105994828028785,0.08358695728315868,no,0.08358695728315868,0.0,0.28500000000000003,2026-07-09
2026-07-05 15:54:47+00:00,KXBTC15M-26JUL051200-00,62694.64,62658.4,0.895,5.2,0.335704,1.0,2026-07-05 15:52:00+00:00,0.3497,2026-07-05 15:45:00+00:00,0.5959119496855346,0.8158136751930402,0.18801593618749912,-0.07918632480695986,0.08301593618749914,no,0.08301593618749914,0.0,0.10499999999999998,2026-07-05
2026-07-06 15:47:05+00:00,KXBTC15M-26JUL061200-00,62827.0,62830.1,0.405,12.9,1.079061,1.0,2026-07-06 15:40:58+00:00,0.4541,2026-07-06 15:45:00+00:00,0.4899328859060403,0.487847369701819,0.5112193462544263,0.082847369701819,-0.08378065374557364,yes,0.082847369701819,1.0,0.405,2026-07-06
2026-07-06 01:04:02+00:00,KXBTC15M-26JUL052115-15,63671.64,63695.38,0.505,11.0,0.454593,1.0,2026-07-06 01:02:25+00:00,0.4843,2026-07-06 01:00:00+00:00,0.4491279069767442,0.41815114771488726,0.5775680592168669,-0.08684885228511274,0.08256805921686694,no,0.08256805921686694,0.0,0.495,2026-07-06
2026-07-03 03:05:05+00:00,KXBTC15M-26JUL022315-15,61366.05,61364.73,0.425,9.9,0.303705,0.0,2026-07-03 03:00:25+00:00,0.6865,2026-07-03 03:00:00+00:00,0.5040756439517444,0.5073379321635563,0.4929931269526757,0.08233793216355628,-0.08200687304732424,yes,0.08233793216355628,0.0,0.425,2026-07-03
2026-07-02 17:47:10+00:00,KXBTC15M-26JUL021400-00,61655.27,61726.99,0.185,12.8,0.589174,0.0,2026-07-02 17:25:10+00:00,0.5738,2026-07-02 17:45:00+00:00,0.5040756439517444,0.26681070946459956,0.7334993842847883,0.08181070946459956,-0.08150061571521161,yes,0.08181070946459956,0.0,0.185,2026-07-02
2026-07-07 07:07:00+00:00,KXBTC15M-26JUL070315-15,63304.49,63296.13,0.685,8.0,0.246766,1.0,2026-07-07 06:53:54+00:00,0.5218,2026-07-07 07:00:00+00:00,0.5198412698412699,0.6046688408267906,0.39673124745660215,-0.08033115917320943,0.08173124745660221,no,0.08173124745660221,0.0,0.31499999999999995,2026-07-07
2026-07-03 01:33:38+00:00,KXBTC15M-26JUL022145-45,61516.99,61505.22,0.665,11.4,0.362818,1.0,2026-07-03 01:32:37+00:00,0.6863,2026-07-03 01:30:00+00:00,0.4853999153618282,0.5826430305173378,0.41611171106158185,-0.08235696948266225,0.08111171106158188,no,0.08111171106158188,0.0,0.33499999999999996,2026-07-03
2026-07-07 20:32:31+00:00,KXBTC15M-26JUL071645-45,63674.59,63699.12,0.295,12.5,0.391398,0.0,2026-07-07 19:35:17+00:00,0.5057,2026-07-07 20:30:00+00:00,0.5391600454029511,0.3753907991315437,0.6280087575870106,0.08039079913154373,-0.07699124241298949,yes,0.08039079913154373,0.0,0.295,2026-07-07
2026-07-04 16:38:08+00:00,KXBTC15M-26JUL041245-45,62862.46,62827.58,0.815,6.9,0.355433,1.0,2026-07-04 15:57:23+00:00,0.4778,2026-07-04 16:30:00+00:00,0.4161490683229814,0.7306031475588187,0.2646744985296511,-0.08439685244118122,0.07967449852965103,no,0.07967449852965103,0.0,0.18500000000000005,2026-07-04
2026-07-03 05:02:02+00:00,KXBTC15M-26JUL030115-15,61394.96,61387.31,0.655,13.0,0.261342,1.0,2026-07-03 05:01:09+00:00,0.6399,2026-07-03 05:00:00+00:00,0.5040756439517444,0.5760355990905818,0.42433695069000266,-0.07896440090941825,0.07933695069000268,no,0.07933695069000268,0.0,0.345,2026-07-03
2026-07-08 05:16:16+00:00,KXBTC15M-26JUL080130-30,62749.41,62756.09,0.525,13.7,0.256387,0.0,2026-07-08 05:12:14+00:00,0.5902,2026-07-08 05:15:00+00:00,0.350375939849624,0.4312698691701062,0.5542532274424596,-0.09373013082989384,0.07925322744245966,no,0.07925322744245966,1.0,0.475,2026-07-08
2026-07-09 14:40:16+00:00,KXBTC15M-26JUL091045-45,62877.62,62807.78,0.835,4.7,0.816611,1.0,2026-07-09 14:08:04+00:00,0.4991,2026-07-09 14:30:00+00:00,0.5041291291291291,0.757308258349211,0.24287298506075372,-0.07769174165078896,0.07787298506075369,no,0.07787298506075369,0.0,0.16500000000000004,2026-07-09
2026-07-08 21:32:25+00:00,KXBTC15M-26JUL081745-45,62072.8,62056.9,0.675,12.6,0.284719,0.0,2026-07-08 21:11:24+00:00,0.3657,2026-07-08 21:30:00+00:00,0.350375939849624,0.5837958611873401,0.40251754221893143,-0.09120413881265999,0.07751754221893148,no,0.07751754221893148,1.0,0.32499999999999996,2026-07-08
2026-07-05 13:06:56+00:00,KXBTC15M-26JUL050915-15,62697.77,62685.11,0.735,8.1,0.193646,1.0,2026-07-05 13:06:56+00:00,0.4928,2026-07-05 13:00:00+00:00,0.4390243902439024,0.6542712953130935,0.3415803997460174,-0.08072870468690652,0.07658039974601738,no,0.07658039974601738,0.0,0.265,2026-07-05
2026-07-02 18:27:42+00:00,KXBTC15M-26JUL021430-30,61742.67,61781.53,0.0605,2.3,0.430754,1.0,2026-07-02 18:27:16+00:00,0.5328,2026-07-02 18:15:00+00:00,0.4606126914660831,0.13651453883249287,0.8626364603592083,0.07601453883249287,-0.07686353964079173,yes,0.07601453883249287,1.0,0.0605,2026-07-02
2026-07-04 21:49:52+00:00,KXBTC15M-26JUL041800-00,63239.96,63260.86,0.27,10.1,0.262137,1.0,2026-07-04 21:35:47+00:00,0.4778,2026-07-04 21:45:00+00:00,0.5819209039548022,0.34583597912475583,0.6604008259246535,0.07583597912475581,-0.06959917407534644,yes,0.07583597912475581,1.0,0.27,2026-07-04
2026-07-09 15:26:05+00:00,KXBTC15M-26JUL091130-30,63068.51,63040.2,0.695,3.9,0.883344,0.0,2026-07-09 15:21:47+00:00,0.426,2026-07-09 15:15:00+00:00,0.431578947368421,0.6161864969671161,0.3804615785913398,-0.07881350303288381,0.07546157859133973,no,0.07546157859133973,1.0,0.30500000000000005,2026-07-09
2026-07-03 05:17:15+00:00,KXBTC15M-26JUL030130-30,61463.37,61469.71,0.535,12.7,0.232099,1.0,2026-07-03 05:07:56+00:00,0.6399,2026-07-03 05:15:00+00:00,0.4707317073170731,0.4572759214139199,0.5400430720376961,-0.07772407858608016,0.07504307203769611,no,0.07504307203769611,0.0,0.46499999999999997,2026-07-03
2026-07-08 14:26:06+00:00,KXBTC15M-26JUL081030-30,62069.32,62039.5,0.695,3.9,0.812208,0.0,2026-07-08 14:20:41+00:00,0.4282,2026-07-08 14:15:00+00:00,0.3053097345132743,0.6108838313369662,0.37919830191237136,-0.08411616866303373,0.07419830191237131,no,0.07419830191237131,1.0,0.30500000000000005,2026-07-08
2026-07-05 07:46:54+00:00,KXBTC15M-26JUL050400-00,62865.77,62870.71,0.525,13.1,0.15249,1.0,2026-07-05 07:45:41+00:00,0.4122,2026-07-05 07:45:00+00:00,0.4423400673400673,0.4454753281581633,0.5491630857308378,-0.0795246718418367,0.07416308573083785,no,0.07416308573083785,0.0,0.475,2026-07-05
2026-07-02 02:48:03+00:00,KXBTC15M-26JUL012300-00,60393.42,60337.56,0.815,12.0,0.428052,1.0,2026-07-02 02:37:03+00:00,0.5284,2026-07-02 02:45:00+00:00,0.4423400673400673,0.7372305134185357,0.2585561325050597,-0.07776948658146421,0.07355613250505966,no,0.07355613250505966,0.0,0.18500000000000005,2026-07-02
2026-07-08 12:18:51+00:00,KXBTC15M-26JUL080830-30,62297.89,62280.14,0.635,11.1,0.4405,0.0,2026-07-08 12:17:47+00:00,0.4249,2026-07-08 12:15:00+00:00,0.284,0.5422285845552133,0.4383440260918883,-0.09277141544478673,0.07334402609188828,no,0.07334402609188828,1.0,0.365,2026-07-08
2026-07-05 16:04:58+00:00,KXBTC15M-26JUL051215-15,62697.39,62692.16,0.455,10.0,0.28173,0.0,2026-07-05 16:00:36+00:00,0.4336,2026-07-05 16:00:00+00:00,0.5041291291291291,0.5279017259177811,0.47243460707503626,0.07290172591778105,-0.07256539292496367,yes,0.07290172591778105,0.0,0.455,2026-07-05
2026-07-08 02:23:38+00:00,KXBTC15M-26JUL072230-30,62850.18,62864.59,0.525,6.4,0.581738,1.0,2026-07-08 02:18:52+00:00,0.494,2026-07-08 02:15:00+00:00,0.4722222222222222,0.4505342273524284,0.5476633404235434,-0.07446577264757165,0.07266334042354339,no,0.07266334042354339,0.0,0.475,2026-07-08
2026-07-05 18:37:47+00:00,KXBTC15M-26JUL051445-45,62664.52,62644.4,0.805,7.2,0.205648,1.0,2026-07-05 18:17:45+00:00,0.3497,2026-07-05 18:30:00+00:00,0.4594703049759229,0.7300617790300277,0.26761225080343576,-0.07493822096997238,0.07261225080343581,no,0.07261225080343581,0.0,0.19499999999999995,2026-07-05
2026-07-04 14:49:37+00:00,KXBTC15M-26JUL041100-00,62627.98,62640.68,0.315,10.4,0.275419,1.0,2026-07-04 14:48:20+00:00,0.4899,2026-07-04 14:45:00+00:00,0.5040756439517444,0.3872278916674068,0.6130977886481306,0.07222789166740679,-0.07190221135186947,yes,0.07222789166740679,1.0,0.315,2026-07-04
2026-07-06 11:07:53+00:00,KXBTC15M-26JUL060715-15,62771.9,62769.4,0.625,7.1,0.163578,0.0,2026-07-06 11:07:37+00:00,0.5105,2026-07-06 11:00:00+00:00,0.4853999153618282,0.5518174840463903,0.4471864684886725,-0.0731825159536097,0.0721864684886725,no,0.0721864684886725,1.0,0.375,2026-07-06
2026-07-03 07:27:15+00:00,KXBTC15M-26JUL030330-30,61655.98,61639.88,0.896,2.7,0.18128,1.0,2026-07-03 07:09:13+00:00,0.5103,2026-07-03 07:15:00+00:00,0.4597701149425287,0.8229314502067377,0.1759577851493196,-0.07306854979326227,0.07195778514931961,no,0.07195778514931961,0.0,0.10399999999999998,2026-07-03
2026-07-02 11:10:47+00:00,KXBTC15M-26JUL020715-15,61236.07,61195.19,0.9025,4.2,0.358251,1.0,2026-07-02 09:30:46+00:00,0.4905,2026-07-02 11:00:00+00:00,0.4433258762117822,0.8288978204943406,0.16919244470162498,-0.07360217950565939,0.07169244470162495,no,0.07169244470162495,0.0,0.09750000000000003,2026-07-02
2026-07-09 06:37:36+00:00,KXBTC15M-26JUL090245-45,62745.62,62750.64,0.545,7.4,0.361734,1.0,2026-07-09 04:59:22+00:00,0.4743,2026-07-09 06:00:00+00:00,0.4784688995215311,0.4727242249580707,0.5257660907660094,-0.07227577504192934,0.07076609076600948,no,0.07076609076600948,0.0,0.45499999999999996,2026-07-09
2026-07-04 13:53:44+00:00,KXBTC15M-26JUL041000-00,62519.45,62552.72,0.125,6.3,0.241684,0.0,2026-07-04 13:44:01+00:00,0.6029,2026-07-04 13:45:00+00:00,0.5959119496855346,0.19569239690125628,0.8086255768757958,0.07069239690125628,-0.06637442312420416,yes,0.07069239690125628,0.0,0.125,2026-07-04
2026-07-02 19:49:11+00:00,KXBTC15M-26JUL021600-00,61489.05,61525.77,0.195,10.8,0.287947,0.0,2026-07-02 19:43:23+00:00,0.6869,2026-07-02 19:45:00+00:00,0.5543613063249276,0.26490248660365856,0.7388818815390671,0.06990248660365855,-0.06611811846093285,yes,0.06990248660365855,0.0,0.195,2026-07-02
2026-07-05 17:46:57+00:00,KXBTC15M-26JUL051400-00,62570.28,62568.67,0.585,13.0,0.244843,1.0,2026-07-05 17:30:14+00:00,0.3497,2026-07-05 17:45:00+00:00,0.4645161290322581,0.5120930229043404,0.48460121395491085,-0.07290697709565952,0.06960121395491081,no,0.06960121395491081,0.0,0.41500000000000004,2026-07-05
2026-07-08 16:24:44+00:00,KXBTC15M-26JUL081230-30,61857.71,61783.39,0.91,5.3,0.512491,1.0,2026-07-08 15:05:42+00:00,0.4282,2026-07-08 16:15:00+00:00,0.3019271948608137,0.8329990719495932,0.15939999080078882,-0.07700092805040681,0.06939999080078885,no,0.06939999080078885,0.0,0.08999999999999997,2026-07-08
2026-07-02 20:04:29+00:00,KXBTC15M-26JUL021615-15,61403.52,61403.97,0.445,10.5,0.478529,0.0,2026-07-02 19:43:23+00:00,0.6869,2026-07-02 20:00:00+00:00,0.5848375451263538,0.5141442077680726,0.49300556656716243,0.06914420776807256,-0.061994433432837504,yes,0.06914420776807256,0.0,0.445,2026-07-02
2026-07-06 10:32:19+00:00,KXBTC15M-26JUL060645-45,62814.08,62819.98,0.505,12.7,0.139348,1.0,2026-07-06 10:20:22+00:00,0.4461,2026-07-06 10:30:00+00:00,0.4355942750466708,0.4307677835546898,0.5633624144285085,-0.0742322164453102,0.06836241442850854,no,0.06836241442850854,0.0,0.495,2026-07-06
2026-07-10 00:48:09+00:00,KXBTC15M-26JUL092100-00,63011.0,63022.95,0.535,11.8,0.397572,1.0,2026-07-10 00:47:56+00:00,0.5848,2026-07-10 00:45:00+00:00,0.5508684863523573,0.4711754396011427,0.533334837241171,-0.06382456039885731,0.06833483724117106,no,0.06833483724117106,0.0,0.46499999999999997,2026-07-10
2026-07-04 06:46:37+00:00,KXBTC15M-26JUL040300-00,62409.43,62404.57,0.635,13.4,0.157503,1.0,2026-07-04 06:44:09+00:00,0.6358,2026-07-04 06:45:00+00:00,0.4597701149425287,0.5633086691789476,0.4329334598545862,-0.07169133082105239,0.06793345985458621,no,0.06793345985458621,0.0,0.365,2026-07-04
2026-07-06 07:34:36+00:00,KXBTC15M-26JUL060345-45,62910.57,62916.94,0.525,10.4,0.190482,1.0,2026-07-06 07:29:51+00:00,0.5876,2026-07-06 07:30:00+00:00,0.5391600454029511,0.4605576908038694,0.5426909603022313,-0.06444230919613064,0.06769096030223132,no,0.06769096030223132,0.0,0.475,2026-07-06
2026-07-02 18:48:04+00:00,KXBTC15M-26JUL021500-00,61718.6,61728.02,0.525,11.9,0.36545,0.0,2026-07-02 18:47:44+00:00,0.5994,2026-07-02 18:45:00+00:00,0.4437627811860941,0.4525345615899656,0.5424717205330123,-0.07246543841003444,0.06747172053301231,no,0.06747172053301231,1.0,0.475,2026-07-02
2026-07-03 22:21:39+00:00,KXBTC15M-26JUL031830-30,62606.52,62562.39,0.845,8.4,0.337868,1.0,2026-07-03 22:04:12+00:00,0.4843,2026-07-03 22:15:00+00:00,0.5040756439517444,0.7778243737432846,0.22240333998745387,-0.06717562625671536,0.06740333998745385,no,0.06740333998745385,0.0,0.15500000000000003,2026-07-03
2026-07-05 22:52:28+00:00,KXBTC15M-26JUL051900-00,63542.73,63500.59,0.745,7.5,0.595237,1.0,2026-07-05 22:13:18+00:00,0.4681,2026-07-05 22:45:00+00:00,0.5040756439517444,0.6779690569569122,0.3222900070161746,-0.06703094304308777,0.0672900070161746,no,0.0672900070161746,0.0,0.255,2026-07-05
2026-07-04 12:57:54+00:00,KXBTC15M-26JUL040900-00,62579.13,62564.07,0.95,2.1,0.150213,1.0,2026-07-04 12:35:18+00:00,0.4899,2026-07-04 12:45:00+00:00,0.431578947368421,0.8822070780235081,0.1165245377550731,-0.0677929219764919,0.06652453775507305,no,0.06652453775507305,0.0,0.050000000000000044,2026-07-04
2026-07-03 14:53:57+00:00,KXBTC15M-26JUL031100-00,62066.86,61986.74,0.885,6.0,0.596067,1.0,2026-07-03 14:36:49+00:00,0.4968,2026-07-03 14:45:00+00:00,0.4594703049759229,0.8169237529180682,0.1813742958869965,-0.06807624708193183,0.0663742958869965,no,0.0663742958869965,0.0,0.11499999999999999,2026-07-03
2026-07-08 05:46:46+00:00,KXBTC15M-26JUL080200-00,62580.97,62573.85,0.465,13.2,0.268296,1.0,2026-07-08 05:38:20+00:00,0.5144,2026-07-08 05:45:00+00:00,0.487750556792873,0.5308557033667644,0.467998584990135,0.06585570336676433,-0.0670014150098649,yes,0.06585570336676433,1.0,0.465,2026-07-08
2026-07-09 16:40:24+00:00,KXBTC15M-26JUL091245-45,62711.15,62646.91,0.9065,4.6,0.52218,1.0,2026-07-09 16:33:45+00:00,0.4336,2026-07-09 16:30:00+00:00,0.5819209039548022,0.8434838963951123,0.15927856383434325,-0.06301610360488763,0.06577856383434322,no,0.06577856383434322,0.0,0.09350000000000003,2026-07-09
2026-07-03 20:57:33+00:00,KXBTC15M-26JUL031700-00,62679.38,62655.63,0.755,2.4,0.520901,1.0,2026-07-03 20:25:25+00:00,0.4904,2026-07-03 20:45:00+00:00,0.4151593453919035,0.6866206677560375,0.31034742302839147,-0.06837933224396253,0.06534742302839147,no,0.06534742302839147,0.0,0.245,2026-07-03
2026-07-06 17:23:39+00:00,KXBTC15M-26JUL061330-30,63854.28,63816.43,0.735,6.3,0.653139,1.0,2026-07-06 15:40:58+00:00,0.4541,2026-07-06 17:00:00+00:00,0.571072319201995,0.6740028586614363,0.330190894595071,-0.06099714133856371,0.06519089459507099,no,0.06519089459507099,0.0,0.265,2026-07-06
2026-07-04 01:31:37+00:00,KXBTC15M-26JUL032145-45,62464.73,62417.23,0.785,13.4,0.425426,0.0,2026-07-04 01:02:06+00:00,0.7114,2026-07-04 01:30:00+00:00,0.5848375451263538,0.7265890192282521,0.28019048203102925,-0.05841098077174789,0.06519048203102928,no,0.06519048203102928,1.0,0.21499999999999997,2026-07-04
2026-07-08 14:41:20+00:00,KXBTC15M-26JUL081045-45,61896.37,61976.48,0.097,3.7,0.776887,0.0,2026-07-08 14:20:41+00:00,0.4282,2026-07-08 14:30:00+00:00,0.3661270236612702,0.1617082792834707,0.8340936811963016,0.0647082792834707,-0.06890631880369846,yes,0.0647082792834707,0.0,0.097,2026-07-08
2026-07-07 03:02:53+00:00,KXBTC15M-26JUL062315-15,63288.02,63278.79,0.625,12.1,0.351355,1.0,2026-07-07 02:45:36+00:00,0.5398,2026-07-07 03:00:00+00:00,0.4650817236255572,0.5575064375403103,0.43938785677146486,-0.06749356245968974,0.06438785677146486,no,0.06438785677146486,0.0,0.375,2026-07-07
2026-07-08 15:27:11+00:00,KXBTC15M-26JUL081130-30,61516.5,61590.95,0.0795,2.8,0.719573,1.0,2026-07-08 15:05:42+00:00,0.4282,2026-07-08 15:15:00+00:00,0.487750556792873,0.14348945484580478,0.8562100509659432,0.06398945484580477,-0.06428994903405683,yes,0.06398945484580477,1.0,0.0795,2026-07-08
2026-07-02 17:21:44+00:00,KXBTC15M-26JUL021330-30,61807.05,61733.66,0.805,8.3,0.636464,1.0,2026-07-02 17:13:17+00:00,0.5985,2026-07-02 17:15:00+00:00,0.4355942750466708,0.7376023489898467,0.25848189781258835,-0.06739765101015338,0.0634818978125884,no,0.0634818978125884,0.0,0.19499999999999995,2026-07-02
2026-07-05 07:02:26+00:00,KXBTC15M-26JUL050315-15,62734.99,62728.74,0.665,12.6,0.130958,0.0,2026-07-05 07:02:14+00:00,0.4336,2026-07-05 07:00:00+00:00,0.4853999153618282,0.6011470535986263,0.3975583386244482,-0.06385294640137373,0.06255833862444826,no,0.06255833862444826,1.0,0.33499999999999996,2026-07-05
2026-07-07 19:57:02+00:00,KXBTC15M-26JUL071600-00,63778.09,63761.63,0.705,3.0,0.448535,1.0,2026-07-07 19:35:17+00:00,0.5057,2026-07-07 19:45:00+00:00,0.4355942750466708,0.6397913905975056,0.3574986868472052,-0.0652086094024944,0.062498686847205165,no,0.062498686847205165,0.0,0.29500000000000004,2026-07-07
2026-07-08 03:09:18+00:00,KXBTC15M-26JUL072315-15,62955.83,62929.95,0.705,5.7,0.46797,1.0,2026-07-08 02:54:39+00:00,0.4165,2026-07-08 03:00:00+00:00,0.3661270236612702,0.6347248455392239,0.357375141711312,-0.07027515446077603,0.06237514171131198,no,0.06237514171131198,0.0,0.29500000000000004,2026-07-08
2026-07-03 17:39:46+00:00,KXBTC15M-26JUL031345-45,62180.76,62141.32,0.875,5.2,0.323397,1.0,2026-07-03 16:21:36+00:00,0.6029,2026-07-03 17:30:00+00:00,0.5040756439517444,0.8131244292915232,0.18703718467638697,-0.061875570708476824,0.06203718467638697,no,0.06203718467638697,0.0,0.125,2026-07-03
2026-07-03 09:24:03+00:00,KXBTC15M-26JUL030530-30,61628.91,61631.73,0.545,5.9,0.227742,0.0,2026-07-03 09:14:52+00:00,0.6358,2026-07-03 09:15:00+00:00,0.5741538461538461,0.4877729008290713,0.5169017177249914,-0.05722709917092872,0.06190171772499142,no,0.06190171772499142,1.0,0.45499999999999996,2026-07-03
2026-07-10 02:04:21+00:00,KXBTC15M-26JUL092215-15,63699.13,63673.27,0.635,10.6,0.798853,1.0,2026-07-10 01:29:44+00:00,0.4965,2026-07-10 02:00:00+00:00,0.4491279069767442,0.5691094113764754,0.4266709826061046,-0.06589058862352459,0.061670982606104596,no,0.061670982606104596,0.0,0.365,2026-07-10
2026-07-08 06:47:45+00:00,KXBTC15M-26JUL080300-00,62508.34,62489.83,0.705,12.2,0.254417,1.0,2026-07-08 06:28:31+00:00,0.5531,2026-07-08 06:45:00+00:00,0.4752475247524752,0.641574527004906,0.35633604535137375,-0.06342547299509393,0.061336045351373714,no,0.061336045351373714,0.0,0.29500000000000004,2026-07-08
2026-07-02 20:34:55+00:00,KXBTC15M-26JUL021645-45,61332.91,61338.14,0.55,10.1,0.374805,0.0,2026-07-02 19:43:23+00:00,0.6869,2026-07-02 20:30:00+00:00,0.5834564254062038,0.49654296632701944,0.5103548171732686,-0.0534570336729806,0.06035481717326863,no,0.06035481717326863,1.0,0.44999999999999996,2026-07-02
2026-07-06 16:22:42+00:00,KXBTC15M-26JUL061230-30,63604.35,63784.86,0.115,7.3,1.092201,0.0,2026-07-06 15:40:58+00:00,0.4541,2026-07-06 16:15:00+00:00,0.5528455284552846,0.1750230102220287,0.8273559213981392,0.0600230102220287,-0.057644078601860826,yes,0.0600230102220287,0.0,0.115,2026-07-06
2026-07-03 16:18:50+00:00,KXBTC15M-26JUL031230-30,61923.29,61887.07,0.745,11.2,0.423143,1.0,2026-07-03 16:18:00+00:00,0.6029,2026-07-03 16:15:00+00:00,0.5543613063249276,0.6891895849128937,0.3149941493498083,-0.05581041508710627,0.05999414934980829,no,0.05999414934980829,0.0,0.255,2026-07-03
2026-07-04 18:09:15+00:00,KXBTC15M-26JUL041415-15,63185.3,63248.42,0.0935,5.7,0.426084,1.0,2026-07-04 18:07:13+00:00,0.4778,2026-07-04 17:00:00+00:00,0.4832402234636871,0.15332996372360408,0.8460563559411396,0.05982996372360408,-0.06044364405886038,yes,0.05982996372360408,1.0,0.0935,2026-07-04
2026-07-05 19:38:51+00:00,KXBTC15M-26JUL051545-45,62751.96,62722.31,0.855,6.1,0.237071,1.0,2026-07-05 19:36:47+00:00,0.515,2026-07-05 19:30:00+00:00,0.5009881422924901,0.7953705630070653,0.20467427027485285,-0.05962943699293466,0.059674270274852836,no,0.059674270274852836,0.0,0.14500000000000002,2026-07-05
2026-07-04 19:17:40+00:00,KXBTC15M-26JUL041530-30,63168.02,63118.85,0.825,12.3,0.317972,1.0,2026-07-04 18:20:10+00:00,0.4778,2026-07-04 19:15:00+00:00,0.5093555093555093,0.7661915407311266,0.23445976008212077,-0.05880845926887335,0.05945976008212073,no,0.05945976008212073,0.0,0.17500000000000004,2026-07-04
2026-07-09 21:31:01+00:00,KXBTC15M-26JUL091745-45,63209.19,63203.1,0.635,14.0,0.224894,0.0,2026-07-09 21:27:26+00:00,0.4436,2026-07-09 21:30:00+00:00,0.5741538461538461,0.5828149697472205,0.42424785881649396,-0.05218503025277954,0.05924785881649397,no,0.05924785881649397,1.0,0.365,2026-07-09
2026-07-01 22:54:42+00:00,KXBTC15M-26JUL011900-00,60375.66,60423.84,0.245,5.3,0.651346,0.0,2026-07-01 21:26:44+00:00,0.5034,2026-07-01 22:45:00+00:00,0.5718540580789278,0.30366707701229556,0.7000857628243257,0.058667077012295565,-0.05491423717567434,yes,0.058667077012295565,0.0,0.245,2026-07-01
2026-07-04 11:31:38+00:00,KXBTC15M-26JUL040745-45,62428.94,62424.01,0.665,13.4,0.118021,1.0,2026-07-04 11:27:31+00:00,0.6029,2026-07-04 11:30:00+00:00,0.5834564254062038,0.6140216841418916,0.3936194561051818,-0.050978315858108414,0.05861945610518182,no,0.05861945610518182,0.0,0.33499999999999996,2026-07-04
2026-07-04 08:33:31+00:00,KXBTC15M-26JUL040445-45,62514.43,62506.92,0.695,11.5,0.109099,1.0,2026-07-04 08:08:45+00:00,0.6029,2026-07-04 08:30:00+00:00,0.4597701149425287,0.6330988988335834,0.36357589456320416,-0.06190110116641656,0.05857589456320411,no,0.05857589456320411,0.0,0.30500000000000005,2026-07-04
2026-07-04 00:56:01+00:00,KXBTC15M-26JUL032100-00,62712.07,62662.66,0.9615,4.0,0.335394,1.0,2026-07-04 00:33:28+00:00,0.5228,2026-07-04 00:45:00+00:00,0.5741538461538461,0.9046948919650935,0.0969511152857484,-0.05680510803490657,0.05845111528574842,no,0.05845111528574842,0.0,0.03849999999999998,2026-07-04
2026-07-08 08:09:06+00:00,KXBTC15M-26JUL080415-15,62773.73,62842.17,0.275,5.9,0.272802,0.0,2026-07-08 06:51:27+00:00,0.3996,2026-07-08 08:00:00+00:00,0.274390243902439,0.20663861851147308,0.7824622928511857,-0.06836138148852694,0.05746229285118576,no,0.05746229285118576,1.0,0.725,2026-07-08
2026-07-02 03:38:46+00:00,KXBTC15M-26JUL012345-45,60610.38,60504.7,0.942,6.2,0.603552,1.0,2026-07-02 03:38:00+00:00,0.5009,2026-07-02 03:30:00+00:00,0.4707317073170731,0.8837715456012569,0.1153077678299732,-0.058228454398743024,0.057307767829973155,no,0.057307767829973155,0.0,0.05800000000000005,2026-07-02
2026-07-04 14:03:57+00:00,KXBTC15M-26JUL041015-15,62573.93,62540.86,0.78,11.0,0.299316,1.0,2026-07-04 13:44:01+00:00,0.6029,2026-07-04 14:00:00+00:00,0.5600873998543335,0.7271899732590017,0.2771298615963995,-0.05281002674099833,0.057129861596399545,no,0.057129861596399545,0.0,0.21999999999999997,2026-07-04
2026-07-03 16:09:21+00:00,KXBTC15M-26JUL031215-15,61908.64,61875.95,0.765,5.6,0.411844,1.0,2026-07-03 16:09:05+00:00,0.6029,2026-07-03 16:00:00+00:00,0.4512946979038224,0.7053354194078237,0.2920909141730671,-0.059664580592176275,0.05709091417306711,no,0.05709091417306711,0.0,0.235,2026-07-03
2026-07-07 16:54:04+00:00,KXBTC15M-26JUL071300-00,64084.02,64003.69,0.835,5.9,0.658157,0.0,2026-07-07 16:53:08+00:00,0.4927,2026-07-07 16:45:00+00:00,0.4390243902439024,0.7750604995505654,0.22206427652431782,-0.059939500449434524,0.05706427652431778,no,0.05706427652431778,1.0,0.16500000000000004,2026-07-07
2026-07-06 00:33:34+00:00,KXBTC15M-26JUL052045-45,63391.4,63392.26,0.555,11.4,0.451902,1.0,2026-07-06 00:32:00+00:00,0.6145,2026-07-06 00:30:00+00:00,0.5041291291291291,0.49832832721044806,0.5020316444591479,-0.056671672789551986,0.05703164445914799,no,0.05703164445914799,0.0,0.44499999999999995,2026-07-06
2026-07-07 02:01:55+00:00,KXBTC15M-26JUL062215-15,63821.62,63805.76,0.635,13.1,0.419215,0.0,2026-07-07 01:45:22+00:00,0.5583,2026-07-07 02:00:00+00:00,0.4722222222222222,0.5756315157708622,0.4218189153319135,-0.05936848422913776,0.05681891533191352,no,0.05681891533191352,1.0,0.365,2026-07-07
2026-07-06 01:23:28+00:00,KXBTC15M-26JUL052130-30,63697.38,63745.54,0.17,6.5,0.426229,0.0,2026-07-06 01:18:48+00:00,0.5598,2026-07-06 01:15:00+00:00,0.4446043165467626,0.22662357302219238,0.7706054772040865,0.05662357302219237,-0.05939452279591351,yes,0.05662357302219237,0.0,0.17,2026-07-06
2026-07-03 12:57:09+00:00,KXBTC15M-26JUL030900-00,61883.34,61861.7,0.875,2.8,0.236274,1.0,2026-07-03 12:07:24+00:00,0.4928,2026-07-03 12:45:00+00:00,0.5600873998543335,0.8203249649100046,0.1813922609093267,-0.05467503508999538,0.0563922609093267,no,0.0563922609093267,0.0,0.125,2026-07-03
2026-07-02 16:46:10+00:00,KXBTC15M-26JUL021300-00,61422.53,61375.81,0.685,13.8,0.787916,1.0,2026-07-02 16:29:24+00:00,0.5175,2026-07-02 16:45:00+00:00,0.5484496124031008,0.6334764798481568,0.3709275480349792,-0.05152352015184325,0.055927548034979235,no,0.055927548034979235,0.0,0.31499999999999995,2026-07-02
2026-07-06 15:36:55+00:00,KXBTC15M-26JUL061145-45,62306.84,62397.82,0.235,8.1,0.863736,1.0,2026-07-06 15:36:42+00:00,0.4541,2026-07-06 15:30:00+00:00,0.571072319201995,0.29086425818715284,0.7136308008326484,0.05586425818715285,-0.05136919916735161,yes,0.05586425818715285,1.0,0.235,2026-07-06
2026-07-04 17:18:37+00:00,KXBTC15M-26JUL041330-30,62839.72,62807.48,0.735,11.4,0.341965,1.0,2026-07-04 15:57:23+00:00,0.4778,2026-07-04 17:00:00+00:00,0.4832402234636871,0.6780568337242935,0.32063087327288153,-0.0569431662757065,0.05563087327288152,no,0.05563087327288152,0.0,0.265,2026-07-04
2026-07-07 14:08:41+00:00,KXBTC15M-26JUL071015-15,62972.08,63000.21,0.375,6.3,0.893308,0.0,2026-07-07 14:08:24+00:00,0.5496,2026-07-07 14:00:00+00:00,0.6188212927756654,0.4305246204251024,0.5771608715013189,0.05552462042510242,-0.047839128498681105,yes,0.05552462042510242,0.0,0.375,2026-07-07
2026-07-09 20:02:11+00:00,KXBTC15M-26JUL091615-15,63203.33,63195.8,0.475,12.8,0.327121,0.0,2026-07-09 20:01:31+00:00,0.4991,2026-07-09 20:00:00+00:00,0.5041291291291291,0.5303687793772057,0.4700115681333299,0.055368779377205746,-0.05498843186667013,yes,0.055368779377205746,0.0,0.475,2026-07-09
2026-07-02 04:39:40+00:00,KXBTC15M-26JUL020045-45,60746.67,60769.02,0.285,5.3,0.436137,0.0,2026-07-02 03:44:25+00:00,0.5061,2026-07-02 04:30:00+00:00,0.4853999153618282,0.3403108289759055,0.6588912714526024,0.0553108289759055,-0.05610872854739768,yes,0.0553108289759055,0.0,0.285,2026-07-02
2026-07-04 14:39:26+00:00,KXBTC15M-26JUL041045-45,62580.9,62613.48,0.135,5.6,0.254785,1.0,2026-07-04 14:29:33+00:00,0.6358,2026-07-04 14:30:00+00:00,0.4832402234636871,0.19021611999038263,0.8090858394276281,0.05521611999038262,-0.05591416057237186,yes,0.05521611999038262,1.0,0.135,2026-07-04
2026-07-04 04:54:58+00:00,KXBTC15M-26JUL040100-00,62628.38,62620.2,0.685,5.0,0.191772,0.0,2026-07-04 04:50:49+00:00,0.6112,2026-07-04 04:45:00+00:00,0.4606126914660831,0.6279898663942021,0.369852673810243,-0.057010133605797986,0.05485267381024306,no,0.05485267381024306,1.0,0.31499999999999995,2026-07-04
2026-07-03 21:46:13+00:00,KXBTC15M-26JUL031800-00,62568.08,62549.23,0.665,13.8,0.402053,1.0,2026-07-03 21:14:19+00:00,0.4916,2026-07-03 21:45:00+00:00,0.5718540580789278,0.6173925895003729,0.38925176022972396,-0.047607410499627134,0.054251760229724,no,0.054251760229724,0.0,0.33499999999999996,2026-07-03
2026-07-06 02:19:21+00:00,KXBTC15M-26JUL052230-30,63434.87,63395.83,0.765,10.6,0.384209,1.0,2026-07-06 02:13:23+00:00,0.5027,2026-07-06 02:15:00+00:00,0.576899320568252,0.7165088882537128,0.2890384397967546,-0.048491111746287174,0.0540384397967546,no,0.0540384397967546,0.0,0.235,2026-07-06
2026-07-09 05:16:20+00:00,KXBTC15M-26JUL090130-30,62461.71,62452.56,0.475,13.7,0.368721,0.0,2026-07-09 04:59:22+00:00,0.4743,2026-07-09 05:15:00+00:00,0.4899328859060403,0.5286168396909271,0.470423519998473,0.05361683969092712,-0.05457648000152704,yes,0.05361683969092712,0.0,0.475,2026-07-09
2026-07-05 18:22:31+00:00,KXBTC15M-26JUL051430-30,62641.36,62606.43,0.88,7.5,0.221613,1.0,2026-07-05 18:17:45+00:00,0.3497,2026-07-05 18:15:00+00:00,0.5508684863523573,0.8288974561993965,0.1734096937467846,-0.05110254380060353,0.053409693746784614,no,0.053409693746784614,0.0,0.12,2026-07-05
2026-07-04 16:22:57+00:00,KXBTC15M-26JUL041230-30,62809.89,62756.99,0.835,7.0,0.409034,1.0,2026-07-04 15:57:23+00:00,0.4778,2026-07-04 16:15:00+00:00,0.5041291291291291,0.7818815605234966,0.21832682276964355,-0.05311843947650341,0.05332682276964351,no,0.05332682276964351,0.0,0.16500000000000004,2026-07-04
2026-07-03 00:37:41+00:00,KXBTC15M-26JUL022045-45,61213.31,61241.48,0.245,7.3,0.273422,1.0,2026-07-03 00:15:43+00:00,0.6863,2026-07-03 00:30:00+00:00,0.6188212927756654,0.298142296717216,0.7091303496781988,0.05314229671721599,-0.045869650321801236,yes,0.05314229671721599,1.0,0.245,2026-07-03
2026-07-06 10:17:05+00:00,KXBTC15M-26JUL060630-30,62795.52,62783.28,0.685,12.9,0.160946,1.0,2026-07-06 10:12:28+00:00,0.5105,2026-07-06 10:15:00+00:00,0.4355942750466708,0.6262744505812469,0.36804368151292766,-0.05872554941875319,0.05304368151292771,no,0.05304368151292771,0.0,0.31499999999999995,2026-07-06
2026-07-08 15:37:22+00:00,KXBTC15M-26JUL081145-45,61693.57,61603.89,0.82,7.6,0.709671,0.0,2026-07-08 15:05:42+00:00,0.4282,2026-07-08 15:30:00+00:00,0.4752475247524752,0.7656455219340981,0.23300067353067122,-0.05435447806590188,0.05300067353067117,no,0.05300067353067117,1.0,0.18000000000000005,2026-07-08
2026-07-05 23:38:13+00:00,KXBTC15M-26JUL051945-45,63615.02,63657.98,0.205,6.8,0.423601,1.0,2026-07-05 23:29:12+00:00,0.4928,2026-07-05 23:30:00+00:00,0.4597701149425287,0.2577282814076922,0.7400707925921508,0.05272828140769223,-0.054929207407849234,yes,0.05272828140769223,1.0,0.205,2026-07-05
2026-07-03 17:04:21+00:00,KXBTC15M-26JUL031315-15,62091.16,62057.18,0.755,10.6,0.342606,1.0,2026-07-03 16:21:36+00:00,0.6029,2026-07-03 17:00:00+00:00,0.5391600454029511,0.7054193669002251,0.2974367900158661,-0.049580633099774896,0.0524367900158661,no,0.0524367900158661,0.0,0.245,2026-07-03
2026-07-06 10:01:53+00:00,KXBTC15M-26JUL060615-15,62685.8,62608.91,0.785,13.1,0.173683,1.0,2026-07-06 09:40:39+00:00,0.5102,2026-07-06 10:00:00+00:00,0.5834564254062038,0.8372048925906148,0.1676883382641261,0.05220489259061478,-0.04731166173587387,yes,0.05220489259061478,1.0,0.785,2026-07-06
2026-07-09 06:22:23+00:00,KXBTC15M-26JUL090230-30,62541.81,62479.8,0.9045,7.6,0.337125,1.0,2026-07-09 04:59:22+00:00,0.4743,2026-07-09 06:00:00+00:00,0.4784688995215311,0.8516879837935136,0.14742439888419234,-0.052812016206486345,0.05192439888419231,no,0.05192439888419231,0.0,0.09550000000000003,2026-07-09
2026-07-06 17:08:26+00:00,KXBTC15M-26JUL061315-15,63794.52,63681.62,0.89,6.6,0.717213,1.0,2026-07-06 15:40:58+00:00,0.4541,2026-07-06 17:00:00+00:00,0.571072319201995,0.8409969925201182,0.16189893850961945,-0.049003007479881844,0.05189893850961946,no,0.05189893850961946,0.0,0.10999999999999999,2026-07-06
2026-07-09 12:48:26+00:00,KXBTC15M-26JUL090900-00,62532.62,62557.44,0.445,11.6,0.531978,1.0,2026-07-09 12:41:21+00:00,0.4509,2026-07-09 12:45:00+00:00,0.7323943661971831,0.49660025435063665,0.5251369049445176,0.05160025435063664,-0.029863095055482347,yes,0.05160025435063664,1.0,0.445,2026-07-09
2026-07-09 15:31:11+00:00,KXBTC15M-26JUL091145-45,62929.06,62946.99,0.535,13.8,0.912417,0.0,2026-07-09 15:30:49+00:00,0.426,2026-07-09 15:30:00+00:00,0.5543613063249276,0.4887681960422715,0.5164590111243903,-0.04623180395772852,0.05145901112439033,no,0.05145901112439033,1.0,0.46499999999999997,2026-07-09
2026-07-09 20:52:50+00:00,KXBTC15M-26JUL091700-00,63234.28,63270.23,0.145,7.2,0.242902,0.0,2026-07-09 20:05:43+00:00,0.4991,2026-07-09 20:45:00+00:00,0.5040756439517444,0.19642687643760182,0.8037690783354132,0.051426876437601826,-0.05123092166458676,yes,0.051426876437601826,0.0,0.145,2026-07-09
2026-07-08 14:10:52+00:00,KXBTC15M-26JUL081015-15,61969.51,61877.39,0.903,4.1,0.654928,1.0,2026-07-08 14:10:32+00:00,0.3932,2026-07-08 14:00:00+00:00,0.3542234332425068,0.8474282432575841,0.14800781333687163,-0.05557175674241588,0.051007813336871655,no,0.051007813336871655,0.0,0.09699999999999998,2026-07-08
2026-07-08 11:48:21+00:00,KXBTC15M-26JUL080800-00,62238.99,62311.41,0.385,11.6,0.400331,0.0,2026-07-08 11:42:43+00:00,0.4282,2026-07-08 11:45:00+00:00,0.2983870967741935,0.3174526062313645,0.6657873632117057,-0.0675473937686355,0.05078736321170574,no,0.05078736321170574,1.0,0.615,2026-07-08
2026-07-04 20:08:19+00:00,KXBTC15M-26JUL041615-15,63299.58,63255.46,0.885,6.7,0.273102,1.0,2026-07-04 20:07:24+00:00,0.4778,2026-07-04 20:00:00+00:00,0.5040756439517444,0.8343933540979982,0.1657765956057503,-0.05060664590200181,0.05077659560575032,no,0.05077659560575032,0.0,0.11499999999999999,2026-07-04
2026-07-03 13:07:18+00:00,KXBTC15M-26JUL030915-15,61920.58,61915.84,0.595,7.7,0.30541,1.0,2026-07-03 13:06:15+00:00,0.6358,2026-07-03 13:00:00+00:00,0.4512946979038224,0.5407530742644611,0.4557684830540478,-0.05424692573553891,0.0507684830540478,no,0.0507684830540478,0.0,0.405,2026-07-03
2026-07-07 01:31:25+00:00,KXBTC15M-26JUL062145-45,63902.5,63921.95,0.435,13.6,0.39976,0.0,2026-07-07 01:29:18+00:00,0.5588,2026-07-07 01:30:00+00:00,0.6962750716332379,0.48556943254183693,0.5339073072909073,0.050569432541836934,-0.03109269270909265,yes,0.050569432541836934,0.0,0.435,2026-07-07
2026-07-06 07:49:52+00:00,KXBTC15M-26JUL060400-00,63040.89,63041.9,0.535,10.1,0.195111,0.0,2026-07-06 07:44:05+00:00,0.4461,2026-07-06 07:45:00+00:00,0.4355942750466708,0.47926615762038105,0.5154312327919623,-0.05573384237961898,0.05043123279196238,no,0.05043123279196238,1.0,0.46499999999999997,2026-07-06
2026-07-04 04:39:43+00:00,KXBTC15M-26JUL040045-45,62638.94,62624.65,0.725,5.3,0.216094,0.0,2026-07-04 04:36:23+00:00,0.602,2026-07-04 04:30:00+00:00,0.4355942750466708,0.6711838550261879,0.32533812431031695,-0.05381614497381204,0.05033812431031692,no,0.05033812431031692,1.0,0.275,2026-07-04
2026-07-03 13:42:54+00:00,KXBTC15M-26JUL030945-45,62070.67,62036.36,0.9295,2.1,0.320847,1.0,2026-07-03 13:41:55+00:00,0.4928,2026-07-03 13:30:00+00:00,0.4390243902439024,0.878103038541948,0.12073960297866604,-0.05139696145805195,0.05023960297866603,no,0.05023960297866603,0.0,0.07050000000000001,2026-07-03
2026-07-08 10:52:01+00:00,KXBTC15M-26JUL080700-00,62100.37,62085.73,0.645,8.0,0.278176,1.0,2026-07-08 09:45:20+00:00,0.4007,2026-07-08 10:45:00+00:00,0.3019271948608137,0.5804221197901308,0.4048294584558232,-0.06457788020986921,0.049829458455823206,no,0.049829458455823206,0.0,0.355,2026-07-08
2026-07-08 02:08:24+00:00,KXBTC15M-26JUL072215-15,62959.88,63002.37,0.275,6.6,0.617299,0.0,2026-07-08 01:29:54+00:00,0.5056,2026-07-08 02:00:00+00:00,0.4865671641791044,0.3243444756655919,0.6748517644041268,0.04934447566559186,-0.050148235595873225,yes,0.04934447566559186,0.0,0.275,2026-07-08
2026-07-05 15:03:50+00:00,KXBTC15M-26JUL051115-15,62828.39,62756.0,0.9095,11.2,0.312198,1.0,2026-07-05 15:02:38+00:00,0.4613,2026-07-05 15:00:00+00:00,0.4985119047619047,0.8603953317183257,0.1395330779776094,-0.04910466828167426,0.04903307797760936,no,0.04903307797760936,0.0,0.09050000000000002,2026-07-05
2026-07-08 05:31:29+00:00,KXBTC15M-26JUL080145-45,62720.1,62709.23,0.475,13.5,0.242154,0.0,2026-07-08 05:30:16+00:00,0.5725,2026-07-08 05:30:00+00:00,0.3661270236612702,0.5239571906950146,0.4631324849779286,0.048957190695014585,-0.06186751502207144,yes,0.048957190695014585,0.0,0.475,2026-07-08
2026-07-07 21:53:37+00:00,KXBTC15M-26JUL071800-00,63431.9,63366.1,0.895,6.4,0.420961,1.0,2026-07-07 21:16:23+00:00,0.5057,2026-07-07 21:45:00+00:00,0.6332899869960988,0.8512748893136829,0.15394242603147412,-0.043725110686317126,0.04894242603147414,no,0.04894242603147414,0.0,0.10499999999999998,2026-07-07
2026-07-02 05:25:22+00:00,KXBTC15M-26JUL020130-30,60735.24,60767.06,0.185,4.6,0.34899,0.0,2026-07-02 03:44:25+00:00,0.5061,2026-07-02 05:15:00+00:00,0.4437627811860941,0.23382356396275666,0.7637693984303858,0.048823563962756666,-0.05123060156961412,yes,0.048823563962756666,0.0,0.185,2026-07-02
2026-07-07 07:52:43+00:00,KXBTC15M-26JUL070400-00,63102.51,63135.58,0.195,7.3,0.213557,0.0,2026-07-07 06:53:54+00:00,0.5218,2026-07-07 07:45:00+00:00,0.6788732394366197,0.24337516122799852,0.7666609023988268,0.04837516122799851,-0.038339097601173155,yes,0.04837516122799851,0.0,0.195,2026-07-07
2026-07-07 04:08:54+00:00,KXBTC15M-26JUL070015-15,63129.95,63138.26,0.505,6.1,0.244662,1.0,2026-07-07 04:00:44+00:00,0.526,2026-07-07 04:00:00+00:00,0.6962750716332379,0.46970210802784984,0.5433109734383037,-0.035297891972150164,0.048310973438303706,no,0.048310973438303706,0.0,0.495,2026-07-07
2026-07-09 15:10:47+00:00,KXBTC15M-26JUL091115-15,63109.88,62965.85,0.9575,4.2,0.842569,1.0,2026-07-09 15:02:04+00:00,0.426,2026-07-09 15:00:00+00:00,0.4491279069767442,0.9083005439376197,0.09059037513584045,-0.0491994560623803,0.04809037513584047,no,0.04809037513584047,0.0,0.04249999999999998,2026-07-09
2026-07-02 21:34:33+00:00,KXBTC15M-26JUL021745-45,61464.07,61474.09,0.375,10.4,0.273904,0.0,2026-07-02 21:26:41+00:00,0.6863,2026-07-02 21:30:00+00:00,0.5391600454029511,0.42296587008919534,0.5802364473242064,0.04796587008919534,-0.04476355267579357,yes,0.04796587008919534,0.0,0.375,2026-07-02
2026-07-09 01:02:05+00:00,KXBTC15M-26JUL082115-15,62128.5,62074.96,0.765,12.9,0.399574,1.0,2026-07-09 01:01:55+00:00,0.3472,2026-07-09 01:00:00+00:00,0.4650817236255572,0.7145657346089396,0.2826794118641095,-0.05043426539106044,0.04767941186410951,no,0.04767941186410951,0.0,0.235,2026-07-09
2026-07-09 02:03:08+00:00,KXBTC15M-26JUL082215-15,61833.62,61860.02,0.355,11.9,0.617192,1.0,2026-07-09 02:00:25+00:00,0.4007,2026-07-09 02:00:00+00:00,0.487750556792873,0.40227699753662716,0.5966643295027696,0.047276997536627174,-0.04833567049723042,yes,0.047276997536627174,1.0,0.355,2026-07-09
2026-07-04 22:40:31+00:00,KXBTC15M-26JUL041845-45,63156.64,63158.17,0.535,4.5,0.18871,1.0,2026-07-04 22:18:38+00:00,0.6112,2026-07-04 22:30:00+00:00,0.5718540580789278,0.4923906459917957,0.5115653275189493,-0.042609354008204314,0.04656532751894937,no,0.04656532751894937,0.0,0.46499999999999997,2026-07-04
2026-07-08 14:56:37+00:00,KXBTC15M-26JUL081100-00,61891.09,61854.4,0.695,3.4,0.817176,0.0,2026-07-08 14:20:41+00:00,0.4282,2026-07-08 14:45:00+00:00,0.3983286908077994,0.6439966646337035,0.35144202085783205,-0.05100333536629642,0.046442020857832,no,0.046442020857832,1.0,0.30500000000000005,2026-07-08
2026-07-03 19:51:18+00:00,KXBTC15M-26JUL031600-00,62192.02,62187.71,0.585,8.7,0.302084,0.0,2026-07-03 18:51:43+00:00,0.5819,2026-07-03 19:45:00+00:00,0.4606126914660831,0.5356433658456244,0.4613651322451702,-0.04935663415437552,0.04636513224517014,no,0.04636513224517014,1.0,0.41500000000000004,2026-07-03
2026-07-04 07:37:29+00:00,KXBTC15M-26JUL040345-45,62429.89,62502.21,0.145,7.5,0.144046,0.0,2026-07-04 07:10:45+00:00,0.6358,2026-07-04 07:30:00+00:00,0.4832402234636871,0.09827092098387896,0.9012132129118203,-0.04672907901612103,0.046213212911820345,no,0.046213212911820345,1.0,0.855,2026-07-04
2026-07-04 02:42:53+00:00,KXBTC15M-26JUL032245-45,62433.01,62424.82,0.705,2.1,0.243482,1.0,2026-07-04 02:01:00+00:00,0.5659,2026-07-04 02:30:00+00:00,0.5741538461538461,0.6615629143464329,0.3409994473298863,-0.043437085653567076,0.045999447329886256,no,0.045999447329886256,0.0,0.29500000000000004,2026-07-04
2026-07-10 00:02:25+00:00,KXBTC15M-26JUL092015-15,63144.06,63193.52,0.205,12.6,0.329663,0.0,2026-07-09 23:55:21+00:00,0.5848,2026-07-10 00:00:00+00:00,0.4832402234636871,0.25089275658125726,0.7478794402792579,0.04589275658125727,-0.04712055972074214,yes,0.04589275658125727,0.0,0.205,2026-07-10
2026-07-01 22:39:29+00:00,KXBTC15M-26JUL011845-45,60456.56,60598.39,0.0605,5.5,0.743911,0.0,2026-07-01 21:26:44+00:00,0.5034,2026-07-01 22:30:00+00:00,0.5959119496855346,0.10609887206318441,0.8965698598004332,0.045598872063184415,-0.04293014019956676,yes,0.045598872063184415,0.0,0.0605,2026-07-01
2026-07-08 08:34:29+00:00,KXBTC15M-26JUL080445-45,61997.09,62054.79,0.455,10.5,0.4578,0.0,2026-07-08 06:51:27+00:00,0.3996,2026-07-08 08:00:00+00:00,0.274390243902439,0.3902050275363658,0.5904176765415002,-0.06479497246363419,0.04541767654150031,no,0.04541767654150031,1.0,0.5449999999999999,2026-07-08
2026-07-05 08:47:50+00:00,KXBTC15M-26JUL050500-00,62891.83,62895.17,0.515,12.2,0.143011,0.0,2026-07-05 08:40:57+00:00,0.4797,2026-07-05 08:45:00+00:00,0.5040756439517444,0.47019782883527433,0.5301687007196119,-0.04480217116472568,0.045168700719611876,no,0.045168700719611876,1.0,0.485,2026-07-05
2026-07-05 17:31:38+00:00,KXBTC15M-26JUL051345-45,62643.09,62641.13,0.545,13.4,0.252882,0.0,2026-07-05 17:30:14+00:00,0.3497,2026-07-05 17:30:00+00:00,0.3614649681528662,0.4864947915838933,0.5001390913363122,-0.058505208416106735,0.04513909133631222,no,0.04513909133631222,1.0,0.45499999999999996,2026-07-05
2026-07-05 17:26:31+00:00,KXBTC15M-26JUL051330-30,62679.84,62649.8,0.875,3.5,0.235273,0.0,2026-07-05 17:25:29+00:00,0.4336,2026-07-05 17:15:00+00:00,0.3053097345132743,0.8238818586519835,0.16982511708646775,-0.05111814134801651,0.04482511708646775,no,0.04482511708646775,1.0,0.125,2026-07-05
2026-07-03 11:25:48+00:00,KXBTC15M-26JUL030730-30,61934.18,61949.5,0.265,4.2,0.264938,0.0,2026-07-03 11:07:54+00:00,0.4843,2026-07-03 11:15:00+00:00,0.4423400673400673,0.3097537570098995,0.6875344453086386,0.044753757009899475,-0.04746555469136138,yes,0.044753757009899475,0.0,0.265,2026-07-03
2026-07-02 17:42:04+00:00,KXBTC15M-26JUL021345-45,61740.27,61821.23,0.0575,2.9,0.608991,0.0,2026-07-02 17:25:10+00:00,0.5738,2026-07-02 17:30:00+00:00,0.4594703049759229,0.10206188280420836,0.8971387750847128,0.04456188280420836,-0.04536122491528716,yes,0.04456188280420836,0.0,0.0575,2026-07-02
2026-07-07 12:01:32+00:00,KXBTC15M-26JUL070815-15,63347.06,63341.49,0.575,13.5,0.338273,1.0,2026-07-07 12:01:29+00:00,0.4612,2026-07-07 12:00:00+00:00,0.4417791104447776,0.5250061273290115,0.46946428122687556,-0.049993872670988426,0.04446428122687551,no,0.04446428122687551,0.0,0.42500000000000004,2026-07-07
2026-07-03 14:23:30+00:00,KXBTC15M-26JUL031030-30,61820.36,61679.8,0.948,6.5,0.70409,1.0,2026-07-03 14:18:42+00:00,0.4968,2026-07-03 14:15:00+00:00,0.5848375451263538,0.9059883209595527,0.09639955808880218,-0.042011679040447225,0.04439955808880214,no,0.04439955808880214,0.0,0.052000000000000046,2026-07-03
2026-07-03 05:55:54+00:00,KXBTC15M-26JUL030200-00,61654.43,61628.47,0.855,4.1,0.218237,1.0,2026-07-03 05:54:16+00:00,0.5504,2026-07-03 05:45:00+00:00,0.4390243902439024,0.8084289697121423,0.18939071310120792,-0.046571030287857695,0.0443907131012079,no,0.0443907131012079,0.0,0.14500000000000002,2026-07-03
2026-07-02 02:22:35+00:00,KXBTC15M-26JUL012230-30,60109.73,60070.69,0.725,7.4,0.492195,1.0,2026-07-02 02:20:54+00:00,0.6009,2026-07-02 02:15:00+00:00,0.4594703049759229,0.6780904864595865,0.3193512261216557,-0.046909513540413506,0.04435122612165565,no,0.04435122612165565,0.0,0.275,2026-07-02
2026-07-06 13:40:07+00:00,KXBTC15M-26JUL060945-45,61432.4,61419.15,0.595,4.9,0.965219,1.0,2026-07-06 12:34:53+00:00,0.5042,2026-07-06 13:30:00+00:00,0.4722222222222222,0.54919825973733,0.4492253130260079,-0.04580174026266992,0.04422531302600785,no,0.04422531302600785,0.0,0.405,2026-07-06
2026-07-06 05:53:40+00:00,KXBTC15M-26JUL060200-00,63079.34,63083.31,0.515,6.3,0.263943,0.0,2026-07-06 05:53:33+00:00,0.5446,2026-07-06 05:45:00+00:00,0.4832402234636871,0.46983701235327213,0.529079506880846,-0.04516298764672788,0.04407950688084605,no,0.04407950688084605,1.0,0.485,2026-07-06
2026-07-09 10:46:24+00:00,KXBTC15M-26JUL090700-00,62809.16,62844.75,0.305,13.6,0.232619,0.0,2026-07-09 10:43:32+00:00,0.4991,2026-07-09 10:45:00+00:00,0.6788732394366197,0.348984488145617,0.6672374440339479,0.04398448814561701,-0.02776255596605215,yes,0.04398448814561701,0.0,0.305,2026-07-09
2026-07-09 12:38:16+00:00,KXBTC15M-26JUL090845-45,62882.52,62740.41,0.825,6.7,0.429239,0.0,2026-07-09 12:28:39+00:00,0.4336,2026-07-09 12:30:00+00:00,0.6145833333333334,0.8688504613275401,0.1353382116002373,0.04385046132754011,-0.039661788399762754,yes,0.04385046132754011,0.0,0.825,2026-07-09
2026-07-05 16:40:37+00:00,KXBTC15M-26JUL051245-45,62574.66,62608.07,0.155,4.4,0.25645,0.0,2026-07-05 16:16:42+00:00,0.4336,2026-07-05 16:30:00+00:00,0.6188212927756654,0.1986257300206145,0.8059085937122308,0.04362573002061451,-0.03909140628776919,yes,0.04362573002061451,0.0,0.155,2026-07-05
2026-07-05 13:42:30+00:00,KXBTC15M-26JUL050945-45,62679.01,62644.11,0.9895,2.5,0.251876,1.0,2026-07-05 13:28:57+00:00,0.3497,2026-07-05 13:30:00+00:00,0.5718540580789278,0.9467151419050932,0.054091726519097216,-0.04278485809490684,0.04359172651909726,no,0.04359172651909726,0.0,0.010499999999999954,2026-07-05
2026-07-06 16:12:32+00:00,KXBTC15M-26JUL061215-15,63640.67,63474.04,0.988,2.5,1.162129,1.0,2026-07-06 15:40:58+00:00,0.4541,2026-07-06 16:00:00+00:00,0.4784688995215311,0.9442040889011989,0.05554832591187775,-0.0437959110988011,0.04354832591187774,no,0.04354832591187774,0.0,0.01200000000000001,2026-07-06
2026-07-08 13:25:01+00:00,KXBTC15M-26JUL080930-30,61807.87,61870.31,0.074,5.0,0.374158,0.0,2026-07-08 13:04:13+00:00,0.4007,2026-07-08 13:15:00+00:00,0.4722222222222222,0.11752605079727296,0.8816789958192208,0.04352605079727297,-0.04432100418077922,yes,0.04352605079727297,0.0,0.074,2026-07-08
2026-07-05 18:07:16+00:00,KXBTC15M-26JUL051415-15,62621.78,62578.85,0.911,7.7,0.223644,1.0,2026-07-05 17:30:14+00:00,0.3497,2026-07-05 18:00:00+00:00,0.6012759170653907,0.8715135618531805,0.13238522887156368,-0.039486438146819514,0.04338522887156371,no,0.04338522887156371,0.0,0.08899999999999997,2026-07-05
2026-07-06 03:40:37+00:00,KXBTC15M-26JUL052345-45,63203.26,63168.57,0.865,4.4,0.286948,0.0,2026-07-06 03:40:27+00:00,0.5876,2026-07-06 03:30:00+00:00,0.6332899869960988,0.8264245872452955,0.17834665496074842,-0.03857541275470444,0.04334665496074841,no,0.04334665496074841,1.0,0.135,2026-07-06
2026-07-06 00:53:52+00:00,KXBTC15M-26JUL052100-00,63613.22,63546.15,0.845,6.1,0.47634,1.0,2026-07-06 00:32:00+00:00,0.6145,2026-07-06 00:45:00+00:00,0.5040756439517444,0.8023506903066365,0.1978304590749682,-0.042649309693363446,0.042830459074968186,no,0.042830459074968186,0.0,0.15500000000000003,2026-07-06
2026-07-01 21:53:59+00:00,KXBTC15M-26JUL011800-00,60761.35,60756.42,0.575,6.0,0.489451,1.0,2026-07-01 21:26:44+00:00,0.5034,2026-07-01 21:45:00+00:00,0.4423400673400673,0.5285686815512328,0.4677824321272249,-0.046431318448767134,0.04278243212722488,no,0.04278243212722488,0.0,0.42500000000000004,2026-07-01
2026-07-03 21:02:37+00:00,KXBTC15M-26JUL031715-15,62718.2,62716.97,0.445,12.4,0.48292,1.0,2026-07-03 21:00:08+00:00,0.4916,2026-07-03 21:00:00+00:00,0.431578947368421,0.4877081447175682,0.5060418293571531,0.042708144717568175,-0.0489581706428468,yes,0.042708144717568175,1.0,0.445,2026-07-03
2026-07-08 10:16:25+00:00,KXBTC15M-26JUL080630-30,61934.73,61925.36,0.595,13.6,0.348074,1.0,2026-07-08 09:45:20+00:00,0.4007,2026-07-08 10:15:00+00:00,0.4566473988439306,0.5482150059334868,0.4476817376923674,-0.04678499406651315,0.04268173769236738,no,0.04268173769236738,0.0,0.405,2026-07-08
2026-07-07 04:19:02+00:00,KXBTC15M-26JUL070030-30,63143.08,63165.49,0.375,11.0,0.244441,1.0,2026-07-07 04:00:44+00:00,0.526,2026-07-07 04:15:00+00:00,0.6962750716332379,0.4175380399812735,0.5995520874475859,0.04253803998127348,-0.025447912552414076,yes,0.04253803998127348,1.0,0.375,2026-07-07
2026-07-08 06:27:23+00:00,KXBTC15M-26JUL080230-30,62587.69,62551.45,0.9525,2.6,0.264216,1.0,2026-07-08 06:27:17+00:00,0.5085,2026-07-08 06:15:00+00:00,0.487750556792873,0.9098971839871941,0.08989519426488224,-0.04260281601280591,0.04239519426488225,no,0.04239519426488225,0.0,0.04749999999999999,2026-07-08
2026-07-03 19:41:10+00:00,KXBTC15M-26JUL031545-45,62210.6,62174.21,0.855,3.8,0.312456,1.0,2026-07-03 18:51:43+00:00,0.5819,2026-07-03 19:30:00+00:00,0.4594703049759229,0.8112672150745097,0.18735163506877517,-0.043732784925490265,0.04235163506877515,no,0.04235163506877515,0.0,0.14500000000000002,2026-07-03
2026-07-07 16:33:51+00:00,KXBTC15M-26JUL071245-45,63905.91,63964.66,0.285,11.1,0.714083,1.0,2026-07-07 16:33:09+00:00,0.4939,2026-07-07 16:30:00+00:00,0.4423400673400673,0.3267625774941075,0.6687244354789608,0.0417625774941075,-0.046275564521039314,yes,0.0417625774941075,1.0,0.285,2026-07-07
2026-07-04 06:11:07+00:00,KXBTC15M-26JUL040215-15,62418.08,62406.12,0.81,3.9,0.135473,0.0,2026-07-04 05:08:41+00:00,0.7114,2026-07-04 06:00:00+00:00,0.6332899869960988,0.7735001663752404,0.23176174108483738,-0.036499833624759614,0.041761741084837434,no,0.041761741084837434,1.0,0.18999999999999995,2026-07-04
2026-07-02 03:08:19+00:00,KXBTC15M-26JUL012315-15,60405.73,60379.7,0.725,6.7,0.327678,1.0,2026-07-02 02:55:52+00:00,0.4525,2026-07-02 03:00:00+00:00,0.4446043165467626,0.6799437756726134,0.3167338232464173,-0.04505622432738654,0.04173382324641728,no,0.04173382324641728,0.0,0.275,2026-07-02
2026-07-06 09:56:46+00:00,KXBTC15M-26JUL060600-00,62613.27,62634.79,0.125,3.2,0.172192,0.0,2026-07-06 09:40:39+00:00,0.5102,2026-07-06 09:45:00+00:00,0.6188212927756654,0.1666963989395291,0.8367699986601571,0.04169639893952909,-0.03823000133984289,yes,0.04169639893952909,0.0,0.125,2026-07-06
2026-07-02 18:37:56+00:00,KXBTC15M-26JUL021445-45,61720.98,61783.73,0.135,7.1,0.397794,0.0,2026-07-02 18:37:45+00:00,0.5328,2026-07-02 18:30:00+00:00,0.4696969696969697,0.1766731449844675,0.8219670106710668,0.0416731449844675,-0.04303298932893318,yes,0.0416731449844675,0.0,0.135,2026-07-02
2026-07-07 06:16:12+00:00,KXBTC15M-26JUL070230-30,63071.53,62976.93,0.795,13.8,0.273707,1.0,2026-07-07 06:14:34+00:00,0.5134,2026-07-07 06:15:00+00:00,0.6380471380471381,0.8366523814607117,0.17184226285399107,0.04165238146071171,-0.03315773714600889,yes,0.04165238146071171,1.0,0.795,2026-07-07
2026-07-05 06:47:08+00:00,KXBTC15M-26JUL050300-00,62706.66,62705.26,0.565,12.9,0.15046,1.0,2026-07-05 06:36:12+00:00,0.4797,2026-07-05 06:45:00+00:00,0.4853999153618282,0.5220833331575087,0.4765646133652419,-0.04291666684249129,0.041564613365241865,no,0.041564613365241865,0.0,0.43500000000000005,2026-07-05
2026-07-10 00:17:41+00:00,KXBTC15M-26JUL092030-30,63152.36,63127.46,0.695,12.3,0.320595,0.0,2026-07-10 00:17:16+00:00,0.6145,2026-07-10 00:15:00+00:00,0.5538461538461539,0.6583263762351281,0.3461852456587231,-0.03667362376487182,0.04118524565872306,no,0.04118524565872306,1.0,0.30500000000000005,2026-07-10
2026-07-09 23:57:18+00:00,KXBTC15M-26JUL092000-00,63233.49,63236.77,0.505,2.7,0.286713,0.0,2026-07-09 23:55:21+00:00,0.5848,2026-07-09 23:45:00+00:00,0.4355942750466708,0.46135569916787456,0.5359118140452723,-0.04364430083212545,0.04091181404527233,no,0.04091181404527233,1.0,0.495,2026-07-09
2026-07-02 00:11:08+00:00,KXBTC15M-26JUL012015-15,59887.53,59968.41,0.059,3.9,0.482599,0.0,2026-07-01 23:15:57+00:00,0.5007,2026-07-02 00:00:00+00:00,0.6188212927756654,0.09975658022594552,0.9029179255444388,0.04075658022594553,-0.03808207445556122,yes,0.04075658022594553,0.0,0.059,2026-07-02
2026-07-09 09:19:56+00:00,KXBTC15M-26JUL090530-30,62824.18,62821.38,0.455,10.1,0.241508,1.0,2026-07-09 09:18:47+00:00,0.4509,2026-07-09 09:15:00+00:00,0.3983286908077994,0.49570719421493986,0.49585770848136346,0.040707194214939846,-0.04914229151863647,yes,0.040707194214939846,1.0,0.455,2026-07-09
2026-07-03 02:19:22+00:00,KXBTC15M-26JUL022230-30,61478.25,61457.59,0.685,10.6,0.328338,0.0,2026-07-03 02:13:30+00:00,0.6863,2026-07-03 02:15:00+00:00,0.5741538461538461,0.6502299928132094,0.3556074250066228,-0.034770007186790686,0.040607425006622844,no,0.040607425006622844,1.0,0.31499999999999995,2026-07-03
2026-07-08 12:03:38+00:00,KXBTC15M-26JUL080815-15,62217.98,62251.91,0.435,11.4,0.446611,1.0,2026-07-08 12:01:20+00:00,0.4134,2026-07-08 12:00:00+00:00,0.2723214285714285,0.37430824360329196,0.6055160657148226,-0.06069175639670804,0.04051606571482269,no,0.04051606571482269,0.0,0.565,2026-07-08
2026-07-09 00:16:17+00:00,KXBTC15M-26JUL082030-30,62198.05,62205.61,0.525,13.7,0.239324,0.0,2026-07-09 00:16:04+00:00,0.495,2026-07-09 00:15:00+00:00,0.6638830897703549,0.5006431058775717,0.5154836423010665,-0.024356894122428363,0.04048364230106649,no,0.04048364230106649,1.0,0.475,2026-07-09
2026-07-06 12:34:10+00:00,KXBTC15M-26JUL060845-45,62072.68,62022.35,0.685,10.8,0.600798,0.0,2026-07-06 11:44:53+00:00,0.5917,2026-07-06 12:30:00+00:00,0.4226415094339623,0.6386058770647128,0.3552096346424696,-0.04639412293528722,0.04020963464246963,no,0.04020963464246963,1.0,0.31499999999999995,2026-07-06
2026-07-06 01:48:51+00:00,KXBTC15M-26JUL052200-00,63565.36,63682.8,0.115,11.1,0.477747,0.0,2026-07-06 01:40:50+00:00,0.4843,2026-07-06 01:45:00+00:00,0.5543613063249276,0.15513406747719694,0.8476526813458296,0.04013406747719693,-0.0373473186541704,yes,0.04013406747719693,0.0,0.115,2026-07-06
2026-07-03 20:16:37+00:00,KXBTC15M-26JUL031630-30,62354.35,62364.67,0.395,13.4,0.508085,1.0,2026-07-03 18:51:43+00:00,0.5819,2026-07-03 20:15:00+00:00,0.4390243902439024,0.43510964412042386,0.5591746804288392,0.04010964412042384,-0.04582531957116076,yes,0.04010964412042384,1.0,0.395,2026-07-03
