feature,split,n,wr,edge,pnl,n_weeks,worst_wk_share
offset_pct,>=-0.1161(q0.1),450,0.8333333333333334,0.14007777777777786,3869.05,12,15.78411125567179
offset_pct,<-0.1161(q0.1),50,0.94,0.2522,861.1099999999999,9,62.77479067714926
offset_pct,>=0.05578(q0.2),400,0.8375,0.12530000000000008,2971.4399999999996,12,15.618214411957782
offset_pct,<0.05578(q0.2),100,0.87,0.25524999999999987,1758.72,11,34.48975718789208
offset_pct,>=0.1248(q0.3),350,0.8428571428571429,0.1198285714285715,2465.42,12,17.831048153094258
offset_pct,<0.1248(q0.3),150,0.8466666666666667,0.22470000000000012,2264.74,12,32.20575655411865
offset_pct,>=0.1615(q0.4),300,0.8566666666666667,0.1237166666666667,2078.6499999999996,12,20.94765310123742
offset_pct,<0.1615(q0.4),200,0.825,0.19265,2651.51,12,29.189853924834974
offset_pct,>=0.1914(q0.5),250,0.876,0.132,1764.28,12,23.62286800283135
offset_pct,<0.1914(q0.5),250,0.812,0.17057999999999995,2965.88,12,26.994998840790906
offset_pct,>=0.24(q0.6),200,0.87,0.12412499999999993,1171.39,12,24.576145099011658
offset_pct,<0.24(q0.6),300,0.8266666666666667,0.1694000000000001,3558.77,12,23.56486988599153
offset_pct,>=0.3193(q0.7),150,0.88,0.13203333333333334,852.33,12,25.223886790886834
offset_pct,<0.3193(q0.7),350,0.8285714285714286,0.1595428571428571,3877.83,12,24.349284835802724
offset_pct,>=0.3832(q0.8),100,0.89,0.11734999999999995,494.8499999999999,11,26.80234350909652
offset_pct,<0.3832(q0.8),400,0.8325,0.1597749999999999,4235.31,12,21.828908554572273
offset_pct,>=0.4911(q0.9),50,0.9,0.13870000000000005,257.65000000000003,9,43.28948156429042
offset_pct,<0.4911(q0.9),450,0.8377777777777777,0.15268888888888887,4472.51,12,20.435944491320992
p_market,>=0.1595(q0.1),450,0.8466666666666667,0.15987777777777767,4861.99,12,20.570183358729377
p_market,<0.1595(q0.1),50,0.82,0.07399999999999995,-131.82999999999998,9,45.351695699294226
p_market,>=0.2(q0.2),414,0.8405797101449275,0.1640942028985507,4646.5,12,21.20790986823959
p_market,<0.2(q0.2),86,0.8604651162790697,0.08965116279069774,83.66000000000001,9,27.890587673196364
p_market,>=0.22(q0.3),360,0.8277777777777777,0.16912499999999997,4188.92,12,21.97381283603414
p_market,<0.22(q0.3),140,0.8857142857142857,0.10542857142857154,541.24,11,23.667008459369388
p_market,>=0.25(q0.4),307,0.8175895765472313,0.17280130293159612,3710.96,12,22.346441731052476
p_market,<0.25(q0.4),193,0.8860103626943006,0.11707253886010383,1019.1999999999998,12,23.374431894883678
p_market,>=0.29(q0.5),255,0.8,0.17347058823529427,3162.45,12,25.940327001725212
p_market,<0.29(q0.5),245,0.889795918367347,0.12820408163265318,1567.7099999999998,12,19.61766354601606
p_market,>=0.33(q0.6),202,0.7970297029702971,0.18581683168316832,2664.35,12,28.22009475003014
p_market,<0.33(q0.6),298,0.8758389261744967,0.1278859060402685,2065.81,12,20.065450603825255
p_market,>=0.375(q0.7),151,0.8079470198675497,0.20543046357615902,2136.5,12,32.63566504888513
p_market,<0.375(q0.7),349,0.8595988538681948,0.12786532951289398,2593.6600000000003,12,17.076926374757058
p_market,>=0.46(q0.8),103,0.883495145631068,0.2679126213592232,1939.3600000000001,11,31.639696184984455
p_market,<0.46(q0.8),397,0.8337531486146096,0.12103274559193955,2790.8,12,14.14370111224793
p_market,>=0.62(q0.9),51,0.9215686274509803,0.22401960784313701,712.1899999999999,7,52.42842499894691
p_market,<0.62(q0.9),449,0.8351893095768375,0.14302895322939868,4017.9700000000003,12,15.130772694112524
p_yes_model,>=0.03711(q0.1),450,0.8288888888888889,0.1520555555555555,4317.8,12,19.786515828847733
p_yes_model,<0.03711(q0.1),50,0.98,0.14440000000000008,412.35999999999996,7,52.98283053642447
p_yes_model,>=0.09122(q0.2),400,0.8175,0.1570625000000001,3989.42,12,21.334590167162183
p_yes_model,<0.09122(q0.2),100,0.95,0.12819999999999987,740.74,12,39.770916097723436
p_yes_model,>=0.1373(q0.3),350,0.8114285714285714,0.15804285714285704,3719.6800000000003,12,24.46709794431352
p_yes_model,<0.1373(q0.3),150,0.92,0.1355333333333335,1010.4799999999999,12,27.381699821558385
p_yes_model,>=0.1738(q0.4),300,0.8033333333333333,0.1601166666666668,3316.5299999999997,12,27.398141129067945
p_yes_model,<0.1738(q0.4),200,0.905,0.13805000000000012,1413.63,12,22.671538925244388
p_yes_model,>=0.2112(q0.5),250,0.796,0.1673,2821.84,12,26.683809808651326
p_yes_model,<0.2112(q0.5),250,0.892,0.13527999999999996,1908.32,12,22.471230121783172
p_yes_model,>=0.2478(q0.6),200,0.82,0.20074999999999998,2812.6400000000003,12,26.782550637262677
p_yes_model,<0.2478(q0.6),300,0.86,0.11831666666666663,1917.52,12,18.93798754038664
p_yes_model,>=0.3017(q0.7),150,0.8466666666666667,0.23770000000000013,2582.9400000000005,12,31.00425275178056
p_yes_model,<0.3017(q0.7),350,0.8428571428571429,0.11425714285714283,2147.22,12,19.559746007311908
p_yes_model,>=0.4873(q0.8),100,0.87,0.25395,1745.13,11,34.73863063158733
p_yes_model,<0.4873(q0.8),400,0.8375,0.125625,2985.03,12,14.909640018276143
p_yes_model,>=0.7081(q0.9),50,0.92,0.22340000000000004,672.87,8,37.55810082728181
p_yes_model,<0.7081(q0.9),450,0.8355555555555556,0.14327777777777784,4057.29,12,15.050646704656707
z_score,>=-0.4153(q0.1),450,0.8311111111111111,0.1381,3825.7000000000003,12,14.773599386032235
z_score,<-0.4153(q0.1),50,0.96,0.27000000000000013,904.4599999999999,9,46.883223138668384
z_score,>=0.08046(q0.2),400,0.8375,0.1254249999999999,2971.74,12,15.61673577843839
z_score,<0.08046(q0.2),100,0.87,0.2547499999999999,1758.4200000000003,11,34.495212586468696
z_score,>=0.3876(q0.3),350,0.86,0.12904285714285701,2527.7699999999995,12,16.372600340083686
z_score,<0.3876(q0.3),150,0.8066666666666666,0.20319999999999994,2202.3900000000003,12,30.343542819571525
z_score,>=0.5183(q0.4),300,0.88,0.13546666666666674,2175.66,12,17.61887030711198
z_score,<0.5183(q0.4),200,0.79,0.1750250000000001,2554.5,12,29.023404138083038
z_score,>=0.6828(q0.5),251,0.9043824701195219,0.14428286852589656,1977.71,12,19.696322144625054
z_score,<0.6828(q0.5),249,0.7831325301204819,0.15835341365461852,2752.45,12,26.869319255754114
z_score,>=0.8005(q0.6),200,0.925,0.1488750000000001,1591.75,12,20.406577052617624
z_score,<0.8005(q0.6),300,0.79,0.15290000000000004,3138.41,12,24.463890271489845
z_score,>=0.92(q0.7),150,0.92,0.14093333333333347,1054.1200000000001,11,26.262757468918167
z_score,<0.92(q0.7),350,0.8114285714285714,0.15572857142857133,3676.0400000000004,12,22.74674929565942
z_score,>=1.09(q0.8),100,0.93,0.1403000000000001,622.9300000000001,9,46.314995264315414
z_score,<1.09(q0.8),400,0.8225,0.15403750000000005,4107.2300000000005,12,22.236890338130685
z_score,>=1.535(q0.9),50,0.94,0.1109,301.09,9,47.72991464346209
z_score,<1.535(q0.9),450,0.8333333333333334,0.1557777777777779,4429.07,12,19.80461199331802
vol_60m,>=0.0002833(q0.1),450,0.8377777777777777,0.14832222222222213,4122.74,12,22.70405362181155
vol_60m,<0.0002833(q0.1),50,0.9,0.17800000000000005,607.4200000000001,9,34.24160131815824
vol_60m,>=0.0003613(q0.2),400,0.83,0.1434375,3461.9,12,22.605639790279156
vol_60m,<0.0003613(q0.2),100,0.9,0.18269999999999986,1268.26,10,29.698703393881452
vol_60m,>=0.000417(q0.3),350,0.8142857142857143,0.13091428571428565,2722.0600000000004,12,26.551103397330618
vol_60m,<0.000417(q0.3),150,0.9133333333333333,0.1988333333333333,2008.1000000000001,11,22.99289467986695
vol_60m,>=0.0004914(q0.4),300,0.8133333333333334,0.12865000000000015,2317.3099999999995,12,26.617905134896304
vol_60m,<0.0004914(q0.4),200,0.89,0.18525000000000003,2412.8500000000004,11,21.819839608761423
vol_60m,>=0.0005645(q0.5),250,0.792,0.12078000000000011,1727.39,12,22.98465872090382
vol_60m,<0.0005645(q0.5),250,0.896,0.18179999999999996,3002.7700000000004,11,16.44914528918299
vol_60m,>=0.0006359(q0.6),200,0.79,0.11922500000000014,1369.18,12,26.96508446606158
vol_60m,<0.0006359(q0.6),300,0.88,0.17266666666666675,3360.98,12,15.297026462519861
vol_60m,>=0.000728(q0.7),150,0.7933333333333333,0.1384333333333334,1188.8400000000001,12,25.926809548424718
vol_60m,<0.000728(q0.7),350,0.8657142857142858,0.15680000000000005,3541.32,12,15.93760051463493
vol_60m,>=0.0008403(q0.8),100,0.75,0.10550000000000015,469.57000000000005,12,24.192873915700762
vol_60m,<0.0008403(q0.8),400,0.8675,0.16273749999999998,4260.59,12,18.68614440722999
vol_60m,>=0.0011(q0.9),50,0.7,0.054300000000000015,77.59000000000003,11,21.088997742050907
vol_60m,<0.0011(q0.9),450,0.86,0.16206666666666658,4652.57,12,17.84905976696751
vol_60m_model,>=0.0002293(q0.1),450,0.8355555555555556,0.1471,4102.9800000000005,12,20.83687085989476
vol_60m_model,<0.0002293(q0.1),50,0.92,0.18900000000000006,627.1800000000001,8,35.93037898776685
vol_60m_model,>=0.0002966(q0.2),400,0.8225,0.14029999999999998,3427.79,12,21.410259693330257
vol_60m_model,<0.0002966(q0.2),100,0.93,0.19524999999999992,1302.37,9,28.221626726659853
vol_60m_model,>=0.0003592(q0.3),350,0.8114285714285714,0.1339285714285714,2820.33,12,22.493444593391594
vol_60m_model,<0.0003592(q0.3),150,0.92,0.19180000000000008,1909.8299999999997,10,22.432665808346393
vol_60m_model,>=0.0004204(q0.4),300,0.81,0.13065000000000015,2385.1099999999997,12,24.517099895366744
vol_60m_model,<0.0004204(q0.4),200,0.895,0.1822499999999999,2345.05,12,21.501886953369866
vol_60m_model,>=0.000488(q0.5),250,0.784,0.11110000000000009,1764.6700000000003,12,27.313180002074265
vol_60m_model,<0.000488(q0.5),250,0.904,0.1914800000000001,2965.49,12,17.91272268663863
vol_60m_model,>=0.0005765(q0.6),200,0.785,0.12522499999999992,1472.97,12,19.852580866461373
vol_60m_model,<0.0005765(q0.6),300,0.8833333333333333,0.16866666666666674,3257.19,12,18.897270346525683
vol_60m_model,>=0.0006948(q0.7),150,0.74,0.10050000000000014,812.83,12,22.76702946757694
vol_60m_model,<0.0006948(q0.7),350,0.8885714285714286,0.1730571428571428,3917.3300000000004,12,19.733083503304545
vol_60m_model,>=0.0008138(q0.8),100,0.71,0.07555,384.0599999999999,12,23.394341716750784
vol_60m_model,<0.0008138(q0.8),400,0.8775,0.17022499999999985,4346.1,12,18.73633832631555
vol_60m_model,>=0.00103(q0.9),50,0.68,0.058599999999999985,181.31000000000006,11,23.346640135457474
vol_60m_model,<0.00103(q0.9),450,0.8622222222222222,0.16158888888888878,4548.85,12,18.08413115402794
vol_implied_kalshi,>=0.0003218(q0.1),429,0.8461538461538461,0.14386946386946375,3867.52,12,21.70271679431432
vol_implied_kalshi,<0.0003218(q0.1),48,0.8958333333333334,0.17583333333333329,456.65999999999997,9,32.76215310113615
vol_implied_kalshi,>=0.0004226(q0.2),381,0.84251968503937,0.14073490813648293,3314.83,12,22.733354483633804
vol_implied_kalshi,<0.0004226(q0.2),96,0.8854166666666666,0.1722916666666665,1009.3499999999999,10,23.14459800861941
vol_implied_kalshi,>=0.0004898(q0.3),334,0.8413173652694611,0.14080838323353295,2900.9300000000003,12,22.01070829779575
vol_implied_kalshi,<0.0004898(q0.3),143,0.8741258741258742,0.16174825174825191,1423.25,10,21.464254347444232
vol_implied_kalshi,>=0.0005505(q0.4),286,0.8391608391608392,0.13678321678321692,2507.49,12,27.50753204699844
vol_implied_kalshi,<0.0005505(q0.4),191,0.8691099476439791,0.16251308900523553,1816.6899999999998,11,18.446269145074083
vol_implied_kalshi,>=0.0006365(q0.5),239,0.8410041841004184,0.1473012552301255,2299.41,12,25.832660079133262
vol_implied_kalshi,<0.0006365(q0.5),238,0.8613445378151261,0.14686974789915963,2024.77,11,18.058267405253996
vol_implied_kalshi,>=0.0007145(q0.6),191,0.8219895287958116,0.14013089005235613,1643.47,12,28.04881305241796
vol_implied_kalshi,<0.0007145(q0.6),286,0.8706293706293706,0.15173076923076922,2680.71,12,16.48854221456256
vol_implied_kalshi,>=0.0007957(q0.7),143,0.8041958041958042,0.1302447552447552,1117.52,12,29.87626751145791
vol_implied_kalshi,<0.0007957(q0.7),334,0.8712574850299402,0.15429640718562876,3206.66,12,16.766530535897996
vol_implied_kalshi,>=0.0009155(q0.8),96,0.7916666666666666,0.13072916666666667,830.7700000000001,12,24.871014233206267
vol_implied_kalshi,<0.0009155(q0.8),381,0.8661417322834646,0.15120734908136468,3493.41,12,16.846662543413103
vol_implied_kalshi,>=0.001164(q0.9),48,0.8125,0.15166666666666662,541.0,11,26.39731955045375
vol_implied_kalshi,<0.001164(q0.9),429,0.8554778554778555,0.14657342657342654,3783.18,12,19.06794698376288
vol_ratio,>=0.403(q0.1),429,0.8391608391608392,0.13454545454545463,3523.45,12,18.405261973084656
vol_ratio,<0.403(q0.1),48,0.9583333333333334,0.25916666666666666,800.73,9,28.598903500555746
vol_ratio,>=0.5432(q0.2),381,0.8346456692913385,0.130275590551181,2902.0099999999998,12,16.443672883614997
vol_ratio,<0.5432(q0.2),96,0.9166666666666666,0.2138020833333334,1422.17,10,25.534921985416652
vol_ratio,>=0.637(q0.3),334,0.8383233532934131,0.13914670658682615,2718.78,12,17.383877134516524
vol_ratio,<0.637(q0.3),143,0.8811188811188811,0.16562937062937066,1605.3999999999999,12,26.138657032515265
vol_ratio,>=0.7332(q0.4),286,0.8181818181818182,0.12286713286713302,1942.85,12,13.417263626810247
vol_ratio,<0.7332(q0.4),191,0.900523560209424,0.18335078534031402,2381.33,12,22.311585437392033
vol_ratio,>=0.8052(q0.5),239,0.799163179916318,0.10882845188284507,1333.39,12,15.275510026205843
vol_ratio,<0.8052(q0.5),238,0.9033613445378151,0.18550420168067216,2990.79,12,22.25365204511182
vol_ratio,>=0.8888(q0.6),191,0.7853403141361257,0.09183246073298412,782.81,12,20.088487964299024
vol_ratio,<0.8888(q0.6),286,0.8951048951048951,0.183986013986014,3541.370000000001,12,23.383671343926366
vol_ratio,>=0.9586(q0.7),143,0.7622377622377622,0.07737762237762236,356.89,12,23.205738081477197
vol_ratio,<0.9586(q0.7),334,0.8892215568862275,0.17693113772455094,3967.29,12,21.20711713002411
vol_ratio,>=1.066(q0.8),96,0.7395833333333334,0.08072916666666663,178.67999999999995,11,16.94747756212941
vol_ratio,<1.066(q0.8),381,0.8792650918635171,0.1638057742782152,4145.5,12,22.638492559488714
vol_ratio,>=1.253(q0.9),48,0.7083333333333334,0.06885416666666666,39.040000000000006,5,51.32786354312858
vol_ratio,<1.253(q0.9),429,0.8671328671328671,0.15583916083916083,4285.14,12,19.918469393851655
spread,>=0.02(q0.2),409,0.8386308068459658,0.14321515892420533,3567.7,12,24.745443813177896
spread,<0.02(q0.2),91,0.8681318681318682,0.18758241758241767,1162.46,12,20.75569705093834
spread,>=0.03(q0.3),358,0.840782122905028,0.14579608938547484,3163.0199999999995,12,27.0937520736938
spread,<0.03(q0.3),142,0.852112676056338,0.1651408450704226,1567.1399999999999,12,16.65900940566892
spread,>=0.03(q0.4),358,0.840782122905028,0.14579608938547484,3163.0199999999995,12,27.0937520736938
spread,<0.03(q0.4),142,0.852112676056338,0.1651408450704226,1567.1399999999999,12,16.65900940566892
spread,>=0.04(q0.5),288,0.84375,0.142673611111111,2383.2699999999995,12,28.799730573853637
spread,<0.04(q0.5),212,0.8443396226415094,0.1629952830188679,2346.89,12,15.096333500753392
spread,>=0.05(q0.6),221,0.832579185520362,0.12723981900452497,1582.5100000000002,11,32.82073840551818
spread,<0.05(q0.6),279,0.8530465949820788,0.17034050179211468,3147.6499999999996,12,16.519785621566736
spread,>=0.07(q0.7),158,0.8417721518987342,0.13620253164556972,1232.16,10,45.16374467809561
spread,<0.07(q0.7),342,0.8450292397660819,0.1582602339181287,3498.0,12,15.759296370518816
spread,>=0.12(q0.8),103,0.8640776699029126,0.13383495145631064,779.5,7,43.83708910481703
spread,<0.12(q0.8),397,0.8387909319899244,0.15581863979848853,3950.66,12,15.054788587246032
spread,>=0.17(q0.9),56,0.8928571428571429,0.13250000000000006,470.84000000000003,7,35.88998920840474
spread,<0.17(q0.9),444,0.8378378378378378,0.15365990990990974,4259.32,12,16.277924695787256
vol_eff,>=0.0003384(q0.1),450,0.8333333333333334,0.1459111111111111,4088.9799999999996,12,19.072668556495124
vol_eff,<0.0003384(q0.1),50,0.94,0.1997,641.1800000000001,7,33.31531110266826
vol_eff,>=0.0004071(q0.2),400,0.8375,0.15028750000000002,3826.1400000000003,12,21.836856739792683
vol_eff,<0.0004071(q0.2),100,0.87,0.1553,904.02,9,29.002500639927543
vol_eff,>=0.0004739(q0.3),350,0.8314285714285714,0.14818571428571425,3259.08,12,24.137920665848785
vol_eff,<0.0004739(q0.3),150,0.8733333333333333,0.15853333333333341,1471.08,10,26.886369198140148
vol_eff,>=0.0005221(q0.4),300,0.8166666666666667,0.14178333333333337,2649.51,12,27.804470363865967
vol_eff,<0.0005221(q0.4),200,0.885,0.16555000000000009,2080.65,11,19.136327589935835
vol_eff,>=0.0005854(q0.5),250,0.808,0.13440000000000007,2110.11,12,21.411917353097294
vol_eff,<0.0005854(q0.5),250,0.88,0.1681800000000001,2620.05,12,18.030571935650084
vol_eff,>=0.0006685(q0.6),200,0.79,0.13022500000000015,1611.1000000000001,12,20.102896884590166
vol_eff,<0.0006685(q0.6),300,0.88,0.16533333333333333,3119.0600000000004,12,16.670727719248745
vol_eff,>=0.0007437(q0.7),150,0.76,0.11670000000000003,943.6200000000001,12,18.186441769136678
vol_eff,<0.0007437(q0.7),350,0.88,0.16611428571428566,3786.54,12,18.85679274482773
vol_eff,>=0.0008456(q0.8),100,0.71,0.07979999999999998,430.24,12,23.944153577661428
vol_eff,<0.0008456(q0.8),400,0.8775,0.1691625,4299.92,12,20.913877467487772
vol_eff,>=0.001052(q0.9),50,0.74,0.13119999999999998,421.18000000000006,12,18.052602483415544
vol_eff,<0.001052(q0.9),450,0.8555555555555555,0.153522222222222,4308.98,12,17.64942051251108
structure_bias,==0.0,223,0.8295964125560538,0.13717488789237653,1813.78,12,19.572558020913032
structure_bias,==1.0,118,0.864406779661017,0.18288135593220312,1373.04,12,19.823630043990658
structure_bias,==-1.0,159,0.8490566037735849,0.14764150943396237,1543.34,11,27.12040120777016
confirmation_bias,==-1.0,315,0.8698412698412699,0.1793015873015874,3577.25,12,21.767544012737314
confirmation_bias,==0.0,137,0.8248175182481752,0.1296715328467153,1081.0299999999997,12,14.122827458196399
confirmation_bias,==1.0,48,0.7291666666666666,0.029166666666666563,71.87999999999997,11,19.970988150581984
confirmation_score,==0.0,315,0.8698412698412699,0.1793015873015874,3577.25,12,21.767544012737314
confirmation_score,==1.0,137,0.8248175182481752,0.1296715328467153,1081.0299999999997,12,14.122827458196399
confirmation_score,==2.0,45,0.7333333333333333,0.03888888888888886,87.02999999999997,11,18.82444030772779
no_score,==1.0,246,0.8373983739837398,0.12504065040650403,2039.3500000000001,12,24.464535972516774
no_score,==2.0,117,0.8547008547008547,0.17316239316239312,1355.4399999999998,12,19.869318025004837
no_score,==0.0,110,0.8363636363636363,0.17181818181818165,966.4900000000001,11,24.231212529177604
no_score,==3.0,26,0.8846153846153846,0.20538461538461517,337.58000000000004,10,21.39621456763545
obi_score,==0.0,289,0.8581314878892734,0.16022491349480972,2940.6499999999996,12,18.964858609432028
obi_score,==-1.0,159,0.8301886792452831,0.13927672955974835,1308.87,12,21.19489476447596
obi_score,==1.0,52,0.8076923076923077,0.1383653846153846,480.64000000000004,12,25.584265212224626
obi_raw,>=-0.1777(q0.1),450,0.8422222222222222,0.1495777777777778,4222.09,12,18.794738818607197
obi_raw,<-0.1777(q0.1),50,0.86,0.16669999999999996,508.07000000000005,10,18.80016413623308
obi_raw,>=-0.1389(q0.2),400,0.845,0.15159999999999996,3812.24,12,20.2489683561372
obi_raw,<-0.1389(q0.2),100,0.84,0.1500499999999999,917.9200000000001,11,18.974304523253345
obi_raw,>=-0.1075(q0.3),350,0.8542857142857143,0.16024285714285713,3612.65,12,18.48773206201237
obi_raw,<-0.1075(q0.3),150,0.82,0.13039999999999985,1117.51,12,17.963072157770974
obi_raw,>=-0.07292(q0.4),300,0.8433333333333334,0.15115000000000012,2848.1499999999996,12,16.82107267857541
obi_raw,<-0.07292(q0.4),200,0.845,0.15149999999999986,1882.0099999999998,12,20.40563649003161
obi_raw,>=-0.0458(q0.5),250,0.832,0.13837999999999995,2061.1,12,19.961052048625927
obi_raw,<-0.0458(q0.5),250,0.856,0.1642,2669.06,12,18.98051846384397
obi_raw,>=-0.01904(q0.6),200,0.845,0.14715,1791.08,12,15.803103462506703
obi_raw,<-0.01904(q0.6),300,0.8433333333333334,0.15405000000000013,2939.08,12,20.870850782013033
obi_raw,>=0.01886(q0.7),150,0.8266666666666667,0.1325666666666666,1136.87,12,17.061529929151142
obi_raw,<0.01886(q0.7),350,0.8514285714285714,0.15931428571428563,3593.29,12,22.33493671938896
obi_raw,>=0.05504(q0.8),100,0.81,0.13190000000000013,818.1099999999999,12,19.225993184258435
obi_raw,<0.05504(q0.8),400,0.8525,0.15613750000000015,3912.0499999999993,12,21.44656635360228
obi_raw,>=0.1031(q0.9),50,0.8,0.13360000000000005,432.65,12,24.722856091277144
obi_raw,<0.1031(q0.9),450,0.8488888888888889,0.15325555555555548,4297.51,12,21.326541484458765
vpin_score,==0.0,428,0.8481308411214953,0.15207943925233636,4030.4700000000003,12,21.271464618270326
vpin_score,==1.0,29,0.8620689655172413,0.15189655172413807,289.47,9,30.834245921433183
vpin_score,==-1.0,43,0.7906976744186046,0.14302325581395336,410.22,7,36.89473684210526
vpin_raw,>=0.3343(q0.1),449,0.8351893095768375,0.14070155902004444,3873.83,12,17.219650836510638
vpin_raw,<0.3343(q0.1),50,0.94,0.2573,906.3299999999999,10,27.007950756604256
vpin_raw,>=0.4351(q0.2),399,0.8395989974937343,0.14315789473684215,3518.38,12,15.50436867873836
vpin_raw,<0.4351(q0.2),100,0.87,0.18920000000000003,1261.78,12,26.335517547756552
vpin_raw,>=0.5022(q0.3),349,0.8510028653295129,0.15210601719197703,3365.4,12,16.901632273150355
vpin_raw,<0.5022(q0.3),150,0.8333333333333334,0.15303333333333347,1414.76,12,23.895188305044364
vpin_raw,>=0.547(q0.4),299,0.8494983277591973,0.1531772575250836,2912.37,12,18.98879659727285
vpin_raw,<0.547(q0.4),200,0.84,0.1511999999999999,1867.79,12,19.697216686210687
vpin_raw,>=0.5905(q0.5),250,0.844,0.14679999999999993,2309.33,12,22.154884270805915
vpin_raw,<0.5905(q0.5),249,0.8473895582329317,0.15799196787148595,2470.83,12,20.84724566238875
vpin_raw,>=0.6403(q0.6),200,0.85,0.15502499999999997,2066.31,12,23.12014793659619
vpin_raw,<0.6403(q0.6),299,0.842809364548495,0.15061872909699003,2713.8500000000004,12,20.157341046852256
vpin_raw,>=0.6977(q0.7),150,0.8466666666666667,0.15149999999999997,1552.3999999999999,12,33.59744416021616
vpin_raw,<0.6977(q0.7),349,0.8452722063037249,0.15276504297994264,3227.76,12,19.364203038639797
vpin_raw,>=0.7622(q0.8),100,0.84,0.16184999999999994,1142.9799999999998,11,38.29238451109421
vpin_raw,<0.7622(q0.8),399,0.8471177944862155,0.1500125313283207,3637.18,12,18.941322673059897
vpin_raw,>=0.8621(q0.9),51,0.803921568627451,0.14911764705882347,516.86,9,34.90378354915721
vpin_raw,<0.8621(q0.9),448,0.8504464285714286,0.15275669642857148,4263.3,12,21.132232011074343
funding_bias,==-1.0,252,0.8492063492063492,0.13208333333333333,2243.1899999999996,12,22.999535481279057
funding_bias,==0.0,242,0.8347107438016529,0.16646694214876023,2326.07,12,28.301668641838685
avg_funding_rate,>=-1.201e-05(q0.1),450,0.8488888888888889,0.1517777777777778,4287.15,12,19.216495807237916
avg_funding_rate,<-1.201e-05(q0.1),50,0.8,0.14690000000000003,443.01,7,53.884782862576955
avg_funding_rate,>=1.056e-05(q0.2),400,0.86,0.15398750000000005,4063.0299999999997,12,21.680617667110507
avg_funding_rate,<1.056e-05(q0.2),100,0.78,0.14049999999999996,667.1300000000001,9,33.49153699299281
avg_funding_rate,>=2.537e-05(q0.3),350,0.8571428571428571,0.1454428571428571,3450.2400000000002,12,18.84796419959191
avg_funding_rate,<2.537e-05(q0.3),150,0.8133333333333334,0.16493333333333327,1279.92,9,37.86926881432964
avg_funding_rate,>=3.902e-05(q0.4),300,0.8566666666666667,0.13923333333333343,2885.76,12,19.012349949839138
avg_funding_rate,<3.902e-05(q0.4),200,0.825,0.16937499999999994,1844.3999999999996,10,36.504871641916004
avg_funding_rate,>=5.044e-05(q0.5),250,0.848,0.13112000000000001,2223.45,12,23.191114974491846
avg_funding_rate,<5.044e-05(q0.5),250,0.84,0.17146000000000006,2506.71,12,28.158178890780327
avg_funding_rate,>=6.63e-05(q0.6),200,0.87,0.14992500000000009,2104.15,12,18.973223668539564
avg_funding_rate,<6.63e-05(q0.6),300,0.8266666666666667,0.1522,2626.01,12,25.865875064162164
avg_funding_rate,>=7.908e-05(q0.7),150,0.8466666666666667,0.13483333333333347,1430.0200000000002,12,20.509359619343666
avg_funding_rate,<7.908e-05(q0.7),350,0.8428571428571429,0.15834285714285712,3300.14,12,23.014914291438572
avg_funding_rate,>=9.387e-05(q0.8),100,0.86,0.15089999999999992,1068.84,10,25.086462231523683
avg_funding_rate,<9.387e-05(q0.8),400,0.84,0.1513875,3661.32,12,21.74706677363946
avg_funding_rate,>=0.0001148(q0.9),50,0.82,0.12360000000000004,469.61,9,24.213139101951132
avg_funding_rate,<0.0001148(q0.9),450,0.8466666666666667,0.15436666666666665,4260.55,12,20.34918519689663
vol_score,==0.0,354,0.867231638418079,0.16526836158192082,3846.1600000000003,12,16.51829357073029
vol_score,==-1.0,75,0.7866666666666666,0.10413333333333319,445.03000000000003,11,20.205634861980887
vol_score,==1.0,71,0.7887323943661971,0.13140845070422535,438.97,11,26.907072025331345
vwap_score,==0.0,385,0.8545454545454545,0.15588311688311685,3614.6600000000003,12,17.93708758826575
vwap_score,==-1.0,64,0.78125,0.061562499999999964,282.03,12,18.793799786089426
vwap_score,==1.0,51,0.8431372549019608,0.22921568627450972,833.4700000000001,10,30.78087003512564
vwap_signal,==0.0,385,0.8545454545454545,0.15588311688311685,3614.6600000000003,12,17.93708758826575
vwap_signal,==1.0,64,0.78125,0.061562499999999964,282.03,12,18.793799786089426
vwap_signal,==-1.0,51,0.8431372549019608,0.22921568627450972,833.4700000000001,10,30.78087003512564
vwap_total,==-1.0,64,0.828125,0.195078125,683.96,9,34.540031580794206
vwap_total,==0.0,227,0.8546255506607929,0.15389867841409688,2129.6800000000003,12,16.748049757537423
vwap_total,==2.0,64,0.78125,0.061562499999999964,282.03,12,18.793799786089426
vwap_total,==-2.0,51,0.8431372549019608,0.22921568627450972,833.4700000000001,10,30.78087003512564
vwap_total,==1.0,94,0.8723404255319149,0.1339893617021275,801.02,12,18.726752153484732
vwap_stretch_score,==-1.0,64,0.828125,0.195078125,683.96,9,34.540031580794206
vwap_stretch_score,==0.0,234,0.8589743589743589,0.15591880341880338,2233.4700000000003,12,16.55078798847812
vwap_stretch_score,==2.0,59,0.7627118644067796,0.05118644067796596,224.3,12,20.21559710291393
vwap_stretch_score,==-2.0,49,0.8367346938775511,0.22571428571428576,787.4100000000002,9,32.393453064752784
vwap_stretch_score,==1.0,94,0.8723404255319149,0.1339893617021275,801.02,12,18.726752153484732
vwap_distance_pct,>=-0.9156(q0.1),424,0.8514150943396226,0.15965801886792463,4310.52,12,22.040064678404597
vwap_distance_pct,<-0.9156(q0.1),47,0.8297872340425532,0.12627659574468098,384.39000000000004,8,50.12097088894092
vwap_distance_pct,>=-0.5745(q0.2),377,0.8594164456233422,0.17192307692307707,4098.89,12,22.214805293793212
vwap_distance_pct,<-0.5745(q0.2),94,0.8085106382978723,0.09377659574468089,596.02,11,21.016554578375583
vwap_distance_pct,>=-0.321(q0.3),329,0.8571428571428571,0.17583586626139813,3559.11,12,22.602672269459312
vwap_distance_pct,<-0.321(q0.3),142,0.8309859154929577,0.11112676056338033,1135.8000000000002,12,18.732137996733805
vwap_distance_pct,>=-0.1602(q0.4),283,0.8692579505300353,0.1956890459363957,3494.0199999999995,12,22.9908020914922
vwap_distance_pct,<-0.1602(q0.4),188,0.8191489361702128,0.09707446808510645,1200.8899999999999,12,21.965427529031622
vwap_distance_pct,>=-0.0415(q0.5),236,0.8601694915254238,0.19385593220338992,2814.95,11,22.769955323301236
vwap_distance_pct,<-0.0415(q0.5),235,0.8382978723404255,0.11863829787234037,1879.96,12,19.55963340457011
vwap_distance_pct,>=0.0487(q0.6),188,0.8404255319148937,0.18941489361702135,2136.2799999999997,11,23.650499688494786
vwap_distance_pct,<0.0487(q0.6),283,0.8551236749116607,0.13434628975265017,2558.63,12,16.609973221393936
vwap_distance_pct,>=0.1614(q0.7),142,0.8169014084507042,0.18158450704225348,1515.9,10,27.14615688186271
vwap_distance_pct,<0.1614(q0.7),329,0.8632218844984803,0.1454255319148936,3179.01,12,16.099901097174335
vwap_distance_pct,>=0.3662(q0.8),95,0.8,0.18047368421052634,949.5499999999998,10,29.419138433342273
vwap_distance_pct,<0.3662(q0.8),376,0.8617021276595744,0.1502260638297872,3745.36,12,17.652336330916377
vwap_distance_pct,>=0.6372(q0.9),48,0.7916666666666666,0.19354166666666672,606.8,9,28.707313436015426
vwap_distance_pct,<0.6372(q0.9),423,0.8557919621749409,0.15210401891252967,4088.1100000000006,12,17.348503264969153
ema_stretch_score,==0.0,182,0.8901098901098901,0.17164835164835146,2074.95,12,20.040000963878647
ema_stretch_score,==-1.0,123,0.8292682926829268,0.17154471544715422,1236.5900000000001,11,34.08107836233779
ema_stretch_score,==1.0,195,0.8102564102564103,0.11951282051282053,1418.62,12,22.77619794296649
stoch_bias,==0.0,286,0.8566433566433567,0.16405594405594404,2941.45,12,19.92282717707253
stoch_bias,==-1.0,100,0.9,0.21719999999999984,1502.6400000000003,10,30.548799576179352
stoch_bias,==1.0,114,0.7631578947368421,0.061447368421052584,286.06999999999994,12,16.339325955230606
stoch_k,>=9.586(q0.1),449,0.8530066815144766,0.16125835189309567,4556.88,12,21.70862504291445
stoch_k,<9.586(q0.1),50,0.78,0.0727000000000001,223.27999999999997,11,18.541933217932314
stoch_k,>=18.84(q0.2),399,0.8671679197994987,0.17718045112781944,4520.79,12,21.975362713154116
stoch_k,<18.84(q0.2),100,0.76,0.053449999999999886,259.37,12,14.583786689878519
stoch_k,>=28.24(q0.3),349,0.8653295128939829,0.17779369627507158,4026.2000000000007,12,24.13129592633134
stoch_k,<28.24(q0.3),150,0.8,0.09326666666666672,753.96,12,16.54036695451252
stoch_k,>=35.19(q0.4),299,0.862876254180602,0.17682274247491636,3395.7799999999997,12,21.130997317104327
stoch_k,<35.19(q0.4),200,0.82,0.1158499999999999,1384.38,12,17.867472509481843
stoch_k,>=43.01(q0.5),250,0.856,0.17699999999999994,2804.7700000000004,12,24.247379244620554
stoch_k,<43.01(q0.5),249,0.8353413654618473,0.12767068273092363,1975.39,12,18.978502942306832
stoch_k,>=55.05(q0.6),200,0.865,0.18789999999999996,2362.1099999999997,12,27.063883637605834
stoch_k,<55.05(q0.6),299,0.8327759197324415,0.128628762541806,2418.0499999999997,12,15.701495006306738
stoch_k,>=66.65(q0.7),150,0.8666666666666667,0.18756666666666677,1815.25,11,30.507899747576296
stoch_k,<66.65(q0.7),349,0.836676217765043,0.1372636103151862,2964.91,12,13.91913600812796
stoch_k,>=76.94(q0.8),100,0.87,0.18569999999999975,1210.28,10,34.630166101349474
stoch_k,<76.94(q0.8),399,0.8395989974937343,0.1440350877192983,3569.8799999999997,12,13.563390971488912
stoch_k,>=87.07(q0.9),50,0.86,0.20510000000000006,737.72,9,29.578808006462616
stoch_k,<87.07(q0.9),449,0.844097995545657,0.1465144766146994,4042.4400000000005,12,16.224957654342624
stoch_d,>=13.71(q0.1),449,0.8596881959910914,0.16720489977728292,4777.23,12,20.973241815864004
stoch_d,<13.71(q0.1),50,0.72,0.019300000000000206,2.9299999999999784,11,16.70361515612548
stoch_d,>=21.23(q0.2),399,0.8646616541353384,0.1723934837092731,4469.16,12,22.634902308263747
stoch_d,<21.23(q0.2),100,0.77,0.07255,310.9999999999999,12,15.035119062186435
stoch_d,>=30.21(q0.3),349,0.8653295128939829,0.17995702005730663,4063.3500000000004,12,22.324593006924683
stoch_d,<30.21(q0.3),150,0.8,0.0882333333333335,716.81,12,16.761815329783488
stoch_d,>=38.02(q0.4),299,0.8729096989966555,0.19071906354515045,3714.48,12,24.07734741721359
stoch_d,<38.02(q0.4),200,0.805,0.09507500000000002,1065.6799999999998,12,21.486922375709977
stoch_d,>=45.52(q0.5),250,0.876,0.19844000000000006,3193.7200000000003,12,23.99457199710344
stoch_d,<45.52(q0.5),249,0.8152610441767069,0.10614457831325308,1586.44,12,16.776863551768052
stoch_d,>=56.53(q0.6),200,0.885,0.20805000000000007,2683.9,12,25.651803841404288
stoch_d,<56.53(q0.6),299,0.8193979933110368,0.11515050167224083,2096.2599999999998,12,16.30573361982115
stoch_d,>=65.72(q0.7),151,0.8807947019867549,0.19731788079470203,2048.62,12,26.93874708360901
stoch_d,<65.72(q0.7),348,0.8304597701149425,0.13288793103448282,2731.5400000000004,12,14.678076552753863
stoch_d,>=75.34(q0.8),100,0.87,0.18864999999999998,1365.5700000000002,11,36.865069071705534
stoch_d,<75.34(q0.8),399,0.8395989974937343,0.1432957393483708,3414.59,12,12.750780331936276
stoch_d,>=85.13(q0.9),50,0.82,0.1523,467.94999999999993,10,27.187083439423667
stoch_d,<85.13(q0.9),449,0.8485523385300668,0.1523942093541203,4312.21,12,17.78816619127114
stoch_crossover_active,==False,363,0.8347107438016529,0.1466666666666666,3251.2799999999997,12,19.992086084501718
stoch_crossover_active,==True,137,0.8686131386861314,0.16354014598540156,1478.88,12,17.114402313450988
ema_stack_bias,==1.0,95,0.8210526315789474,0.18210526315789466,1071.59,9,25.47556852501196
ema_stack_bias,==0.0,245,0.8653061224489796,0.17326530612244895,2517.92,12,19.587782046655775
ema_stack_bias,==-1.0,160,0.825,0.09934374999999995,1140.65,12,26.12020853907811
ema_alignment,==bullish,121,0.8099173553719008,0.20165289256198338,1307.9,10,24.562230879639124
ema_alignment,==neutral,65,0.8461538461538461,0.11299999999999999,477.64,10,30.818263147804963
ema_alignment,==bearish,314,0.856687898089172,0.13980891719745236,2944.62,12,17.533331974923755
raw_edge,>=0.04462(q0.1),450,0.8377777777777777,0.14874444444444446,4169.87,12,19.39853673243469
raw_edge,<0.04462(q0.1),50,0.9,0.17420000000000002,560.2900000000001,11,16.71866915442387
raw_edge,>=0.05167(q0.2),400,0.845,0.155625,3907.6,12,20.125150085442833
raw_edge,<0.05167(q0.2),100,0.84,0.1339499999999998,822.56,12,20.685934489402698
raw_edge,>=0.0609(q0.3),350,0.8514285714285714,0.15445714285714274,3415.18,12,22.138218190549257
raw_edge,<0.0609(q0.3),150,0.8266666666666667,0.14390000000000003,1314.98,12,22.222901053546213
raw_edge,>=0.07404(q0.4),300,0.8633333333333333,0.15569999999999995,2877.34,12,22.32374345749895
raw_edge,<0.07404(q0.4),200,0.815,0.144675,1852.8200000000002,12,20.044853921687476
raw_edge,>=0.0876(q0.5),250,0.86,0.15024000000000004,2118.86,11,27.027569136223967
raw_edge,<0.0876(q0.5),250,0.828,0.15234000000000014,2611.3,12,22.66328092908622
raw_edge,>=0.1028(q0.6),200,0.875,0.16789999999999994,1966.7000000000003,10,35.35788563993959
raw_edge,<0.1028(q0.6),300,0.8233333333333334,0.14021666666666666,2763.46,12,23.845430838922145
raw_edge,>=0.1171(q0.7),150,0.8533333333333334,0.16046666666666665,1350.24,9,42.72975488675147
raw_edge,<0.1171(q0.7),350,0.84,0.14735714285714274,3379.92,12,23.12419484001253
raw_edge,>=0.1356(q0.8),100,0.82,0.16149999999999987,987.1600000000001,8,49.94899457487752
raw_edge,<0.1356(q0.8),400,0.85,0.14873749999999997,3743.0,12,22.94912851742965
raw_edge,>=0.1778(q0.9),50,0.8,0.18400000000000005,624.72,7,43.765156659229795
raw_edge,<0.1778(q0.9),450,0.8488888888888889,0.14765555555555543,4105.44,12,21.07745850950614
net_edge,>=0.01657(q0.1),450,0.8422222222222222,0.1492,4222.4400000000005,12,18.558590516731705
net_edge,<0.01657(q0.1),50,0.86,0.17010000000000003,507.72,12,21.527349900732524
net_edge,>=0.0229(q0.2),400,0.845,0.1521,3806.41,12,20.813528407026983
net_edge,<0.0229(q0.2),100,0.84,0.1480499999999999,923.75,12,24.24640507685001
net_edge,>=0.03287(q0.3),350,0.8542857142857143,0.15528571428571425,3350.42,12,20.672632087917336
net_edge,<0.03287(q0.3),150,0.82,0.14196666666666669,1379.74,12,18.40935035973133
net_edge,>=0.04607(q0.4),300,0.86,0.15039999999999998,2689.2599999999998,11,23.606865829261583
net_edge,<0.04607(q0.4),200,0.82,0.152625,2040.8999999999999,12,19.114889183557487
net_edge,>=0.06154(q0.5),250,0.852,0.13994000000000006,1948.7199999999998,11,28.019014661353115
net_edge,<0.06154(q0.5),250,0.836,0.16264000000000012,2781.44,12,22.408393140545783
net_edge,>=0.08214(q0.6),200,0.875,0.16157500000000002,1811.2600000000002,10,37.63511945013575
net_edge,<0.08214(q0.6),300,0.8233333333333334,0.1444333333333333,2918.8999999999996,12,24.289733712945903
net_edge,>=0.09551(q0.7),150,0.86,0.15899999999999992,1324.3999999999999,9,47.45910220349886
net_edge,<0.09551(q0.7),350,0.8371428571428572,0.14798571428571416,3405.76,12,23.485180108053306
net_edge,>=0.1151(q0.8),100,0.83,0.16174999999999995,967.48,9,48.67282031661007
net_edge,<0.1151(q0.8),400,0.8475,0.1486750000000001,3762.68,12,23.474386829900137
net_edge,>=0.158(q0.9),50,0.8,0.18400000000000005,624.72,7,43.765156659229795
net_edge,<0.158(q0.9),450,0.8488888888888889,0.14765555555555543,4105.44,12,21.07745850950614
tau_minutes,>=24.31(q0.1),450,0.86,0.16588888888888886,4819.4,12,18.96937378096859
tau_minutes,<24.31(q0.1),50,0.7,0.01990000000000003,-89.24,12,23.200093501636285
tau_minutes,>=34.39(q0.2),400,0.8675,0.17127500000000007,4422.79,12,17.85413405789736
tau_minutes,<34.39(q0.2),100,0.75,0.07134999999999991,307.37,12,20.89501607935194
tau_minutes,>=43.49(q0.3),350,0.8714285714285714,0.16921428571428576,3787.46,12,21.966907897504946
tau_minutes,<43.49(q0.3),150,0.78,0.10946666666666682,942.7,12,22.624507510465403
tau_minutes,>=50(q0.4),300,0.8733333333333333,0.16876666666666662,3174.67,12,18.62391964713959
tau_minutes,<50(q0.4),200,0.8,0.12507499999999994,1555.49,12,17.86756226784073
tau_minutes,>=53.58(q0.5),250,0.872,0.16174,2526.2799999999997,12,22.192230958807656
tau_minutes,<53.58(q0.5),250,0.816,0.14083999999999997,2203.88,12,18.719855889360222
tau_minutes,>=55.65(q0.6),200,0.865,0.15469999999999995,1918.4499999999998,12,23.186563464757075
tau_minutes,<55.65(q0.6),300,0.83,0.14901666666666658,2811.71,12,18.44261877856845
tau_minutes,>=56.83(q0.7),150,0.86,0.14800000000000002,1346.85,12,24.86462623043547
tau_minutes,<56.83(q0.7),350,0.8371428571428572,0.15269999999999995,3383.31,12,18.852304639075275
tau_minutes,>=58.4(q0.8),100,0.86,0.13995000000000002,793.29,11,23.3763884366294
tau_minutes,<58.4(q0.8),400,0.84,0.15412499999999996,3936.87,12,21.469820721351677
tau_minutes,>=59.34(q0.9),50,0.82,0.13039999999999985,244.70000000000002,10,28.89440308795148
tau_minutes,<59.34(q0.9),450,0.8466666666666667,0.15361111111111103,4485.46,12,19.832119963269374
composite_trend,>=-4(q0.1),472,0.8432203389830508,0.14973516949152532,4322.92,12,21.194116896608286
composite_trend,<-4(q0.1),23,0.8260869565217391,0.1406521739130434,319.09000000000003,5,39.34173705424765
composite_trend,>=-3(q0.2),410,0.8560975609756097,0.1656097560975609,4154.3,12,21.303513468691516
composite_trend,<-3(q0.2),85,0.7764705882352941,0.07070588235294128,487.7100000000001,9,25.63634751099117
composite_trend,>=-2(q0.3),365,0.8575342465753425,0.1733150684931507,3880.92,12,24.023560020978806
composite_trend,<-2(q0.3),130,0.8,0.08192307692307699,761.09,11,25.340109702810746
composite_trend,>=-1(q0.4),321,0.8535825545171339,0.17722741433021805,3456.57,12,22.904004801853738
composite_trend,<-1(q0.4),174,0.8218390804597702,0.09781609195402308,1185.44,12,28.313064926549796
composite_trend,>=0(q0.5),292,0.8561643835616438,0.18530821917808227,3223.9999999999995,12,23.358033301368668
composite_trend,<0(q0.5),203,0.8226600985221675,0.09753694581280792,1418.01,12,29.607193893555472
composite_trend,>=0(q0.6),292,0.8561643835616438,0.18530821917808227,3223.9999999999995,12,23.358033301368668
composite_trend,<0(q0.6),203,0.8226600985221675,0.09753694581280792,1418.01,12,29.607193893555472
composite_trend,>=0(q0.7),292,0.8561643835616438,0.18530821917808227,3223.9999999999995,12,23.358033301368668
composite_trend,<0(q0.7),203,0.8226600985221675,0.09753694581280792,1418.01,12,29.607193893555472
composite_trend,>=1(q0.8),119,0.7815126050420168,0.1678571428571426,985.36,10,31.01534828807556
composite_trend,<1(q0.8),376,0.8617021276595744,0.14344414893617008,3656.6499999999996,12,19.083327737863424
composite_trend,>=3(q0.9),70,0.6857142857142857,0.12814285714285722,382.4200000000001,7,42.079551185073115
composite_trend,<3(q0.9),425,0.8682352941176471,0.15280000000000005,4259.59,12,16.861025521301656
composite_rev,>=-5(q0.1),448,0.8482142857142857,0.14654017857142854,4098.889999999999,12,15.036886416724085
composite_rev,<-5(q0.1),47,0.7872340425531915,0.17574468085106376,543.1199999999999,8,46.17768595041322
composite_rev,>=-2(q0.2),416,0.8485576923076923,0.1440745192307692,3794.14,12,13.922978496350439
composite_rev,<-2(q0.2),79,0.810126582278481,0.17689873417721524,847.87,10,37.10720844599894
composite_rev,>=0(q0.3),354,0.8389830508474576,0.13124293785310737,2850.24,12,12.604430926164511
composite_rev,<0(q0.3),141,0.851063829787234,0.1946808510638297,1791.77,10,33.12679658382672
composite_rev,>=0(q0.4),354,0.8389830508474576,0.13124293785310737,2850.24,12,12.604430926164511
composite_rev,<0(q0.4),141,0.851063829787234,0.1946808510638297,1791.77,10,33.12679658382672
composite_rev,>=0(q0.5),354,0.8389830508474576,0.13124293785310737,2850.24,12,12.604430926164511
composite_rev,<0(q0.5),141,0.851063829787234,0.1946808510638297,1791.77,10,33.12679658382672
composite_rev,>=0(q0.6),354,0.8389830508474576,0.13124293785310737,2850.24,12,12.604430926164511
composite_rev,<0(q0.6),141,0.851063829787234,0.1946808510638297,1791.77,10,33.12679658382672
composite_rev,>=2(q0.7),161,0.7888198757763976,0.07260869565217398,702.74,12,25.749413168122526
composite_rev,<2(q0.7),334,0.8682634730538922,0.18628742514970043,3939.27,12,24.933404503449303
composite_rev,>=3(q0.8),122,0.7704918032786885,0.04778688524590158,360.63,12,26.570634932681653
composite_rev,<3(q0.8),373,0.8659517426273459,0.1825201072386059,4281.38,12,22.822396616018256
composite_rev,>=6(q0.9),61,0.7377049180327869,0.02442622950819695,77.84,12,28.486821213083513
composite_rev,<6(q0.9),434,0.8571428571428571,0.16686635944700445,4564.17,12,20.180815762408173
composite_p_up,>=0.359(q0.1),451,0.8425720620842572,0.1523725055432371,4233.38,12,21.145214628905254
composite_p_up,<0.359(q0.1),44,0.8409090909090909,0.11795454545454565,408.63000000000005,9,26.914232007518947
composite_p_up,>=0.4121(q0.2),400,0.8375,0.15193749999999995,3699.41,12,22.756976216207605
composite_p_up,<0.4121(q0.2),95,0.8631578947368421,0.13826315789473687,942.5999999999999,9,28.05343109369404
composite_p_up,>=0.47(q0.3),355,0.828169014084507,0.14856338028169014,3148.17,12,23.256521098547665
composite_p_up,<0.47(q0.3),140,0.8785714285714286,0.15121428571428575,1493.84,11,23.666815308344045
composite_p_up,>=0.4799(q0.4),323,0.826625386996904,0.13955108359133128,2537.7300000000005,12,19.41044894731333
composite_p_up,<0.4799(q0.4),172,0.872093023255814,0.16764534883720938,2104.2799999999997,11,30.258538589382084
composite_p_up,>=0.5125(q0.5),255,0.8352941176470589,0.15531372549019606,2231.9300000000003,12,22.686195355589113
composite_p_up,<0.5125(q0.5),240,0.85,0.14293750000000005,2410.08,11,33.32230551364088
composite_p_up,>=0.5144(q0.6),208,0.8269230769230769,0.15137019230769233,1722.7700000000002,12,16.292946824010173
composite_p_up,<0.5144(q0.6),287,0.8536585365853658,0.147822299651568,2919.24,11,30.775435613540676
composite_p_up,>=0.542(q0.7),150,0.8266666666666667,0.15580000000000005,1290.7399999999998,12,19.58882177425224
composite_p_up,<0.542(q0.7),345,0.8492753623188406,0.14649275362318837,3351.27,12,25.143587790091633
composite_p_up,>=0.5563(q0.8),99,0.8484848484848485,0.18166666666666664,929.52,12,23.7452911465108
composite_p_up,<0.5563(q0.8),396,0.8409090909090909,0.14122474747474734,3712.49,12,25.94559257134471
composite_p_up,>=0.6103(q0.9),57,0.8245614035087719,0.16280701754385973,436.51,11,21.93074882825273
composite_p_up,<0.6103(q0.9),438,0.8447488584474886,0.1475570776255708,4205.5,12,22.539055998097734
chg_30m,>=-0.4312(q0.1),419,0.863961813842482,0.16109785202863958,4319.63,12,19.505500119197627
chg_30m,<-0.4312(q0.1),47,0.7021276595744681,0.02021276595744692,44.86000000000001,10,20.92251210748321
chg_30m,>=-0.2556(q0.2),373,0.8659517426273459,0.16400804289544246,3914.9,12,19.286379181253412
chg_30m,<-0.2556(q0.2),93,0.7741935483870968,0.07822580645161292,449.59000000000003,12,23.18090503592223
chg_30m,>=-0.1452(q0.3),326,0.8619631901840491,0.16013803680981598,3293.4300000000003,12,19.652421906332158
chg_30m,<-0.1452(q0.3),140,0.8142857142857143,0.11603571428571435,1071.06,12,22.415777184789864
chg_30m,>=-0.0753(q0.4),281,0.8469750889679716,0.14839857651245547,2623.3,12,23.370587384259256
chg_30m,<-0.0753(q0.4),185,0.8486486486486486,0.14459459459459456,1741.19,12,16.194960867699695
chg_30m,>=-0.0172(q0.5),233,0.8283261802575107,0.1321888412017168,1895.0500000000002,12,25.46910464804816
chg_30m,<-0.0172(q0.5),233,0.8669527896995708,0.1615879828326181,2469.4399999999996,12,18.50130767793761
chg_30m,>=0.03(q0.6),186,0.8333333333333334,0.1370698924731183,1589.44,12,27.839587751380478
chg_30m,<0.03(q0.6),280,0.8571428571428571,0.15341071428571418,2775.05,12,19.48487852385176
chg_30m,>=0.1(q0.7),140,0.8428571428571429,0.1486428571428572,1347.6399999999999,11,33.08368704762572
chg_30m,<0.1(q0.7),326,0.8496932515337423,0.14613496932515335,3016.8500000000004,12,18.35300538991608
chg_30m,>=0.1741(q0.8),94,0.8191489361702128,0.13218085106382982,833.85,11,39.61895048362691
chg_30m,<0.1741(q0.8),372,0.8548387096774194,0.15060483870967734,3530.64,12,18.811846274033243
chg_30m,>=0.3431(q0.9),47,0.8297872340425532,0.15031914893617027,471.68999999999994,9,38.455048279741256
chg_30m,<0.3431(q0.9),419,0.8496420047732697,0.14650357995226726,3892.8,12,16.63093331210888
chg_10m,>=-0.3135(q0.1),406,0.8620689655172413,0.1606773399014778,4178.93,11,17.836639652049875
chg_10m,<-0.3135(q0.1),46,0.7391304347826086,0.0491304347826087,119.02000000000004,11,17.415465345950885
chg_10m,>=-0.1791(q0.2),361,0.8698060941828255,0.1659279778393351,3816.57,11,18.760039786469
chg_10m,<-0.1791(q0.2),91,0.7692307692307693,0.08346153846153859,481.37999999999994,11,30.156067307203493
chg_10m,>=-0.1062(q0.3),316,0.870253164556962,0.16333860759493668,3376.89,11,20.666815272426202
chg_10m,<-0.1062(q0.3),136,0.8014705882352942,0.1167647058823531,921.0600000000001,11,25.81065667264135
chg_10m,>=-0.05658(q0.4),271,0.8634686346863468,0.15728782287822873,2803.08,11,20.617046631389293
chg_10m,<-0.05658(q0.4),181,0.8287292817679558,0.1374033149171271,1494.8700000000001,11,18.841546722587612
chg_10m,>=-0.022(q0.5),226,0.8539823008849557,0.15522123893805306,2246.8399999999997,11,23.22119717936483
chg_10m,<-0.022(q0.5),226,0.8451327433628318,0.1434292035398229,2051.11,11,15.215160300217075
chg_10m,>=0(q0.6),198,0.8484848484848485,0.15547979797979783,1881.65,11,21.502700116555456
chg_10m,<0(q0.6),254,0.8503937007874016,0.14452755905511816,2416.2999999999997,11,15.243782882912324
chg_10m,>=0.03599(q0.7),136,0.8308823529411765,0.1472058823529412,1163.56,11,26.306382578429993
chg_10m,<0.03599(q0.7),316,0.8575949367088608,0.15023734177215198,3134.39,11,18.490479033027288
chg_10m,>=0.08948(q0.8),91,0.8791208791208791,0.17664835164835158,937.1399999999999,11,35.814527181361356
chg_10m,<0.08948(q0.8),361,0.8421052631578947,0.14243767313019384,3360.8099999999995,11,17.70685928099525
chg_10m,>=0.2159(q0.9),46,0.8043478260869565,0.12989130434782614,345.7200000000001,9,25.03481638935718
chg_10m,<0.2159(q0.9),406,0.854679802955665,0.1515270935960591,3952.23,11,16.284287489838224
chg_5m,>=-0.2054(q0.1),405,0.8567901234567902,0.15581481481481496,4070.2300000000005,11,19.411841126241573
chg_5m,<-0.2054(q0.1),45,0.7777777777777778,0.08766666666666656,198.61999999999998,11,20.91229545307548
chg_5m,>=-0.1208(q0.2),360,0.8555555555555555,0.15580555555555553,3584.27,11,18.763719724593372
chg_5m,<-0.1208(q0.2),90,0.8222222222222222,0.12177777777777787,684.5799999999999,11,24.804995570536505
chg_5m,>=-0.07425(q0.3),315,0.8507936507936508,0.1521904761904762,3071.99,11,22.77820631897108
chg_5m,<-0.07425(q0.3),135,0.8444444444444444,0.14155555555555566,1196.8600000000001,11,22.086960880971876
chg_5m,>=-0.04416(q0.4),270,0.8407407407407408,0.14283333333333337,2503.38,11,24.026736585545994
chg_5m,<-0.04416(q0.4),180,0.8611111111111112,0.15825,1765.47,11,19.17166533557636
chg_5m,>=0(q0.5),227,0.8281938325991189,0.1297136563876652,1934.4899999999998,11,28.115061832502764
chg_5m,<0(q0.5),223,0.8699551569506726,0.16863228699551558,2334.36,11,18.414897445124147
chg_5m,>=0(q0.6),227,0.8281938325991189,0.1297136563876652,1934.4899999999998,11,28.115061832502764
chg_5m,<0(q0.6),223,0.8699551569506726,0.16863228699551558,2334.36,11,18.414897445124147
chg_5m,>=0.01127(q0.7),135,0.7925925925925926,0.10985185185185198,849.58,11,22.676970455755583
chg_5m,<0.01127(q0.7),315,0.873015873015873,0.1657777777777778,3419.2699999999995,11,14.980683011286036
chg_5m,>=0.057(q0.8),91,0.7802197802197802,0.111043956043956,599.9800000000001,11,34.553010580620516
chg_5m,<0.057(q0.8),359,0.8662952646239555,0.1586211699164345,3668.87,11,17.52719502190048
chg_5m,>=0.1358(q0.9),45,0.7555555555555555,0.10499999999999998,366.04,10,23.573025505315506
chg_5m,<0.1358(q0.9),405,0.8592592592592593,0.15388888888888885,3902.8100000000004,11,17.247848129647853
sharp_move_active,==False,445,0.849438202247191,0.14576404494382023,4133.360000000001,12,18.67249617467872
sharp_move_active,==True,21,0.8095238095238095,0.1707142857142857,231.13,6,38.37835735262655
cmf_raw,>=0.05854(q0.4),17,0.8823529411764706,0.24352941176470588,222.88,1,100.0
cmf_raw,<0.05854(q0.4),12,0.75,0.019166666666666665,9.879999999999995,1,100.0
cmf_raw,>=0.124(q0.5),15,0.8666666666666667,0.2300000000000001,173.34999999999997,1,100.0
cmf_raw,<0.124(q0.5),14,0.7857142857142857,0.06571428571428573,59.41,1,100.0
cmf_raw,>=0.1296(q0.6),13,0.9230769230769231,0.3061538461538462,193.88,1,100.0
cmf_raw,<0.1296(q0.6),16,0.75,0.024375000000000036,38.88,1,100.0
cmf_score,==1.0,18,0.8333333333333334,0.19444444444444453,192.88,1,100.0
cmf_score,==0.0,221,0.8506787330316742,0.13339366515837092,2070.32,8,26.584055556595477
p_up_v2,>=0.3256(q0.1),107,0.8504672897196262,0.14476635514018688,1169.6600000000003,6,40.875947733505406
p_up_v2,<0.3256(q0.1),12,0.6666666666666666,-0.02750000000000008,-4.280000000000001,6,33.81577167590964
p_up_v2,>=0.3641(q0.2),95,0.8736842105263158,0.16473684210526307,1134.0200000000002,6,31.22807297314537
p_up_v2,<0.3641(q0.2),24,0.6666666666666666,-0.02041666666666664,31.360000000000014,6,32.51761022697626
p_up_v2,>=0.3915(q0.3),83,0.8674698795180723,0.16096385542168679,957.32,6,34.04673955413658
p_up_v2,<0.3915(q0.3),36,0.75,0.04999999999999993,208.06,6,26.53869375288561
p_up_v2,>=0.4347(q0.4),71,0.9014084507042254,0.19873239436619727,1003.5100000000001,6,31.15204912561741
p_up_v2,<0.4347(q0.4),48,0.7291666666666666,0.021874999999999867,161.87,6,24.13793103448276
p_up_v2,>=0.4758(q0.5),60,0.9,0.20000000000000007,859.87,6,27.61910592749054
p_up_v2,<0.4758(q0.5),59,0.7627118644067796,0.05355932203389835,305.51,6,27.743327346865005
p_up_v2,>=0.5061(q0.6),48,0.8958333333333334,0.1924999999999999,643.28,6,23.960076222346167
p_up_v2,<0.5061(q0.6),71,0.7887323943661971,0.083380281690141,522.1,6,34.33585619678335
p_up_v2,>=0.5208(q0.7),36,0.8611111111111112,0.1611111111111111,391.87,6,30.08551778474468
p_up_v2,<0.5208(q0.7),83,0.8192771084337349,0.1127710843373495,773.51,6,37.12819376124264
p_up_v2,>=0.5653(q0.8),24,0.8333333333333334,0.14,204.85000000000002,6,29.509672514853857
p_up_v2,<0.5653(q0.8),95,0.8315789473684211,0.12421052631578944,960.5300000000001,6,33.701910546310415
p_up_v2,>=0.6052(q0.9),12,0.6666666666666666,-0.02083333333333337,-59.849999999999994,5,57.76284728527329
p_up_v2,<0.6052(q0.9),107,0.8504672897196262,0.144018691588785,1225.2300000000002,6,33.610378480610535
bp_5m,>=0.09562(q0.3),83,0.8554216867469879,0.1478313253012048,935.23,6,41.157990490748645
bp_5m,<0.09562(q0.3),36,0.7777777777777778,0.08027777777777778,230.15,6,47.6933170309844
bp_5m,>=0.2947(q0.4),71,0.8309859154929577,0.12,649.2499999999999,6,29.985621059617294
bp_5m,<0.2947(q0.4),48,0.8333333333333334,0.13833333333333342,516.1300000000001,6,45.837892433296865
bp_5m,>=0.5(q0.5),62,0.8387096774193549,0.13064516129032266,612.94,6,25.849646736853867
bp_5m,<0.5(q0.5),57,0.8245614035087719,0.12385964912280711,552.44,6,45.34202311189002
bp_5m,>=0.5(q0.6),62,0.8387096774193549,0.13064516129032266,612.94,6,25.849646736853867
bp_5m,<0.5(q0.6),57,0.8245614035087719,0.12385964912280711,552.44,6,45.34202311189002
bp_5m,>=0.5(q0.7),62,0.8387096774193549,0.13064516129032266,612.94,6,25.849646736853867
bp_5m,<0.5(q0.7),57,0.8245614035087719,0.12385964912280711,552.44,6,45.34202311189002
bp_5m,>=0.6402(q0.8),24,0.7916666666666666,0.09166666666666679,162.23000000000002,4,49.25122101109422
bp_5m,<0.6402(q0.8),95,0.8421052631578947,0.13642105263157867,1003.15,6,43.15007725664158
bp_5m,>=1(q0.9),17,0.8823529411764706,0.1641176470588236,244.37,4,40.04930930713172
bp_5m,<1(q0.9),102,0.8235294117647058,0.1212745098039214,921.0099999999999,6,40.44881576006142
chg_1h,==0.0,41,0.7804878048780488,0.08243902439024398,313.78999999999996,3,87.78884828728411
chg_2h,==0.0,41,0.7804878048780488,0.08243902439024398,313.78999999999996,3,87.78884828728411
chg_3h,==0.0,41,0.7804878048780488,0.08243902439024398,313.78999999999996,3,87.78884828728411
body_15m,>=0.1056(q0.1),107,0.822429906542056,0.11822429906542065,957.3700000000001,6,43.209607900573296
body_15m,<0.1056(q0.1),12,0.9166666666666666,0.2091666666666666,208.01,5,38.507764049805296
body_15m,>=0.2156(q0.2),95,0.8210526315789474,0.11484210526315786,827.56,6,35.61238691718859
body_15m,<0.2156(q0.2),24,0.875,0.17708333333333337,337.81999999999994,6,25.0255613267351
body_15m,>=0.3785(q0.3),83,0.8795180722891566,0.17325301204819277,1059.5,6,44.0093686085637
body_15m,<0.3785(q0.3),36,0.7222222222222222,0.021666666666666612,105.88000000000001,6,35.187936822409334
body_15m,>=0.5261(q0.4),71,0.8732394366197183,0.17084507042253527,895.6300000000001,6,37.31270001315155
body_15m,<0.5261(q0.4),48,0.7708333333333334,0.0631250000000001,269.75,6,27.72473575532067
body_15m,>=0.6202(q0.5),60,0.85,0.15200000000000014,680.0399999999998,6,34.32797093928386
body_15m,<0.6202(q0.5),59,0.8135593220338984,0.10237288135593225,485.34000000000003,6,28.205528436825972
body_15m,>=0.7418(q0.6),48,0.8541666666666666,0.15312499999999996,549.47,6,36.88164942402231
body_15m,<0.7418(q0.6),71,0.8169014084507042,0.11000000000000021,615.9100000000002,6,34.508972931556706
body_15m,>=0.8144(q0.7),36,0.8333333333333334,0.12250000000000005,311.52,6,32.63894256782871
body_15m,<0.8144(q0.7),83,0.8313253012048193,0.12951807228915668,853.86,6,34.84213271282997
body_15m,>=0.9353(q0.8),24,0.9166666666666666,0.19958333333333322,392.65999999999997,6,39.423419752457605
body_15m,<0.9353(q0.8),95,0.8105263157894737,0.10915789473684201,772.72,6,34.440083077685266
body_15m,>=1(q0.9),19,0.9473684210526315,0.23157894736842088,346.08,6,32.11107258437355
body_15m,<1(q0.9),100,0.81,0.10759999999999992,819.3,6,38.093413610655
dir_15m,==-1.0,63,0.8095238095238095,0.10015873015873034,544.99,6,30.644457485065985
dir_15m,==1.0,56,0.8571428571428571,0.15803571428571417,620.3900000000001,6,35.86892919836161
p_gbdt,>=0.1841(q0.1),107,0.822429906542056,0.12,974.4100000000001,6,41.86384901063389
p_gbdt,<0.1841(q0.1),12,0.9166666666666666,0.19333333333333336,190.97000000000003,4,42.25794627428392
p_gbdt,>=0.2882(q0.2),95,0.8210526315789474,0.1175789473684209,829.9300000000001,6,37.968263580708346
p_gbdt,<0.2882(q0.2),24,0.875,0.16625000000000012,335.45000000000005,5,31.985651920028918
p_gbdt,>=0.3344(q0.3),84,0.8333333333333334,0.1328571428571429,826.0899999999999,6,45.47976132881793
p_gbdt,<0.3344(q0.3),35,0.8285714285714286,0.11428571428571432,339.28999999999996,6,36.19314601125671
p_gbdt,>=0.3918(q0.4),71,0.8309859154929577,0.13056338028169023,667.9500000000002,6,46.503639163453066
p_gbdt,<0.3918(q0.4),48,0.8333333333333334,0.12270833333333342,497.43,6,27.42834059885883
p_gbdt,>=0.4564(q0.5),60,0.8166666666666667,0.1163333333333334,469.84000000000003,6,39.008295044558885
p_gbdt,<0.4564(q0.5),59,0.847457627118644,0.1386440677966102,695.5400000000001,6,33.23361607593659
p_gbdt,>=0.5055(q0.6),48,0.8125,0.12041666666666673,400.47999999999996,6,43.52059666447982
p_gbdt,<0.5055(q0.6),71,0.8450704225352113,0.13211267605633814,764.9,6,31.70266378689704
p_gbdt,>=0.553(q0.7),36,0.8055555555555556,0.11638888888888899,264.9,6,47.28608781895231
p_gbdt,<0.553(q0.7),83,0.8433734939759037,0.13216867469879534,900.4799999999999,6,29.700581395348834
p_gbdt,>=0.6454(q0.8),24,0.75,0.06624999999999981,125.73000000000005,5,47.76185314544944
p_gbdt,<0.6454(q0.8),95,0.8526315789473684,0.14284210526315777,1039.65,6,34.86517080704464
p_gbdt,>=0.7293(q0.9),12,0.9166666666666666,0.22333333333333327,222.25,3,83.25759280089989
p_gbdt,<0.7293(q0.9),107,0.822429906542056,0.11663551401869143,943.13,6,32.313751294233775
smc_4h,==bullish,69,0.8260869565217391,0.12115942028985516,515.4399999999999,4,53.74243364892132
smc_4h,==bearish,173,0.8554913294797688,0.14184971098265897,1743.48,7,28.376937451907224
smc_1h,==bullish,81,0.8271604938271605,0.13728395061728393,666.2399999999999,8,25.074583342679613
smc_1h,==bearish,161,0.8571428571428571,0.13527950310559,1592.6799999999998,8,30.572368586282238
choch_1h,==False,194,0.8298969072164949,0.12298969072164945,1614.5,8,31.515687950189232
choch_1h,==True,48,0.9166666666666666,0.18833333333333324,644.42,7,24.873055533166756
choch_4h,==False,219,0.8447488584474886,0.13210045662100456,1936.73,8,24.30945767946207
choch_4h,==True,23,0.8695652173913043,0.17260869565217396,322.19,5,42.68288897855303
supply_pct,>=1.791(q0.1),217,0.8341013824884793,0.12668202764976955,1962.5,8,25.444285643881525
supply_pct,<1.791(q0.1),25,0.96,0.21639999999999993,296.42,5,53.116312799645456
supply_pct,>=2.437(q0.2),193,0.844559585492228,0.13891191709844564,1904.9399999999998,8,23.610477088976133
supply_pct,<2.437(q0.2),49,0.8571428571428571,0.12428571428571411,353.98,6,42.53583161846998
supply_pct,>=2.833(q0.3),169,0.8284023668639053,0.12248520710059174,1482.43,8,25.308096034292426
supply_pct,<2.833(q0.3),73,0.8904109589041096,0.16712328767123275,776.49,7,35.88567215230059
supply_pct,>=3.457(q0.4),145,0.8275862068965517,0.12275862068965515,1303.36,8,20.940639920188126
supply_pct,<3.457(q0.4),97,0.8762886597938144,0.1556701030927834,955.56,8,42.389836962165525
supply_pct,>=4.151(q0.5),121,0.8264462809917356,0.12537190082644623,1111.28,8,23.962616205148528
supply_pct,<4.151(q0.5),121,0.8677685950413223,0.14652892561983466,1147.6399999999999,8,38.6668546496097
supply_pct,>=4.809(q0.6),97,0.8144329896907216,0.11762886597938138,821.01,8,28.426753900549457
supply_pct,<4.809(q0.6),145,0.8689655172413793,0.14820689655172414,1437.9099999999999,8,36.488560458346306
supply_pct,>=5.971(q0.7),73,0.821917808219178,0.12410958904109592,595.4599999999999,7,27.489719034883393
supply_pct,<5.971(q0.7),169,0.8579881656804734,0.14106508875739654,1663.46,8,31.639945123574343
supply_pct,>=6.681(q0.8),49,0.7959183673469388,0.1055102040816327,333.4,6,32.35348407937241
supply_pct,<6.681(q0.8),193,0.8601036269430051,0.14367875647668382,1925.52,8,28.627272979907925
supply_pct,>=7.654(q0.9),25,0.84,0.13839999999999997,239.68,5,34.73381174899867
supply_pct,<7.654(q0.9),217,0.847926267281106,0.13566820276497693,2019.24,8,26.205853046462707
demand_pct,>=1.729(q0.1),162,0.8518518518518519,0.13475308641975314,1335.5699999999997,6,33.50797577079641
demand_pct,<1.729(q0.1),18,0.8333333333333334,0.12722222222222235,196.75,4,26.409148665819565
demand_pct,>=2.527(q0.2),144,0.8541666666666666,0.14166666666666672,1246.46,6,30.801649928263984
demand_pct,<2.527(q0.2),36,0.8333333333333334,0.10333333333333339,285.86,6,51.32358751481627
demand_pct,>=3.291(q0.3),126,0.873015873015873,0.16015873015873006,1228.3300000000002,6,26.109187870707746
demand_pct,<3.291(q0.3),54,0.7962962962962963,0.0729629629629629,303.99,6,49.48282353983477
demand_pct,>=3.73(q0.4),108,0.8796296296296297,0.1675000000000001,1090.67,6,28.15679309907395
demand_pct,<3.73(q0.4),72,0.8055555555555556,0.08374999999999999,441.65,6,45.221839721522386
demand_pct,>=4.415(q0.5),90,0.8666666666666667,0.16055555555555556,843.82,6,28.382855921333906
demand_pct,<4.415(q0.5),90,0.8333333333333334,0.10744444444444445,688.4999999999999,6,42.885291449308234
demand_pct,>=5.149(q0.6),72,0.8472222222222222,0.1609722222222223,681.6500000000001,5,36.096350025212374
demand_pct,<5.149(q0.6),108,0.8518518518518519,0.11601851851851841,850.67,6,33.29837138806606
demand_pct,>=5.425(q0.7),54,0.8703703703703703,0.18111111111111122,578.0699999999999,5,34.82869299096813
demand_pct,<5.425(q0.7),126,0.8412698412698413,0.11380952380952358,954.2500000000001,6,35.97751212430111
demand_pct,>=5.978(q0.8),36,0.8611111111111112,0.17555555555555558,400.0899999999999,5,42.38796270839061
demand_pct,<5.978(q0.8),144,0.8472222222222222,0.12361111111111123,1132.23,6,35.8828020190191
demand_pct,>=6.707(q0.9),18,0.9444444444444444,0.24611111111111117,252.95999999999998,2,61.72122074636306
demand_pct,<6.707(q0.9),162,0.8395061728395061,0.1215432098765431,1279.3600000000001,6,33.949772347415134
in_supply_zone,==False,242,0.8471074380165289,0.1359504132231405,2258.92,8,24.428084901441398
in_demand_zone,==False,242,0.8471074380165289,0.1359504132231405,2258.92,8,24.428084901441398
squeeze_1h,==True,85,0.8117647058823529,0.10858823529411776,709.6999999999999,8,29.087504681063535
squeeze_1h,==False,148,0.8648648648648649,0.1435135135135136,1432.2,8,24.177127985303123
adx_1h,>=15.54(q0.1),209,0.861244019138756,0.13933014354066997,2065.0,8,26.65040345280541
adx_1h,<15.54(q0.1),24,0.7083333333333334,0.05625000000000013,76.90000000000002,4,42.07128446536652
adx_1h,>=18.38(q0.2),186,0.8602150537634409,0.13870967741935492,1821.19,8,26.33980792112014
adx_1h,<18.38(q0.2),47,0.7872340425531915,0.0993617021276596,320.71,6,28.30906426366499
adx_1h,>=20.99(q0.3),163,0.8588957055214724,0.13705521472392646,1546.6399999999999,8,31.931645287780018
adx_1h,<20.99(q0.3),70,0.8142857142857143,0.11614285714285721,595.2600000000001,7,25.102731447909115
adx_1h,>=23.39(q0.4),140,0.8428571428571429,0.127,1242.58,8,36.15982630620535
adx_1h,<23.39(q0.4),93,0.8494623655913979,0.1364516129032256,899.32,7,27.287283725481476
adx_1h,>=26.14(q0.5),117,0.8376068376068376,0.12735042735042734,1043.73,8,37.15896674534793
adx_1h,<26.14(q0.5),116,0.853448275862069,0.13422413793103438,1098.1699999999998,8,29.298742453354215
adx_1h,>=29.54(q0.6),93,0.8494623655913979,0.1325806451612903,898.4899999999999,7,47.92151276029782
adx_1h,<29.54(q0.6),140,0.8428571428571429,0.12957142857142867,1243.41,8,27.053324363873422
adx_1h,>=35(q0.7),70,0.8428571428571429,0.13057142857142856,660.08,7,49.85456308326263
adx_1h,<35(q0.7),163,0.8466257668711656,0.13085889570552156,1481.82,8,31.9270826944073
adx_1h,>=40.21(q0.8),47,0.8297872340425532,0.13404255319148928,451.12,5,68.38831208656416
adx_1h,<40.21(q0.8),186,0.8494623655913979,0.12994623655913984,1690.7799999999997,8,30.51595715761431
adx_1h,>=47.34(q0.9),24,0.8333333333333334,0.14416666666666678,269.65000000000003,3,77.26765987635554
adx_1h,<47.34(q0.9),209,0.84688995215311,0.12923444976076548,1872.25,8,28.76428292185652
rvol_1h,>=0.00164(q0.2),186,0.8333333333333334,0.11967741935483867,1530.21,8,32.41606740400027
rvol_1h,<0.00164(q0.2),47,0.8936170212765957,0.1746808510638298,611.6899999999999,8,36.631854197186655
rvol_1h,>=0.00442(q0.3),163,0.8404907975460123,0.13024539877300612,1407.9,8,30.578404180603997
rvol_1h,<0.00442(q0.3),70,0.8571428571428571,0.13200000000000012,734.0,8,32.88555858310627
rvol_1h,>=0.02398(q0.4),140,0.8357142857142857,0.1260714285714286,1177.51,8,28.771626411781405
rvol_1h,<0.02398(q0.4),93,0.8602150537634409,0.13784946236559115,964.39,8,28.32923665827901
rvol_1h,>=0.0502(q0.5),118,0.8389830508474576,0.13152542372881348,1050.6799999999998,8,28.621859315764436
rvol_1h,<0.0502(q0.5),115,0.8521739130434782,0.1299999999999999,1091.22,8,29.38270926119389
rvol_1h,>=0.1076(q0.6),93,0.8494623655913979,0.1368817204301075,836.9600000000002,8,36.755621167385875
rvol_1h,<0.1076(q0.6),140,0.8428571428571429,0.12671428571428578,1304.94,8,26.04035682056896
rvol_1h,>=0.211(q0.7),71,0.8169014084507042,0.10887323943661975,470.44999999999993,8,26.653141076733572
rvol_1h,<0.211(q0.7),162,0.8580246913580247,0.14037037037037048,1671.45,8,23.94017864936425
rvol_1h,>=0.5286(q0.8),47,0.7446808510638298,0.0514893617021277,82.72999999999999,8,25.03785271851342
rvol_1h,<0.5286(q0.8),186,0.8709677419354839,0.15080645161290318,2059.17,8,28.148720115386293
rvol_1h,>=1.267(q0.9),24,0.75,0.0708333333333333,116.88999999999999,6,25.381766884147417
rvol_1h,<1.267(q0.9),209,0.8564593301435407,0.1376555023923446,2025.01,8,28.02751591350166
pm_drift_5m,>=-0.032(q0.3),24,0.875,0.14416666666666667,225.49,7,35.68940200961621
pm_drift_5m,<-0.032(q0.3),10,1.0,0.2550000000000001,167.99,6,24.941960831001847
pm_drift_5m,>=0.01(q0.4),21,0.9047619047619048,0.16714285714285715,243.67000000000002,7,47.59377308418375
pm_drift_5m,<0.01(q0.4),13,0.9230769230769231,0.1923076923076924,149.81,6,21.38031129573094
pm_drift_5m,>=0.025(q0.5),17,0.8823529411764706,0.15352941176470591,185.29,7,42.36312966348027
pm_drift_5m,<0.025(q0.5),17,0.9411764705882353,0.19999999999999996,208.19,6,26.50943849368365
pm_drift_5m,>=0.04(q0.6),16,0.875,0.15312499999999996,175.76999999999998,7,43.6071439587896
pm_drift_5m,<0.04(q0.6),18,0.9444444444444444,0.19777777777777783,217.71,6,25.52018740526388
pm_drift_5m,>=0.053(q0.7),10,0.9,0.19399999999999995,147.71,6,46.53371320037987
pm_drift_5m,<0.053(q0.7),24,0.9166666666666666,0.1695833333333333,245.77,7,23.903172629204388
hour_utc,>=1(q0.1),218,0.8440366972477065,0.12926605504587163,1997.1999999999998,8,28.051955510461934
hour_utc,<1(q0.1),15,0.8666666666666667,0.1526666666666665,144.7,7,25.543052489138944
hour_utc,>=3.4(q0.2),186,0.8387096774193549,0.12446236559139778,1619.8400000000001,8,30.457306180778847
hour_utc,<3.4(q0.2),47,0.8723404255319149,0.15574468085106385,522.06,8,36.727122835943945
hour_utc,>=5.6(q0.3),163,0.8282208588957055,0.11730061349693255,1331.95,8,26.237389172372588
hour_utc,<5.6(q0.3),70,0.8857142857142857,0.16214285714285714,809.9500000000002,8,25.776899808630166
hour_utc,>=9(q0.4),145,0.8275862068965517,0.1180000000000001,1151.39,8,29.441984348844308
hour_utc,<9(q0.4),88,0.875,0.15181818181818185,990.51,8,25.517105973592503
hour_utc,>=12(q0.5),120,0.8083333333333333,0.09899999999999998,804.31,8,26.10779940806203
hour_utc,<12(q0.5),113,0.8849557522123894,0.16451327433628316,1337.59,8,20.67599189587243
hour_utc,>=13(q0.6),109,0.8073394495412844,0.09880733944954134,712.87,8,25.500587476480398
hour_utc,<13(q0.6),124,0.8790322580645161,0.15887096774193532,1429.03,8,21.096128142866142
hour_utc,>=15(q0.7),75,0.8133333333333334,0.10440000000000005,534.9399999999999,8,25.161173641992384
hour_utc,<15(q0.7),158,0.8607594936708861,0.1432911392405064,1606.96,8,21.955120227012497
hour_utc,>=18(q0.8),50,0.84,0.13419999999999999,458.34999999999997,7,21.87090261420466
hour_utc,<18(q0.8),183,0.8469945355191257,0.12983606557377048,1683.55,8,25.944633317144245
hour_utc,>=19(q0.9),36,0.8611111111111112,0.15722222222222226,408.1600000000001,6,29.79592591223335
hour_utc,<19(q0.9),197,0.8426395939086294,0.1259390862944162,1733.7400000000002,8,26.528322427985824
liq_score,==-2.0,70,0.8428571428571429,0.134857142857143,780.0000000000001,6,35.360256410256405
liq_score,==0.0,37,0.7837837837837838,0.0781081081081082,216.97000000000006,6,39.33341955031685
liq_bias,>=-0.9829(q0.5),59,0.7966101694915254,0.09135593220338978,362.22,6,44.56598911357123
liq_bias,<-0.9829(q0.5),59,0.864406779661017,0.15932203389830535,773.79,6,25.712402589849965
liq_bias,>=-0.5977(q0.6),47,0.8085106382978723,0.10872340425531923,332.78999999999996,6,36.08264438009213
liq_bias,<-0.5977(q0.6),71,0.8450704225352113,0.1363380281690143,803.2200000000001,6,34.33803939144941
liq_bias,>=0.8647(q0.7),36,0.7777777777777778,0.0672222222222223,179.99,6,32.774400578518
liq_bias,<0.8647(q0.7),82,0.8536585365853658,0.1508536585365854,956.02,6,38.833915608460075
liq_bias,>=0.9999(q0.8),24,0.7916666666666666,0.08124999999999993,151.23000000000002,5,40.31857897954046
liq_bias,<0.9999(q0.8),94,0.8404255319148937,0.136595744680851,984.78,6,38.440906237516415
liq_bias,>=1(q0.9),24,0.7916666666666666,0.08124999999999993,151.23000000000002,5,40.31857897954046
liq_bias,<1(q0.9),94,0.8404255319148937,0.136595744680851,984.78,6,38.440906237516415
ls_long_pct,>=68.51(q0.1),106,0.839622641509434,0.1300943396226416,1126.5399999999997,6,40.00635402783374
ls_long_pct,<68.51(q0.1),12,0.75,0.08333333333333337,9.469999999999999,4,48.29436979935881
ls_long_pct,>=69.64(q0.2),94,0.851063829787234,0.13957446808510643,1047.74,6,43.29621119366686
ls_long_pct,<69.64(q0.2),24,0.75,0.06958333333333344,88.27000000000001,5,35.59609673313535
ls_long_pct,>=70.12(q0.3),82,0.8536585365853658,0.14073170731707318,930.99,6,44.53633495031319
ls_long_pct,<70.12(q0.3),36,0.7777777777777778,0.09027777777777779,205.01999999999998,6,37.35400386522141
ls_long_pct,>=71.51(q0.4),71,0.8732394366197183,0.1588732394366198,856.3900000000001,5,50.998429664150756
ls_long_pct,<71.51(q0.4),47,0.7659574468085106,0.07468085106382971,279.62,6,44.09033450019448
ls_long_pct,>=72.03(q0.5),59,0.847457627118644,0.13305084745762696,586.72,4,43.37143273150845
ls_long_pct,<72.03(q0.5),59,0.8135593220338984,0.11762711864406783,549.29,6,29.448440468265435
ls_long_pct,>=72.34(q0.6),47,0.8723404255319149,0.16297872340425523,605.9100000000001,4,48.353639415091926
ls_long_pct,<72.34(q0.6),71,0.8028169014084507,0.10042253521126765,530.1,6,30.39550863080275
ls_long_pct,>=73.42(q0.7),36,0.8611111111111112,0.15111111111111108,415.07,3,56.41274341565321
ls_long_pct,<73.42(q0.7),82,0.8170731707317073,0.11402439024390232,720.9399999999999,6,42.40292556568554
ls_long_pct,>=74.42(q0.8),24,0.8333333333333334,0.125,235.0,3,67.56819114027893
ls_long_pct,<74.42(q0.8),94,0.8297872340425532,0.12542553191489347,901.01,6,34.51183844730832
ls_long_pct,>=75.52(q0.9),12,0.8333333333333334,0.10000000000000009,81.47999999999999,3,53.20005858230815
ls_long_pct,<75.52(q0.9),106,0.8301886792452831,0.1282075471698113,1054.53,6,39.57079018490273
oi_chg_pct,>=-0.147(q0.1),106,0.8490566037735849,0.14584905660377356,1159.7300000000002,6,36.58523966785373
oi_chg_pct,<-0.147(q0.1),12,0.6666666666666666,-0.0558333333333334,-23.72,5,41.3594677216328
oi_chg_pct,>=-0.05704(q0.2),94,0.8723404255319149,0.16638297872340435,1176.1100000000004,6,41.16782414097789
oi_chg_pct,<-0.05704(q0.2),24,0.6666666666666666,-0.03541666666666676,-40.10000000000001,6,50.13111315064901
oi_chg_pct,>=-0.01387(q0.3),82,0.8658536585365854,0.16756097560975614,1035.4,6,42.43963685532162
oi_chg_pct,<-0.01387(q0.3),36,0.75,0.029166666666666563,100.61000000000001,6,27.411475234461363
oi_chg_pct,>=0.00422(q0.4),71,0.8450704225352113,0.15535211267605642,849.2500000000001,6,46.451598384174815
oi_chg_pct,<0.00422(q0.4),47,0.8085106382978723,0.08000000000000007,286.76,6,32.88015537529989
oi_chg_pct,>=0.01905(q0.5),59,0.847457627118644,0.1579661016949152,725.8000000000001,6,43.88676413632842
oi_chg_pct,<0.01905(q0.5),59,0.8135593220338984,0.09271186440677981,410.21000000000004,6,35.2000732953114
oi_chg_pct,>=0.04208(q0.6),47,0.8297872340425532,0.1372340425531915,494.09000000000003,6,40.25296858340515
oi_chg_pct,<0.04208(q0.6),71,0.8309859154929577,0.11746478873239452,641.9200000000001,6,32.670485394722554
oi_chg_pct,>=0.07125(q0.7),36,0.8055555555555556,0.12222222222222223,336.0799999999999,5,34.14822892117204
oi_chg_pct,<0.07125(q0.7),82,0.8414634146341463,0.12670731707317073,799.9300000000001,6,37.174708319388834
oi_chg_pct,>=0.1333(q0.8),24,0.7916666666666666,0.11749999999999994,159.85000000000002,5,51.387142513175846
oi_chg_pct,<0.1333(q0.8),94,0.8404255319148937,0.12734042553191494,976.16,6,31.09152633395988
oi_chg_pct,>=0.2083(q0.9),12,0.75,0.07583333333333331,-9.77000000000001,4,52.56794406770751
oi_chg_pct,<0.2083(q0.9),106,0.839622641509434,0.13094339622641493,1145.7800000000002,6,41.307180916874245
ob_imbalance,>=-0.5656(q0.5),60,0.8166666666666667,0.10816666666666686,585.04,6,29.930501283912026
ob_imbalance,<-0.5656(q0.5),59,0.847457627118644,0.14694915254237284,580.34,6,41.4223759332455
ob_imbalance,>=-0.3102(q0.6),48,0.7916666666666666,0.09999999999999987,455.54999999999995,6,28.909455204656048
ob_imbalance,<-0.3102(q0.6),71,0.8591549295774648,0.14591549295774653,709.83,6,45.14001460161113
ob_imbalance,>=-0.1802(q0.7),36,0.7777777777777778,0.08833333333333337,330.27,6,34.79274532957882
ob_imbalance,<-0.1802(q0.7),83,0.8554216867469879,0.14433734939759035,835.11,6,42.56258933099728
ob_imbalance,>=-0.06928(q0.8),24,0.7916666666666666,0.09750000000000014,265.21999999999997,5,43.326295151195225
ob_imbalance,<-0.06928(q0.8),95,0.8421052631578947,0.13494736842105248,900.16,6,44.03615393576949
ob_imbalance,>=0.1155(q0.9),12,0.6666666666666666,-0.0641666666666667,-12.269999999999989,3,44.661776691116536
ob_imbalance,<0.1155(q0.9),107,0.8504672897196262,0.1488785046728971,1177.65,6,41.49407273457906
ob_path_ask_usd,>=6.58e+05(q0.1),107,0.8317757009345794,0.11971962616822418,963.43,6,45.98895177810355
ob_path_ask_usd,<6.58e+05(q0.1),12,0.8333333333333334,0.19583333333333341,201.95,4,58.39820556801689
ob_path_ask_usd,>=9.309e+05(q0.2),95,0.8631578947368421,0.14463157894736822,1020.63,6,43.9888117057109
ob_path_ask_usd,<9.309e+05(q0.2),24,0.7083333333333334,0.0591666666666667,144.75,6,36.442879154743565
ob_path_ask_usd,>=1.285e+06(q0.3),83,0.8795180722891566,0.1614457831325301,938.5899999999999,6,46.992124726760956
ob_path_ask_usd,<1.285e+06(q0.3),36,0.7222222222222222,0.04888888888888887,226.79,6,34.7431406142123
ob_path_ask_usd,>=1.623e+06(q0.4),71,0.8732394366197183,0.15690140845070422,758.61,6,42.069131639166564
ob_path_ask_usd,<1.623e+06(q0.4),48,0.7708333333333334,0.08374999999999999,406.77,6,25.728764236616332
ob_path_ask_usd,>=2.439e+06(q0.5),60,0.85,0.14766666666666672,586.74,6,46.76547140727264
ob_path_ask_usd,<2.439e+06(q0.5),59,0.8135593220338984,0.10677966101694936,578.64,6,26.35503551534086
ob_path_ask_usd,>=3.529e+06(q0.6),48,0.8333333333333334,0.14520833333333338,456.11,6,42.541386044644
ob_path_ask_usd,<3.529e+06(q0.6),71,0.8309859154929577,0.11535211267605638,709.27,6,34.99833170623201
ob_path_ask_usd,>=4.636e+06(q0.7),36,0.8055555555555556,0.10972222222222228,213.76000000000005,5,40.02711496746204
ob_path_ask_usd,<4.636e+06(q0.7),83,0.8433734939759037,0.1350602409638556,951.62,6,36.20730294042545
ob_path_ask_usd,>=5.267e+06(q0.8),24,0.7916666666666666,0.09041666666666659,137.19,5,35.99523241954708
ob_path_ask_usd,<5.267e+06(q0.8),95,0.8421052631578947,0.13673684210526305,1028.19,6,37.91000331859399
ob_path_ask_usd,>=6.43e+06(q0.9),12,0.9166666666666666,0.22249999999999992,198.51,4,48.06874141569797
ob_path_ask_usd,<6.43e+06(q0.9),107,0.822429906542056,0.11672897196261678,966.87,6,35.3831113979556
ob_path_bid_usd,==0.0,119,0.8319327731092437,0.12739495798319322,1165.38,6,41.907336158054505
ob_ask_frac,>=0.0007406(q0.1),107,0.8130841121495327,0.10607476635514002,895.1300000000001,6,36.31684568433968
ob_ask_frac,<0.0007406(q0.1),12,1.0,0.3174999999999999,270.25,3,61.80203515263645
ob_ask_frac,>=0.001773(q0.2),95,0.8421052631578947,0.1251578947368419,998.1999999999999,6,29.95883949223232
ob_ask_frac,<0.001773(q0.2),24,0.7916666666666666,0.13624999999999998,167.17999999999998,5,39.193939901230436
ob_ask_frac,>=0.002783(q0.3),83,0.8313253012048193,0.11493975903614462,813.2,6,35.13699980287798
ob_ask_frac,<0.002783(q0.3),36,0.8333333333333334,0.1561111111111112,352.18000000000006,6,44.02198396251914
ob_ask_frac,>=0.003784(q0.4),71,0.8169014084507042,0.10661971830985917,604.9,6,40.76332874286838
ob_ask_frac,<0.003784(q0.4),48,0.8541666666666666,0.15812499999999985,560.48,6,40.36004852983157
ob_ask_frac,>=0.004343(q0.5),60,0.8166666666666667,0.11133333333333328,485.8599999999998,6,33.35912742280197
ob_ask_frac,<0.004343(q0.5),59,0.847457627118644,0.1437288135593221,679.52,6,36.01071344478456
ob_ask_frac,>=0.005734(q0.6),48,0.7916666666666666,0.08562499999999995,311.01,6,35.2822909308265
ob_ask_frac,<0.005734(q0.6),71,0.8591549295774648,0.15563380281690153,854.37,6,37.63006659878039
ob_ask_frac,>=0.006943(q0.7),36,0.8333333333333334,0.13250000000000006,359.4,5,37.165931027792595
ob_ask_frac,<0.006943(q0.7),83,0.8313253012048193,0.12518072289156623,805.9799999999999,6,44.29261627055781
ob_ask_frac,>=0.009023(q0.8),24,0.7916666666666666,0.1004166666666666,190.01999999999995,4,44.81691368788143
ob_ask_frac,<0.009023(q0.8),95,0.8421052631578947,0.13421052631578922,975.36,6,44.80882183577105
ob_ask_frac,>=0.01252(q0.9),12,0.8333333333333334,0.11333333333333329,103.28,3,55.67389620449264
ob_ask_frac,<0.01252(q0.9),107,0.8317757009345794,0.12897196261682242,1062.1000000000001,6,42.79347922388588
ob_bid_wall_pct,>=-0.05504(q0.1),107,0.8130841121495327,0.10757009345794377,894.4300000000001,6,37.29816426084282
ob_bid_wall_pct,<-0.05504(q0.1),12,1.0,0.3041666666666666,270.95000000000005,4,63.58368702712678
ob_bid_wall_pct,>=-0.04412(q0.2),95,0.8,0.09357894736842098,719.72,6,39.484347993086224
ob_bid_wall_pct,<-0.04412(q0.2),24,0.9583333333333334,0.2612500000000002,445.66,4,40.09110083920477
ob_bid_wall_pct,>=-0.03757(q0.3),83,0.7831325301204819,0.07939759036144578,539.22,6,40.152531758811946
ob_bid_wall_pct,<-0.03757(q0.3),36,0.9444444444444444,0.2380555555555557,626.1599999999999,5,28.534240449725313
ob_bid_wall_pct,>=-0.02829(q0.4),71,0.7605633802816901,0.062253521126760636,391.47,6,44.53696566886949
ob_bid_wall_pct,<-0.02829(q0.4),48,0.9375,0.22375,773.91,5,30.79298626455273
ob_bid_wall_pct,>=-0.02136(q0.5),60,0.7833333333333333,0.08533333333333326,448.05999999999995,6,45.01737967914438
ob_bid_wall_pct,<-0.02136(q0.5),59,0.8813559322033898,0.1701694915254237,717.3199999999999,6,30.866813281124283
ob_bid_wall_pct,>=-0.01502(q0.6),48,0.7708333333333334,0.07729166666666676,333.15000000000003,6,35.961424853507054
ob_bid_wall_pct,<-0.01502(q0.6),71,0.8732394366197183,0.1612676056338027,832.2299999999998,6,33.819411361444516
ob_bid_wall_pct,>=-0.007584(q0.7),36,0.75,0.06499999999999995,181.94,6,33.995746865146295
ob_bid_wall_pct,<-0.007584(q0.7),83,0.8674698795180723,0.15445783132530133,983.44,6,38.341942568941676
ob_bid_wall_pct,>=-0.006944(q0.8),24,0.7083333333333334,0.03125,24.629999999999995,5,41.945105600915916
ob_bid_wall_pct,<-0.006944(q0.8),95,0.8631578947368421,0.15168421052631564,1140.75,6,31.23120884581936
ob_bid_wall_pct,>=-0.006022(q0.9),12,0.6666666666666666,-0.020000000000000018,-8.909999999999997,3,52.331362185357676
ob_bid_wall_pct,<-0.006022(q0.9),107,0.8504672897196262,0.14392523364485976,1174.29,6,37.41266349152624
ob_ask_wall_pct,>=0.004486(q0.1),107,0.8317757009345794,0.12953271028037383,1089.23,6,42.29428203109453
ob_ask_wall_pct,<0.004486(q0.1),12,0.8333333333333334,0.10833333333333339,76.15,3,47.550886408404466
ob_ask_wall_pct,>=0.004916(q0.2),95,0.8210526315789474,0.11852631578947359,899.2500000000001,6,44.8860526832089
ob_ask_wall_pct,<0.004916(q0.2),24,0.875,0.16249999999999998,266.13,3,49.64115282005036
ob_ask_wall_pct,>=0.005816(q0.3),83,0.8192771084337349,0.11216867469879521,732.3000000000001,6,38.21261013845978
ob_ask_wall_pct,<0.005816(q0.3),36,0.8611111111111112,0.1625000000000001,433.08000000000004,3,60.57541331855546
ob_ask_wall_pct,>=0.00639(q0.4),71,0.8169014084507042,0.11352112676056358,660.34,6,41.64151931565953
ob_ask_wall_pct,<0.00639(q0.4),48,0.8541666666666666,0.14791666666666647,505.03999999999996,3,66.19277680975765
ob_ask_wall_pct,>=0.00735(q0.5),60,0.8333333333333334,0.12383333333333346,606.59,6,37.58596238477382
ob_ask_wall_pct,<0.00735(q0.5),59,0.8305084745762712,0.13101694915254236,558.79,5,51.726139966951
ob_ask_wall_pct,>=0.01169(q0.6),48,0.875,0.1652083333333335,702.38,5,42.9571123517456
ob_ask_wall_pct,<0.01169(q0.6),71,0.8028169014084507,0.101830985915493,463.0,5,50.531016171856145
ob_ask_wall_pct,>=0.01864(q0.7),36,0.8611111111111112,0.14749999999999996,488.62,5,50.270148581719944
ob_ask_wall_pct,<0.01864(q0.7),83,0.8192771084337349,0.11867469879518078,676.76,6,45.10125430869399
ob_ask_wall_pct,>=0.01942(q0.8),24,0.7916666666666666,0.1004166666666666,264.49,4,51.3977061485041
ob_ask_wall_pct,<0.01942(q0.8),95,0.8421052631578947,0.13421052631578922,900.89,6,41.24797155526156
ob_ask_wall_pct,>=0.01995(q0.9),13,0.7692307692307693,0.09076923076923082,133.78,4,41.62644074475421
ob_ask_wall_pct,<0.01995(q0.9),106,0.839622641509434,0.13188679245283008,1031.6,6,39.3735203059552
